"transect","year","Acartia","Acartia longiremis","Aetideidae","Amphipoda","Ascidiacea","Bivalvia","Bryozoa","Calanus finmarchicus","Calanus glacialis","Calanus hyperboreus","Calocalanus pavo","Centropages","Centropages hamatus","Centropages typicus","Chaetognatha","Cirripedia","Cladocera","Clausocalanus","Cnidaria","Ctenophora","Decapoda","Echinodermata","Euchaeta","Euphausiacea","Foraminifera","Gastropoda","Heterorhabdus","Ichthyoplankton","Isopoda","Larvacea","Mecynocera clausi","Metridia","Metridia longa","Metridia lucens","Microcalanus","Microsetella","Mysidacea","Nannocalanus minor","Oithona","Oithona atlantica","Oithona similis","Oncaea","Ostracoda","Paracalanus","Paraeuchaeta norvegica","Pleuromamma","Pleuromamma borealis","Pleuromamma robusta","Polychaeta","Pseudocalanus","Scolecithricella minor","Spinocalanus","Temora","Thaliacea","Triconia borealis","Triconia conifera"
"BBL",1999,-0.00362028214019331,0.237985738250239,0.021309788858861,1.26188443910564,0.00156285390079027,2.55991170689168,-0.0199162459987864,3.88362753195707,1.38029318481183,1.11441654799136,0.488715155429902,1.03591616131494,-0.000179104641936891,1.94253848750007,1.74728913839735,0.00160096910695713,-0.0136120656138804,2.85367597935283,0.0464107303679716,-0.00915704391676157,0.828054559275843,1.39763044889872,0.0246318656918193,2.45820425797663,0.0213520937792514,3.16981960764474,0.100142395006351,0.657878207186124,-0.0013551580397864,2.42261952606785,1.01568356496429,0.0123978336301789,2.73256786170387,4.25889099224378,3.24127086740107,0.389747023812666,0.301803478809455,0.0115193863461994,0.74863283070516,3.44266586901285,4.94289254503839,0.845080261691276,1.2298605112208,2.71243592400037,0.788896868639756,0.609970172488389,0.879802511649187,0.271229832659309,2.20468689934036,3.42785006368268,0.104190440316673,0.282978324948493,2.02190076045604,0.600570228578878,0.281799176334592,0.837269071678777
"BBL",2000,-0.0114933691491584,-0.00478453461368444,-0.00662757069979287,0.558028988798918,0.692306540019795,0.922155065649608,-0.00504971805307234,3.85451516397617,1.19685310416614,1.05620499992132,0.599926147566172,1.63434294924229,0.00745974702816877,2.7373902628056,1.57933250779414,0.394996096985692,0.332756077273453,2.84532701865162,0.156143914848854,0.381325192249446,0.294277126029452,1.38062404992596,-0.0107332967298888,2.44024980335575,-0.0455329441079433,3.72448601396367,0.675216971119836,0.138033125799819,0.00259439588307161,2.50463392402562,1.23492303945392,0.0119473425800323,2.73242273604678,4.10077135312374,3.41082479395757,0.215604824840169,0.293931879622081,0.614784402182588,0.00498472691209964,3.64707789446171,5.06227661849765,0.974412167698492,0.680200460340009,3.4459510363122,0.816155378720033,1.20874093858692,0.480469768150819,0.414176011875132,0.310987877042328,3.64376083669862,0.885691521266758,0.220532270796614,2.2074290613226,0.206343449373548,0.688423531210828,0.188275673561378
"BBL",2001,0.00655724079211486,-0.00164083297367576,0.00853382917588017,1.65524635266115,-0.00141939803963207,1.93526621290873,0.733204017272027,4.22742352217975,1.32994404275337,2.57432997533845,0.274280900203289,0.209234612732065,-0.00655016279637961,3.04235993343202,1.29805581752619,0.572084158358999,0.214420048624157,1.83178638826498,0.300048174121132,-0.00349713853304608,0.10021865105898,1.53645368392212,0.0226448803821977,2.36156684238171,0.0311211845977167,2.53679449260908,0.548262171771891,0.556885420069874,0.000900825830072475,3.37626823710814,0.642936969275069,-0.0120473897616284,1.26824919283346,3.71750270903646,3.19077119665406,0.194311125088592,0.264888005363355,0.0657390576559652,0.212531695910275,2.55090862429405,4.83008151133316,1.03927105092513,1.15755384841617,1.67566532601266,1.05179007513152,0.761020385437001,0.706787468870193,0.0685087375836539,1.99661628093058,3.81928412491621,1.56025378480537,0.843557837929309,2.16887840615623,0.0822911441138385,1.22147917445802,0.266893578099844
"BBL",2002,-0.0661538990600082,-0.0184499764526311,0.0830437379393811,0.437275881999128,0.0193846376127533,0.730852940254711,-0.229175610235298,4.16676638646848,0.843778213756305,2.06739214909903,0.427826198315421,1.45156198384723,0.0414118780038872,1.65890991210499,0.948887587748169,0.947589789571346,-0.153811103221712,3.50133001634625,0.0653805347506514,-0.0367893849941514,0.171933227386678,0.475026316977926,0.535190653861839,3.06021803432405,-0.0634990903200317,0.685503098578346,0.46703882951478,0.829265445029968,-0.0146638951540817,3.09768420051105,2.70340679353232,0.158893952046625,0.761588691964263,3.81383267244641,3.98363863320488,0.0288594060077512,0.13956901453456,0.869737268192256,0.382728960559762,2.38992686173052,4.7768131767018,1.01161065823417,1.41452070514211,3.00023686522281,0.0704605983373111,1.23509987218678,-0.286626975980872,0.304379281490472,0.664788490197526,3.33974387918268,0.577444578597955,0.420507401840959,1.93964409994268,-0.30536944744089,0.249346482824052,0.153841559963696
"BBL",2003,2.2291196666302e-15,-1.748113372807e-15,0.456534368170338,0.994468507788425,4.45607092891542e-16,0.255482931804475,0.253000841218597,4.33278231682288,1.70640830497374,2.38156535390716,0.245295852156515,1.24518014756735,1.75944328550948e-15,1.68048835011982,1.36774519177498,1.12687129504006,9.85322934354826e-16,2.33076082956269,0.426954903470266,0.108289925930419,0.191418629098428,4.19803081186387e-16,1.32706345912226e-16,3.44724410322082,7.89993070959838e-15,1.79297470548097,0.478022317013844,0.183506196507302,4.48859699408999e-17,3.49971082747634,1.48189958329501,1.75564857790578e-15,2.03815971530765,2.77253230619985,3.43784855675869,-3.29585263161153e-15,0.317310600470534,0.245295852156517,0.456534368118727,2.43165638356339,4.73539040810105,1.30077307530888,1.25116755953039,2.92016039370438,0.719664348416942,0.999102837503576,0.968550848671128,0.211238586155677,1.07363943179996,3.51189435701872,1.14786302978939,0.983279117879543,0.676289725585328,0.0530361285807996,5.3776427755281e-17,0.464231215171121
"BBL",2004,6.13224748757801e-16,8.37546178245052e-17,-6.94919382454584e-16,0.73981926247649,9.06609856632379e-16,0.54787978656788,0.168338051343737,3.62460080026718,1.37767819656255,2.38070920277027,-7.28583859910259e-17,1.36692817370599,1.66072667770467e-16,0.801250503664552,1.85225707748611,0.546162238944982,0.189771007920855,1.85676674264644,0.432408551930558,0.163114699121706,0.280006651871425,0.54787933279243,-3.21791204793698e-16,2.70037136148463,-3.45903861109775e-15,1.92072933673643,0.372687333642008,0.346836370049136,9.08561420542853e-17,2.29069983068304,0.168337009794431,0.18977100792085,2.17898603086655,2.85187633783149,2.87804070608443,0.168338051343738,0.14276499674347,-1.79196935068404e-15,0.295213349457661,2.13080434940033,4.10383409567709,1.0466392983431,0.752305291138632,1.85384776386909,0.6677673222359,0.588060223903884,0.483674316132881,0.211238586155676,0.60334640496783,2.81900653720049,0.977822813663422,0.854354846681111,2.06643015727487,-1.14838694109665e-15,3.21791204793698e-15,0.394104228509281
"BBL",2005,0.239642872010995,1.11510193440134e-16,0.189770717651056,0.234711656352678,-4.11996825544492e-18,0.26113769487862,0.805722190880192,3.8932330156369,1.10485406186903,1.86736758116327,0.479328518166929,1.97431137267112,0.211238656297688,0.435044366706937,1.0338615311649,0.855786906240362,-1.49706635976798e-15,2.87345138345477,0.146813521517592,0.0636849349024784,0.161325893865865,0.189770717651065,-1.02955838299224e-15,2.55419241235929,2.21350715534641e-15,0.857563720430198,0.189770647586341,0.243571206842663,-2.7972416050126e-17,2.51515647274822,1.31305429201768,0.279368876600042,2.04976853088138,2.66010113389776,3.26427916882003,0.211239132047698,0.0897288454732393,0.388745628083304,1.90552656644112,1.75636456390719,4.42447138527121,0.791069942718408,1.11872238779034,2.10694107123326,0.871727016619571,0.780197087544322,0.99993028256203,0.250076134800095,1.13449683973408,3.21069546904058,0.443962268858774,0.443962198716763,2.14100488111629,1.96023752785379e-15,1.71911096469302e-15,0.430982766691926
"BBL",2006,0.646283878192827,-5.82379196950589e-16,0.429474424736705,0.541022264409111,-2.45463371850718e-16,0.715569187682908,0.590780145419269,4.19935249458003,1.4170826068772,1.97271945313088,0.590780186491668,1.67759642137448,-9.07558533533304e-16,0.930439090791596,2.0141917727606,1.10651454202079,0.198268557251289,2.71618009327494,0.422094084630644,0.169001934302646,0.089728845473238,0.943480188730351,0.168336800062061,3.19725497896605,-6.4774574592974e-15,1.6410812253182,0.851907239719176,0.362193932979032,-3.14418630020796e-17,1.87468247427743,1.65671361706536,3.06883424922022e-15,2.65185081855768,3.54916518108633,2.95597459993471,0.16833681912858,0.05303615127023,0.401060431689666,3.19221459935183,1.96026686474977,4.38203224667036,1.10499337670548,1.39898970280316,2.2491795192851,1.13686833902926,1.44507743557511,1.22993274013131,0.633732846303107,1.57302586801284,2.74325168489655,1.11460194400428,0.232723612561089,1.57498923157687,0.211238586155674,-7.77329589585207e-15,1.47670654400607
"BBL",2007,0.569403380050673,0.155827017008342,0.211238665898888,0.647698428934875,-6.91720986045752e-17,0.18977114102421,0.143351171376483,3.80935164166132,1.91370780616102,2.61050658905942,0.37607478393757,2.33261948569299,-1.12759736443924e-15,0.134528560223856,1.61910465642906,1.28866384607841,0.155827017008341,2.05028861124323,0.208666962502542,0.190678682634035,0.275914274305551,0.401009746309507,1.14784383614617,3.27399510869762,-6.02989880249538e-15,2.33424566997261,0.35458975753216,0.674665356929746,0.0366926942030095,2.14086561118859,1.16097216479264,1.67585129801084e-15,1.76408960200308,3.1345910869958,3.47888655970392,5.34416803345261e-16,0.353832429144621,0.945269425648358,3.06002893047081,2.47973746348687,4.06151355556637,1.46635512129675,1.31422746313137,1.62837326318919,0.40100923374202,0.789497310789527,0.489342251998319,0.379695315572065,1.04747291265323,3.38181366707855,1.45146565418871,0.290322874387462,0.211238850537941,9.61036805691151e-16,3.3133218391157e-16,0.624837720422395
"BBL",2008,-1.29713947916166e-15,-7.76668226259991e-16,0.211238605285301,0.86302273998746,0.189771275025462,0.422477382737864,-1.23859256184744e-15,4.14500974225452,0.902113954678135,2.06274872878222,0.422477756121913,3.07045261062579,-6.38784814974147e-16,1.64595503636473,1.66192137238902,0.873428675015961,0.521010906505473,2.64168673947526,0.379854305265483,0.615012484561591,0.316192339069675,0.802111221145673,1.13322936293186,3.14711826310163,-6.35602681597902e-15,1.83424694360871,0.633715758467031,0.672661254796822,-1.95156391047391e-18,2.90203430546851,0.84495494756289,2.88072517229399e-16,2.52774586641132,3.32825274974144,3.56340234136904,0.823488086369964,0.33106045000087,-2.65759636519647e-15,3.33457223219495,3.05598829271881,4.35005923975261,1.05372191530874,0.839442821541228,2.40606543526403,0.211238586155677,1.01273192379415,0.655200995298949,0.211238586155677,1.71169135057233,3.69952035975738,0.943568310173895,0.211238586155677,0.845088725516628,-3.36883299034696e-15,-7.23379689482329e-16,0.844954363752334
"BBL",2009,-5.35162192338845e-16,-6.37890348181847e-16,0.211238586155678,1.00252695321359,0.232723933916229,0.921982415180204,8.15320033709099e-16,4.24693975958545,1.41055511291477,2.35083121612477,0.866439494131523,2.89444140275535,-3.4274341177698e-16,1.16187127398542,1.54777037045407,0.506434426886375,1.28716481917479e-15,2.41157906093965,0.238920656977146,0.390153816016843,0.214965910674313,0.443962915634698,0.621189088248185,2.43886429149699,1.31838984174237e-15,2.02432369592475,0.211238586155677,0.584646382632836,1.21647483752874e-16,2.34913106302861,0.977544041090342,0.823498142790238,2.89824636278006,3.04882987161381,3.45450150437094,0.422477528133564,0.405377783684671,0.401009363762735,3.12091408929836,2.69258805776641,4.40006356526225,0.555795098774005,1.11505041395356,1.34163048923681,0.232723647224538,1.13324697196268,0.909446514832311,0.177226854867966,1.06675077612129,3.13639366912282,1.73104369924754,1.25116930704827e-16,1.50409239521698,0.211238586155675,1.10921565066439,0.422477172311352
"BBL",2010,0.0661538990600115,0.0184499764526312,-0.0830437379393828,0.388022323423766,-0.0193846376127517,0.0282974812022579,0.229175610235303,3.67770624271027,0.809813923086724,1.4496087724586,0.854217730294364,0.984389368960118,-0.0414118780038872,0.912195676120655,1.62691340295543,1.32932431806013,0.153811103221718,2.32299955183089,0.604125036814204,0.541621428439212,0.0402113776942422,1.6366570221455,0.789103016261749,3.40220764509722,0.0634990903200413,1.86642444955352,0.842535962681233,0.852534579752254,0.014663895154082,2.68041043122638,1.12001768686535,-0.158893952046614,3.57267118322652,2.7388514232092,2.70089811901914,-0.0288594060077514,1.28184978436305,0.352427863513472,3.53296620912115,3.72418871689267,4.15410397448468,0.95804917778687,0.985001491397799,1.8017724280287,0.326074500103728,0.704260596092437,1.97574390511069,0.540609238804385,0.929913166117373,2.10680431225334,0.265111977165432,0.424481118453898,1.39209232609419,0.305369447440893,-0.249346482824042,-0.153841559963702
"BBL",2011,-0.018393942111288,0.18659173604801,0.00603111107436295,0.56772160677238,0.00206237647805828,0.142148008513748,0.155775377453118,3.67875171275311,0.641878771614269,2.24592477076624,0.622413089903895,2.06362014213204,0.00803114756403514,1.0071178695568,1.42886003444386,0.978191055987112,0.373175308940304,2.40917701169728,0.531345091822947,0.588722196956917,0.130441294445184,0.349648671508974,-0.00776545704650261,2.63316974316635,0.326371885816368,1.83095326984383,0.475399499196182,0.294261997298017,-0.001041700351204,2.73789024733526,0.811720881506611,1.83724389180426,1.60410497412086,2.52485377279253,2.92403722514683,0.249233163992518,0.0478891728370215,0.574182047444517,3.29854696578521,2.90629505863539,4.21660641230461,-0.0989264990369929,0.903780853072422,1.49937006037811,0.451230754923374,0.82672977567276,0.453145757967185,0.131375553643311,1.32503163533371,2.54775384735968,0.717049724618018,-0.0516158341042755,1.37951419831578,-0.0457541472953894,0.64067835529839,0.00311692898000317
"BBL",2012,0.399293968772444,-0.0184499764526314,0.487384245648726,1.28947209266718,0.0193846376127522,1.86676071803157,0.176098651760202,3.50264325298368,0.843778213756304,1.65688571489515,2.75813054410226,3.12816059742253,0.0414118780038855,1.24357834720235,2.76193574369398,0.947589789571341,-0.153811103221715,3.41491267631334,0.572905080247284,-0.0367893849941534,0.17193150196852,0.897504018053798,0.0129154045125497,2.90890465648696,3.30532285414426,3.54823989558402,0.38123525732755,0.385490182370792,0.364877928200419,2.53377644128781,1.89717328697706,0.563234459755957,1.53711508225699,2.46579695217345,3.00915675628703,0.36553300613187,0.51015104852982,2.78356384305209,3.72778421114589,3.07423624022647,4.85512940913317,0.560554368931806,0.417848891270577,2.42560647294429,0.407134198461429,0.931876404819133,0.117713531728465,0.286542303406568,1.95723323600433,2.05778678312082,0.114429318007253,-0.0449398232812123,1.50476488108024,-0.231985520107624,0.249346482824044,0.490515160087816
"BBL",2013,0.168336617613109,4.44577100827681e-16,0.433242363735513,0.529953157295736,4.48859699408999e-17,1.20678559308254,1.22882440303008,4.06500691923636,0.798099725996225,1.43310054107929,0.58217803923394,2.68775183866328,-1.06848124098446e-15,1.51596604962065,2.40208614893517,0.976500648993367,0.254217687885997,2.60285767463104,0.480737291920658,0.226798912146597,0.22501026322312,1.72351105281129,-6.44449771325384e-16,1.90283681030443,0.953486308445463,2.83477585522377,0.447767151542517,0.319664743404439,-7.22078646875346e-17,2.24111848129546,1.12123977092625,2.50202221015735,0.991257634448496,3.64525550421962,3.48390534171619,5.89927954576519e-16,0.321038610931529,-2.87443679969357e-15,3.2783878280802,3.17176069505227,4.71811305286986,0.667458091576624,0.783644750209418,1.48699667655615,0.38335208247412,0.92089217611232,0.409738304695757,0.370973695018929,0.936934327781139,3.34496909372113,0.974154165735826,6.80228443017405e-16,0.689623118277641,1.0227644071137,0.413875745458603,1.01654795692241e-15
"BBL",2014,0.0133908433939065,0.00160247597066221,0.272270227319707,1.07002705268014,-0.0104650137992756,0.978744815941896,0.507436141826763,3.69050192480912,0.609316922315507,1.31081299472866,0.904762566607532,1.9663592395056,-0.00693186201623964,1.27202844669386,1.32695853938813,0.86736877879394,0.269394438346085,2.81919760925151,0.090318013151995,0.228535684679433,0.206562575386331,0.149310033943799,0.0477576269641852,2.65869749403775,1.82218324335607,2.30167908805078,0.389675445050592,0.256259856378224,0.204823163194206,2.95657708829607,1.5387779980964,2.29793404326052,1.61480193602781,3.28342635252345,2.8245631117132,0.225489885597899,0.0587080206222842,0.318222675357376,2.57570954119931,3.65379081590902,4.40408164888627,1.39605641090107,1.27355665201564,2.13340443868388,0.402420087590221,1.46180228062434,1.07942445540552,0.121261636376491,1.06721292017333,3.23340823766225,0.392050904928967,0.115792785404958,1.01754140873527,1.10255628238069,0.252402060869802,0.0401080354113342
"BBL",2015,0.468466080928595,0.232743524875957,2.76525764092428e-16,0.819828932916107,0.229208199255012,0.202635218769001,0.2112354171779,3.58414771612533,1.20076460650625,2.02619477510785,0.90923483798272,3.44272055394066,-6.25801493958633e-16,1.04987833106732,1.52748906827892,1.36302659415245,0.560331888397781,2.634852086284,0.226444082677899,0.330597759734862,0.31272641327052,1.41810107038901,-2.04610633991464e-15,2.17554476281936,1.91294497116431,2.66245982626258,0.180713080328554,0.236512905020832,-5.42101086242752e-17,3.35894448435423,1.04417284415363,1.16760714337228,2.36986487501228,2.976868865842,3.05618253873094,1.45838744726456e-16,0.181124791140355,1.20032518319708,2.98268431432514,3.38296761027241,4.74807920937858,1.07016862856572,1.02809951389016,2.18068097034187,0.22920984095844,0.983230253698854,1.15333935200459,0.180713080328554,0.925429841733263,3.06172581870802,0.229208199255011,0.229208199255013,2.09357111772418,0.486655497550813,0.949369110916148,-8.70831184940357e-16
"BBL",2016,0.00961787623785349,-0.00375982166421673,0.316941977743339,2.20024264072716,-0.00989338201131923,1.08682409004345,0.308965239261333,3.48909423403747,0.442864808633848,1.37787293009852,0.392477632053149,3.25551744796625,0.00052277447246163,2.38199925521287,2.09449743369164,0.813772626819737,0.304732210697387,3.41962585475562,0.455992513312805,0.0370054716874512,0.187931652276632,1.94845176304041,0.0334591061706171,2.86683273072829,2.18844267175575,3.48178432177929,0.661209755075641,0.266941923110332,-0.00285799324016303,2.35322345125944,1.28998992337397,2.63083189335111,2.74185701498221,3.25830716660556,2.48968818643781,-0.0215159843939352,0.188232566859274,1.02665794995071,2.88843442854582,3.42234556929396,4.48980390246879,1.22322984263716,0.21746011539163,2.75021617912207,0.140275115165005,1.11297865736656,1.04660529479906,0.0930263652326058,1.16407036045182,1.89732855224131,0.140769755943536,0.0950183538131585,2.01953658713266,1.52803773845699,0.286787417504373,0.0400232159939981
"BBL",2017,0.00252922068224908,-0.00682654821767797,0.00244542106907427,1.16096505964044,-0.000141600920702524,1.58651312460111,0.221197485662514,3.26264994758804,1.16461849933593,1.91190186184039,0.72327703697703,3.59074109848666,0.000315062253241399,1.44964266496171,2.08669402788355,1.97816301171282,0.00694041932896519,2.84866260951092,0.340664756645283,0.0519777254203919,0.143858153315803,0.968995053079938,0.00744517410625871,2.23876514700911,1.56433800323783,1.64806574323513,0.267440589508154,1.14862655351583,-0.00239977728046691,2.40679776999881,1.37395802416847,2.31492885870656,1.29484271799611,3.43554245860143,2.00037054100243,-0.00966235830711789,0.0464568788195958,0.979342145242769,2.8614303272645,3.28778188077257,4.61433926527035,1.22126971891557,0.075952401825847,1.87360662856216,0.0424432747029923,1.20858278422661,0.328827870480295,0.0382303308023553,2.12051295128899,2.57391119202354,0.0671972172582937,0.0388980178942622,1.60357073676759,0.0626737405042283,1.36568087200292,0.0392696050096976
"BBL",2018,0.65671664933973,-6.37890348181847e-16,6.89389951374908e-16,1.54359170782412,0.224100742997345,0.601921975507669,0.189764519982771,3.64672378466947,0.327265728519733,1.25770524041252,1.0654664261016,2.97329154669528,0.439278211229828,2.35959832477255,1.88085296744615,1.13296908243872,0.580004796904791,2.19949595395453,0.963338310594964,0.0637064783283887,0.226458861361818,0.924512753543384,1.32706345912226e-16,2.04101632868989,2.21103683708405,2.62780223215983,0.189768755899123,0.39408866632427,-2.30284541435921e-16,2.20226337697133,1.29473291785692,2.85893939455812,0.825305621271068,3.27446738520232,2.05725161909219,-7.62058601985749e-17,0.202605629707333,0.761197762105479,2.65904344417506,3.65361483027479,4.45370015637393,-9.97465998686664e-17,3.49026363366534e-15,2.95687762106025,0.175229754690318,1.26752377371128,0.588770198155778,0.218151990426223,1.77544571680516,3.10021871298695,0.175229754690324,2.7896521898052e-15,1.29538640949285,0.66509589626781,0.847496864700439,0.20923692227389
"BBL",2019,0.0661538990600118,0.0184499764526314,0.322226699598615,0.576713488207989,-0.0193846376127513,0.433567918740258,0.229175610235301,3.90298391366141,2.16964705402889,1.56173677236481,0.0351890622752885,3.18970301523263,-0.0414118780038873,0.912195676120656,1.55059530096048,1.26011690766078,0.153811103221715,1.59592904174801,0.486657711657211,0.036789384994153,0.186944070050044,-0.00709440092099769,-0.0129154045125507,2.94607773192225,0.597703301074281,1.52577293627058,-0.0445616572034312,1.2805100957785,0.0146638951540818,3.12367012962118,1.17962987601832,2.96364538923556,2.56067006187859,3.26085364830884,2.83812608080146,-0.0288594060077509,0.00719913239319503,0.857478859159622,3.51590310813368,2.40731184257639,4.61030315411179,-0.0401610106540541,0.0297613557676976,1.93115859141571,0.783039384424079,1.13528251807163,1.25120857817634,0.161067943631702,1.0164312083886,3.43497976020125,-0.11442931800725,0.0449398232812138,0.464215471173081,0.305369447440894,-0.249346482824041,0.719398468570922
"CSL",1999,4.31417586892868e-16,1.59594559789866e-16,-3.15914829018826e-15,0.652107722674598,1.07442248952955,0.901675362165293,2.55351295663786e-15,4.27329116096097,2.10886112483991,3.73743660731609,-1.67155479618613e-16,0.886021309955161,0.292504235125758,1.70456718930166,1.56295699656789,7.56339435525888e-16,0.826444149074671,3.83373888190874e-15,0.868561406735026,7.81167665275806e-17,1.00043115803549,1.44866385611318,-8.32667268468867e-16,1.94038311470394,-2.73652628335341e-16,3.18401063133661,-9.76722154132458e-16,0.0428572939959591,-3.75086433131644e-15,3.93736818416981,0,-5.086209231564e-15,2.46808701376629,2.94043038856181,3.43942156172538,-3.68964841318542e-15,0.152782100402269,0,0.262653102575032,1.95217116111733,4.98394891146116,1.35442205068174,2.51050547202313,0.550264052292175,0.927217242761666,-2.37078720304925e-16,1.27328703136698e-15,2.04697370165263e-16,2.39546564190797,4.12296141994004,1.74121546790442,0.501273192915364,3.40241519806209,1.64735861246303e-17,1.58025167166645,1.69926331883737
"CSL",2000,0.0319958044837609,-0.00731784663175215,-0.0317327777083932,0.525052588714701,0.000988632876628568,1.13019247247716,0.103930897160889,4.05558757850181,2.47362551663947,3.44287970654096,0.233453929141759,1.5975246201729,0.0539939878621042,1.8673432513841,1.67175787018431,1.13116742418833,0.364678034575674,0.264726125580024,0.48635635339171,0.0477830698515249,0.202922924033725,1.49362341478489,-0.0244040512150376,2.18514941999084,-0.0157762709801649,1.31068974095362,-0.00922753682978438,-0.00788868274328116,-0.00113154991817532,2.35986336051419,0,-0.0062552124489166,2.86581102152252,2.9784610854664,3.19805565599714,-0.00545453624555275,0.571878645368017,0,-0.0121569907796658,1.47323722072866,4.60713606423002,0.708054083470816,2.57447116439474,0.571502596543101,1.80502616556856,0.00583794683850793,0.0069640567582068,-0.0063509605052298,1.73760790685957,3.87093863991599,2.1851992415774,0.264814608205951,2.79477317304506,0.00614431987863086,2.3837446234167,-0.00402211673122026
"CSL",2001,-2.55241530260093e-16,-1.17337780117244e-16,0.231790836930093,0.875815248564751,0.467844380603106,0.867845553178604,0.213056625822785,4.04565705091947,2.97055543849095,3.7697027566422,1.15980529594187e-16,0.747423660140072,0.866160006328279,1.00251315643611,1.66461293772983,1.05439864104354,0.499194725152732,0.492890103416883,1.71006816204267,0.14749197197247,0.865442585101327,1.2322260953786,3.68086637558829e-16,2.12602551905957,-7.27173041833312e-15,3.35190163659738,1.60004600495816e-17,0.267415137823311,2.58768565386189e-18,3.79067944634255,0,-7.14982543656428e-15,2.44450557171719,2.52887057831332,2.80537393491847,0.246445071156127,0.434839006965379,0,-8.79244593798845e-15,1.7753275728606,4.64514101548402,0.996191931680749,2.29220231384685,1.96700622238163,1.18096611325431,9.51411541353673e-17,-4.53169403044629e-16,2.2291196666302e-16,1.72849739565881,3.85818064422947,1.25734449315135,0.714289420102621,2.76154232417404,0.221399091059976,1.21759096673251,0.206764811248777
"CSL",2003,-0.0068698812697091,0.553820696894765,0.485538024839237,0.271854414061026,1.65334237732134,2.14265779340006,-0.626152232475279,4.30051665051729,2.83319947761907,3.53416898251696,-0.0303235365658591,1.64273757736808,1.23896469411258,0.95268511170855,2.16105127130982,1.15236124245109,2.22532709760772,-0.274040612531854,0.904358086916927,-0.0814626417970654,0.332464604490801,1.20816828058455,0.205220434353848,2.76363970170443,0.0420833750609479,3.27180315163858,0.0163757289996784,0.19856567174954,7.54366612116059e-05,3.45873889242331,0,-0.257422350511052,2.09571069557726,2.93848419404777,2.85711512723802,-0.0637132315986352,0.0197976422460801,0,0.143524507932331,2.06859340058803,4.84198833943471,2.23123093166935,2.34097144438832,-0.360032145408759,1.76267769617812,-0.0411987709534731,-0.066715393195825,0.0151825195170234,1.79255013005594,4.61659248555716,1.6395452848482,1.00943258163226,4.11405824028737,-0.0315991301003812,-0.30394609716735,2.03837904809299
"CSL",2004,8.84505584178123e-17,-5.37059546140695e-16,0.467844160329829,0.9274638756967,0.442798220252922,1.76475160168106,1.47196512855601,4.16887885546297,2.65921132736724,3.85770275882613,7.33578316883506e-17,1.83565035849907,1.81704796892375,5.10615855153773e-15,2.94911294379457,0.936684191922127,1.01513551195716,0.196392955650006,1.68108510254826,0.318925976089454,0.440657299350832,2.31522714852836,1.01532822947836e-15,3.03240134172221,-1.11420882286176e-14,3.54173761661143,0.246445071156129,-9.65807295250087e-16,-1.80811888085639e-16,3.25938058164994,0,-5.72946638049965e-15,2.22170094602241,2.22417427453939,3.62370936159409,-3.1209437161353e-16,0.230631096151566,0,0.532624563749832,2.76343476190038,4.82463182521231,0.789476856724671,2.13452602569915,0.739335242127204,1.40055843139132,3.26882592240566e-16,8.12446897952013e-16,6.44253259681621e-16,3.05615368532482,4.26773439130356,1.5912750997621,0.764401166593091,4.21387969985484,-1.29439697501184e-16,1.74860126378462e-15,2.04071583582943
"CSL",2005,-1.64107561399108e-16,0.774323869974862,0.772472893246315,0.971495846035337,1.25225350922076e-15,0.858538484866075,1.32705982087245,4.22508608665673,2.86385634464347,3.60675154986374,0.221399119346133,2.51128257089093,1.14805643603149,2.21177243187043e-16,1.7444327554319,0.814078714465347,0.829204367664972,0.532616989864829,0.954908528737136,6.49762361970563e-16,0.764401120242213,0.843868653047108,8.88503680351871e-16,1.90527836039635,-6.66525482809904e-15,2.18157475457938,1.54093935506345e-16,0.0428081914266605,4.76769435021028e-17,2.84569940373293,0,-8.93263327889082e-15,1.63019987400941,2.60214889505591,3.78544075515638,0.246445822592258,0.283275208664689,0,2.67948737635427,2.76808395873663,4.80054919678822,0.492890157739858,2.18756751514926,2.38467981702592,0.793756225779245,0.246445039499518,-6.95515693649451e-17,0.246445095494296,2.49794458015824,4.23462688224434,1.03592210579258,0.582765319937515,2.20430302501276,-9.68661984815731e-17,-3.58046925441613e-15,1.63285957744682
"CSL",2006,-3.39558668558012e-17,0.221399217302794,0.935748337496136,0.565284269949665,-5.63112924345521e-15,0.871816942688033,2.43577140803457,4.18913190083598,2.88823037919225,4.01599621158318,-2.57348587450355e-17,1.82493752712501,0.573197011663637,0.927178876804676,1.82660047464255,1.35744736822278,0.723744361687458,0.779068845079872,1.99015564952169,0.214041771303589,0.302733644628661,1.25635098158346,0.547293732033459,2.21693393916966,-1.88287292658337e-15,2.67289696955328,0.246445104756599,0.128424756981994,6.24191623139082e-15,3.27151603843674,0,2.94382573873264e-15,3.03195419011095,2.79362360616613,3.21757950238577,6.3739568094065e-15,0.299789527651615,0,3.06685468023386,2.42731884941348,4.55333336776632,0.246445095494289,2.58277529691376,1.52923777996023,0.990912302883202,-3.57545366943784e-18,0.289511994249991,-8.71834071949906e-17,1.92436126411615,4.21072324228241,2.75122822393796,-2.31910844694649e-15,3.5380273634964,1.60747013964561e-16,-1.95676808090184e-14,2.36516640499326
"CSL",2007,-3.20076820174726e-16,-5.93600689435814e-17,0.246445138837492,0.621771106623445,1.25225350922076e-15,0.818840214772358,1.80795862223416,4.22225798364659,2.85800857425131,3.88383060758598,-8.54540696582527e-17,2.33564848950935,0.246445086583728,1.10935566288717e-15,1.95523668837766,0.977909309157346,2.3037127760972e-15,0.543021901523355,1.02496124376146,0.104683778195095,0.571222943063374,0.6892434348229,1.82014383014059,2.28486653329021,1.3076765690255e-15,1.77507508566513,-1.1003126623828e-16,0.211955188834102,-3.60746250037923e-16,2.33759430657895,0,-3.59776227906727e-15,2.2910331230552,2.82317978292057,3.31693206468016,-4.38437806025982e-16,0.18260031666036,0,2.98788469905555,2.72454603875002,4.83646315133713,1.38840014936874,1.80198971569087,-6.1409211049579e-15,-4.73232564246473e-15,0.340602658435293,0.467844483540518,0.246445086583727,1.93777162965511,3.53657054523163,2.27200185256864,4.56449114616397e-16,2.51736961657617,6.25115208737961e-17,-4.46864767411626e-15,1.57660134101659
"CSL",2008,-1.48420511215958e-16,2.07353665487853e-17,1.01084623066482,0.781944432973599,0.492890161019547,1.26912289485289,1.04020217111762,4.19334662107231,2.80340947011032,3.60607823936455,-1.63567448054044e-16,2.88399288319577,1.47869129221662,0.590839933070308,2.09516271847889,0.296586845680007,0.937612218254714,1.06062077523394e-15,1.6482453985085,0.436745220419709,0.221790545263307,1.27195967948784,1.49295735045262,1.78486373414504,3.95678227595869e-15,1.12729611725322,-5.56553154712857e-16,6.50954984360297e-16,5.94470592272644e-16,2.94150181868659,0,3.92226398929219e-15,1.38456899586945,2.52794270513286,3.22972967409783,0.221399289287336,0.187822914814918,0,3.20149863513682,3.14649576665879,4.82969872150666,1.01086601657579,2.80381389581323,1.11920415749803,0.467844338977677,0.296586732568826,3.42826082192632e-15,9.35124373768748e-19,1.6746464326171,4.009313783865,1.60831258142983,5.67471417078913e-16,2.02736047141876,1.90621188114395e-17,1.08246744900953e-15,2.03641333162117
"CSL",2009,0.221399245441312,-2.57416700802371e-16,0.261106055780472,1.1625561031897,-8.00141203294302e-17,0.955221428053238,1.01894997934107,3.99332506164219,3.00369812003765,4.14610337149167,-3.14946827863648e-17,3.35848061799795,0.532623650391843,1.42391607990592,1.868277278112,1.52451387647753,0.246445145775394,1.12164937726743,1.45077749726962,0.152754155901138,0.262512135132369,0.849926910028643,1.63724183178322,1.95996491497029,-5.35931298254952e-15,2.01133414820443,0.492890134993813,2.55438031837585e-16,-2.82896298888727e-16,2.69490919536371,0,1.05353930131381,2.88294594171897,2.26397316314377,3.50439247958496,-8.4896418237404e-17,0.328560040660928,0,2.87838021728885,2.50526378895933,4.56787545331882,0.739355143433851,2.1666257131112,1.58758578876654,0.246445145775393,-1.0009655207496e-16,-5.64720254066231e-16,-7.48031736379218e-17,1.79514501357108,4.00681872892866,1.51184797150126,4.56449114616397e-16,2.27736635867732,-5.21496351301241e-17,1.87321645506849,0.246445095494295
"CSL",2010,0.00686988126970963,-0.0609314444799337,0.00735208608813573,1.78074984040504,0.49519666421486,2.09777109798161,0.62615223247528,4.19939461090728,2.53944564727739,3.72120676417952,0.0303235365658594,3.06974880382084,2.14138431629877,0.62341113382114,2.00580188323972,1.93464476417076,0.707815483826459,1.96940564401273,1.01382979828279,0.338311688531548,0.124404850265406,1.19955684247152,2.59792135766547,2.86635464571789,-0.0420833750609669,3.13289259800536,-0.0163757289996784,0.14389947225224,-7.54366612121982e-05,2.67911096342822,0,0.257422350511044,3.04808269770922,2.41103619110639,3.18484142787262,0.0637132315986335,0.252550663419727,0,4.01347587506481,3.87922754409718,4.97334467388758,1.51234307031913,1.95946170710128,0.85292200398442,-0.139287321574283,0.0411987709534738,0.0667153931958239,-0.0151825195170235,1.35669594783911,4.33762342398711,1.48151557522708,0.0927788112987436,3.01521125149316,0.0315991301003819,1.40613342576258,0.623780475321357
"CSL",2011,0.497879726575824,2.15214131238373e-17,0.261469410524307,0.719034427738116,-9.68192540029555e-16,1.64301703233425,1.60074510401766,3.75474957813956,2.54532185720021,3.45814581326356,-4.24078552787892e-17,3.40968231568262,1.56468004473936,1.48809083141053,1.51957305548975,1.03026261467415,0.694220086337523,0.929802734793258,2.05554235951823,0.24553157166532,0.188052876987444,1.66159722478788,7.21888911495161e-16,2.71043328678923,4.31271229665853e-15,2.67508871571707,-2.98601129087822e-16,0.283454899891898,-2.44369005282866e-18,2.66867168368001,0,1.45601520173165,2.20554784308781,2.63131763160249,3.27558379453111,2.11663369123483e-16,0.178982441699089,0,3.13571685978543,3.11602975208207,4.43543784728527,-1.22818422099158e-15,1.8728677238939,1.10751747707572,0.19639306157531,0.221399265958996,-7.38883780548871e-17,5.11607900141597e-17,2.13488725822181,3.96060979430983,2.15639713414837,0.41779223790451,3.06416338454069,-1.57814285068134e-17,3.15066421162946,0.442798283184499
"CSL",2012,-0.00686988126970957,0.0609314444799339,0.928336071273599,0.731657358420045,-0.0523983300606546,0.498272435681996,2.07176062546008,3.94314849337252,1.74902666652498,3.94445648785087,-0.0303235365658597,3.63498848142453,0.603116839510581,2.07424714342969,1.13939853734096,1.15236124245111,-0.214925322168488,0.218849482889475,1.20570513644446,0.261002561255448,0.208713497279609,1.08102169689136,0.205220434353847,1.69890802826149,0.042083375060972,3.24745251893187,0.459173927845784,0.112949489035354,7.54366612116276e-05,3.07914050662705,0,2.58061498506163,2.67760010196336,3.14754315516196,4.13659494110679,-0.0637132315986346,0.105413848387059,0,3.5641705829861,3.27172306312451,4.49860952012635,-0.0336724849123012,1.11955374483863,2.81615008960774,0.632177416995615,-0.0411987709534742,-0.0667153931958258,0.436850515047361,1.60634946033939,3.76760613738085,2.72375462259774,-0.0927788112987444,2.14658384373609,-0.0315991301003817,2.96774601121795,-0.130890473016104
"CSL",2013,5.43923891078973e-16,0.196392882317291,0.221398997070272,0.920968610463663,4.13883337324616e-15,1.58047232888557,0.955198198502847,3.80194151174881,2.31770289673605,3.68941146869529,-5.72444843828955e-17,1.92411918206821,0.497879830660901,5.55024776138779e-15,1.48015680687779,0.951743302077226,0.556085159099971,-3.59169074690135e-15,1.73001359549591,0.0856162492564534,0.245530868822634,1.42721700369024,7.32541197839831e-16,2.7236047627631,0.235866468968772,2.06413072125083,-3.32990666746346e-16,0.523126004760939,-1.56333482942937e-16,3.22404509730418,0,0.964849773061605,1.6570372553322,2.54107527557516,3.54498217332447,0.23641036338866,0.393363024739768,0,2.12607855393864,2.71801697638561,4.44964742422798,0.210834012451521,2.04849435279778,6.31439345255558e-16,0.618061090652184,-7.12093404417992e-17,0.236410363388661,-1.95895003777397e-16,1.6657215140762,3.85639859765631,1.69132357563183,1.67769444170407e-15,2.21137001206964,-8.36321557136719e-17,2.22418365328946,5.73152636462737e-15
"CSL",2014,0.267405650631827,-1.15792792021452e-16,1.35145800800318e-16,0.582054615312835,-1.63432635480465e-15,2.10225585017456,2.13292956501739,3.74842013903499,2.25493404417032,3.66723025703105,-4.23038628014333e-18,2.46252785868009,1.25785552871763,-3.10949183068843e-15,1.4165378395937,1.78209401610884,1.69047882908787,0.552881087402388,1.72187149834651,0.439835960932204,0.128415598367407,2.30331487691519,8.08652190348313e-16,1.48732383592049,0.527859182974936,3.67267338329315,-2.33135646660431e-16,0.042842068414403,5.72763678933358e-18,3.85628612206061,0,1.34052559098888,1.86953849264489,3.10591131784778,3.65890203897971,0.271505313743025,0.0618742990230305,0,2.54233403459204,3.58038807332002,4.93708062168606,0.21083499393711,2.6692798857985,-2.5882074261574e-15,0.246439452674728,3.11732259587226e-17,-6.75227560496816e-16,-2.46771190721279e-16,2.40062440720464,4.39366673018971,1.94351752548892,-4.31729305083728e-16,3.7698935805726,3.4725689268638e-16,3.34419729679589,0.513900101025795
"CSL",2015,-0.00686988126970904,0.0609314444799327,-0.0073520860881357,1.00073291097048,-0.0523983300606477,2.61616907815322,-0.62615223247528,3.16867133976613,1.91826121836901,3.00388413307192,-0.0303235365658596,1.93114517767874,0.532128135612274,-0.130562983052844,1.22808127137649,1.1523612424511,3.31639230285681,0.590835313438859,2.52758872528279,0.391374684859069,0.208725663393301,-0.154362270073353,0.205220434353851,2.08524651238531,0.986730612746142,2.30207659798889,0.0163757289996759,0.198581547499721,0.42176637283457,0.9036246505873,0,1.80326677501647,3.17778047620275,2.32959675381208,3.12817317027147,0.357977704574725,0.0197976422460775,0,2.91656770019488,2.57204406572985,4.51204104529888,-0.0336724849122933,1.5210955482086,-0.46013031145202,0.974867863130227,-0.0411987709534739,0.326061165454205,0.015182519517024,2.5220590271146,4.16115949901827,2.10260673472847,-0.0927788112987413,3.9145905220768,-0.0315991301003815,3.24704740028494,-0.130890473016094
"CSL",2016,-6.42105194193655e-16,0.285462149027704,4.65407335066559e-15,0.628132978964054,-8.00141203294302e-17,2.00913257648198,1.1737570877059,3.77156089687958,2.47014352575984,3.80488354739961,-3.52926745610427e-16,2.02066602460282,0.285462149027702,-6.66220550948893e-15,1.99853621656125,1.80920570774897,1.40332611600948,1.00014608432775,1.77289581198799,0.042812268590492,0.0856180565716511,2.67687558004407,2.28305872471135e-16,2.50933350331838,2.21783194680379,2.16358414090856,-2.67172818612898e-16,0.0428100678275298,3.24380584513454e-16,3.8140998559112,0,2.76502025693131,2.54286000594308,2.7396795004613,3.2156602590973,0.468247283002818,0.0856201356550553,0,3.41268066138896,3.75583891269724,4.75573554541077,-3.00454106039183e-15,-2.32106001085697e-15,0.78400216732837,0.753320648446172,-6.81825227722057e-16,-4.41812385287843e-16,-1.58706869261144e-16,2.52794078667328,3.98644120250346,1.80930256516582,1.12258292939149e-15,2.8654512106992,5.07407106089645e-16,2.64821108077102,8.46545056276682e-16
"CSL",2017,-7.82062142134377e-16,-2.66862812230151e-16,0.744322145520876,0.171245125871727,1.47429811414579e-15,1.35107818495824,2.1074870276778,3.68909522912693,1.72091269718162,3.12388146130292,-4.2977061419344e-17,2.78432411392782,-2.60902410786912e-15,0.261459713414194,1.2318200424903,1.97587283783986,4.16333634234434e-16,0.507917162604739,0.887356167345446,0.0856135407521317,0.0428020449579327,0.532992428989127,2.37684221263135e-16,2.20447510916996,0.246456503914634,2.0237841158955,-4.64782217075537e-16,0.4859988934032,4.25540882371088e-16,3.19467259768139,0,1.79850920985504,2.08844827041263,2.84165027151092,3.19896572693846,-1.8192234827949e-16,-2.34187669256869e-17,0,2.92834149458636,2.52489695050131,4.7355992906563,0.221406347417576,2.11983208764366e-15,0.517964534955921,0.482851028962059,-1.01932919504607e-16,-4.27555126719659e-16,0.221386823339552,2.92478891844568,4.0223207654983,1.61400413815171,5.67471417078913e-16,3.22432452342915,-1.7313304505235e-16,2.4189937055318,1.06858966120171e-15
"CSL",2018,0.472803646360845,-5.908901840046e-18,0.210823986321002,1.25219826669535,0.210823986321003,1.89409061169989,1.41715149157586,3.70215526430561,2.91163389470578,3.70880469536046,-6.11306715448982e-17,2.95073124322514,1.40708862236536,0.558074195142064,1.43229966086152,1.65897565339405,1.71627755093786,0.23639515860021,1.32868424104078,0.490261095060471,0.123756634872058,1.84952250581128,7.29261486268062e-16,2.08994518025141,6.18610523049623e-15,2.74424655174892,0.236408487760633,0.0428111305300813,5.10972625431157e-17,3.70566984674697,0,1.32709653122074,2.46076098690869,2.5078045815354,3.07187595910815,0.236408487760633,0.221789536777387,0,3.01604937633602,3.0226949231303,4.64567194861371,-7.84095011141517e-16,-1.00613961606655e-16,1.39416436465618,0.679234688256573,-1.36227589473039e-16,-3.89499630465417e-16,-5.84249445698126e-17,2.60326923477325,4.07305782290308,1.21224062104717,1.2338220722885e-16,3.6835714910923,0.246443540567117,2.61402452296622,-2.63677968348475e-16
"CSL",2019,0.00686988126971039,0.360745839787641,0.0073520860881351,1.27276876495548,0.525232785787995,1.11199051488004,1.06895320766538,3.69289300849752,2.67713734352325,3.45954126076204,0.0303235365658594,2.95430380502542,0.0402184147213907,0.623411133821137,1.30923938759639,2.70619651156338,0.707815483826457,0.274040612531855,0.860074816419258,0.0814626417970662,-0.123097291138632,2.09513763929702,-0.205220434353845,2.49501413051955,-0.0420833750609649,1.65930407531365,-0.0163757289996784,-0.112949489035352,-7.54366612115346e-05,3.91110370593392,0,0.257422350511045,1.55837162495755,2.19081483698294,3.04278799832808,0.0637132315986348,0.660359382312828,0,3.37211801253453,4.03471076351694,4.62509182825893,0.0336724849122946,0.0166414145937507,0.852922003984418,-0.139287321574287,0.0411987709534737,0.0667153931958245,-0.0151825195170234,1.65918638997946,3.85678451893625,0.93051769443978,0.0927788112987417,2.46330913754819,0.554552558592686,1.69243417904525,0.130890473016095
"HL",1999,0.00559750895636015,0.00588391372121397,0.0169568444964692,0.689702395523121,0.208479909257604,2.32071742780289,-0.0449763838138953,3.83413494342049,0.633295808800313,2.19272631306752,0.715072091963026,0.163093556421602,0.00357356326677001,2.21846022282133,2.5945848146095,0.271630564383579,0.0164114341246092,2.57175029454687,0.0941128559537929,0.00765107619990307,0.596645619412025,0.659961926658403,0.00774125739599509,2.50918980480469,0.0268594474899516,3.37421690052468,0.0208222575570122,1.04773968566837,0.00299599476643515,1.9489843043023,1.81976657313697,-0.00882856158821769,2.18712382213771,3.56050370107603,3.39476919912084,-0.00800822318124645,0.341682951169559,1.18074001557665,-0.00866107581348096,2.21182789859146,4.81395147409103,1.2782243383197,1.44509117436502,2.72668523101645,1.10477568366884,0.682596669543841,0.985332435568879,1.3733740806922,1.50669016161791,3.4589216857696,1.15177332516726,0.432454475305633,1.71527185215072,0.0374183310758195,-0.0612398945772477,1.84915849587734
"HL",2000,0.000504087590145733,0.226644313283032,0.0480494277767716,0.288604396730186,-0.000801996452664967,1.77520185016906,-0.0422346875551313,3.8745026113247,0.29576550033453,1.77878081123061,1.05181743020965,1.25782191487296,0.335699260944004,1.91436228857929,1.9271436246624,-0.00186884022238239,0.461024156720094,2.86841143900195,0.034120775745515,-0.00763783896547542,0.0708502354337115,0.516604653884337,0.0331167264987246,2.72054737355311,0.00693543708525348,3.58077220705224,0.0855189607071331,0.474113701944851,0.00738565986434064,2.87920997765139,1.47881369852474,0.0139626968726841,2.23735382000002,3.87266492489596,3.4507363002897,0.00412109356626192,0.0257600536114182,0.579451705703085,0.0438409583506138,3.50475657845492,4.67754586436966,1.08545792318673,0.939737121214471,2.80549829734875,0.902708982880075,0.395924169120853,0.695114935136725,0.512881927871718,0.850191189549188,3.61833520473705,1.32120436809104,0.274306295310931,1.71706249867223,0.94182253986756,0.760761830563946,0.549266681318566
"HL",2001,0.0268854848631717,-0.00104410813256235,0.54419839028246,1.03467963839048,-0.0034155384206695,1.68167921319115,0.440927635826627,3.83956176819162,1.26424129320735,2.86104123902545,0.580160153304567,0.36298534277827,0.211183978174817,2.44415991587937,1.33995244807042,0.436869910292395,-0.00071058335141384,1.64794748976049,0.593492127631053,0.32392322183712,0.218462234199136,0.939138357009979,0.00936884028185805,2.13101414881661,0.0274483177201052,1.46844451436387,0.277829366488031,0.440613065839992,0.00520187031056518,2.2644551720438,0.653419974322155,0.00962586047381918,1.59228780461657,3.30271614973701,3.10891287544756,0.242873866671723,0.183298223755055,0.326640445432805,-0.0332463199255542,2.95154692814074,4.83232488759204,1.49142008032092,0.734156100230227,1.95168617355845,0.636941580597565,0.399719456119476,0.128823017205186,0.784476836361526,1.15615186209056,3.45755358221128,0.897341786170474,0.266220742220845,1.10736487635541,0.0400011519884469,1.64703393046301,0.012204653669948
"HL",2002,-0.0900869435836519,0.382913362397193,0.00404105365039938,0.535812085626447,-0.0149054627921912,0.716239346360446,0.287769853137878,4.05164028166718,1.18006577555027,2.31542361605199,0.311916028661481,0.832220576962956,0.0847501924306305,0.605482641671522,1.58977451443157,0.496939432869041,0.703049428375041,2.59197650170762,0.344714453865896,-0.0507584309980316,0.409450472870436,1.14967926001429,0.532305584372052,2.4306533966459,-0.0514874862978662,2.06651572132033,0.039473103495706,0.569447049784741,-0.0133557263366554,3.47584128883481,2.13611400520852,-0.0947694914660474,2.16562949664887,3.68305452500469,3.19320254359173,0.456503969550436,0.0741046145255981,0.801870391296987,0.246429171894603,2.3537853686561,4.15973632950901,1.39894322393979,1.14395634793198,2.30549490196368,0.467135261288913,0.937527669690926,0.409147258062798,0.329173083887254,1.049067348497,3.88287175315938,0.819165402784031,0.819213391484405,1.92312859398914,-0.353894597570605,0.186705527337583,0.522420726771374
"HL",2003,0.16833680006206,1.04517089427603e-15,0.189770647586343,0.783167982164801,0.358107195714887,0.978851438918633,2.11462791721573e-15,4.07559606297477,1.85591518939024,2.64390708570504,1.24560097349102,1.22356694594481,2.15452655716319e-15,1.08519768811814,1.9832728396167,0.633715706882293,0.413564542444239,2.33218019849025,0.526237363332027,0.126421460063751,0.364883470346738,0.211238998362369,0.168336548682589,2.67571529616901,-4.30211422042248e-16,2.49612895973589,0.478019464717601,0.626441204170089,1.52608232040913e-16,3.33279425077742,1.41786741807252,4.413136522885e-15,1.99839113651755,3.34485557299312,2.48744601189686,0.189770519057444,0.0733853884060167,1.03433999313308,4.8919202022546e-15,3.02629188936283,4.14386005183457,1.84409619079778,1.26447702983909,2.51855671605309,0.90057631135789,0.890703280672293,0.569346033804076,0.844954344622707,1.40956467883606,3.34625848020433,0.663723427708522,0.930988380546183,1.82131169872061,0.843927093752682,-2.11549527895372e-15,0.675469939293743
"HL",2004,0.168337141511148,3.2612801348364e-16,1.71130470905112e-15,0.63987361309357,1.59811400224363e-16,0.202326138653808,0.453836861578256,3.91287646023332,1.35353110595523,2.9205787075361,0.351219395072676,1.3606885404924,-1.70436581514721e-16,1.22885714002895,1.15197036220308,0.578637871313102,0.211239322654726,2.01737090245458,0.245359794790809,9.21788687047176e-16,0.235658644076824,1.08929374744255,-8.56519716263549e-18,2.67369573594508,2.57086019139763e-15,2.31885277244685,0.583453250546163,0.389701633930857,6.19689304211246e-17,2.74164068318502,0.984154374935943,4.76875483546024e-15,2.59368443133915,2.93708006284715,3.15665475342073,8.95117313604032e-16,0.0897288454732393,0.41556358305588,0.459405331784953,2.54841996834628,4.51081502428154,1.20617242025139,0.962412387263355,1.8870982715907,0.880603121635589,0.401091079471738,0.837635912473855,0.372636239243263,1.68303179426582,3.10289430161848,0.868039771242897,0.859217487340224,1.91109261155291,2.47241463413594e-15,1.26157764790413e-14,1.54488137489017
"HL",2005,6.15826833971767e-17,7.15573433840433e-16,3.51281503885303e-16,0.292897423442822,-7.8387817070702e-16,0.422494672581622,0.683646860882221,3.93746969610166,2.04963558804877,2.52522499353756,0.866456941251622,1.86568957582227,0.44274637750586,1.05991502658706,1.65469115102768,0.52073118461943,0.254218066557904,2.41854674918918,0.102263229810505,0.255580071797907,0.224666964159429,0.641552340577591,-3.65050871475869e-16,2.52491108763326,-4.34721703079788e-15,1.82500551734817,0.211238586155678,0.738755655138935,-4.35029345446231e-16,2.77590798977164,0.991266657172496,-8.28330459778925e-15,2.80681753854168,3.56498399499854,3.62596372289831,6.38378239159465e-16,0.116720655120197,0.443962198716763,2.58853479699306,3.41343210952021,4.71311506558888,0.981331640785287,0.765090403251325,2.12771378061154,0.73103313725049,1.08347685431992,0.545289281685006,0.689260973311526,1.72211271373627,3.09103260194411,0.893654629095164,-5.00467722819309e-16,2.04728479224379,6.40546643504436e-16,-6.15826833971767e-17,0.683605140551027
"HL",2006,0.00148310634044955,-0.00122492380123274,0.457657808701709,0.713757278865149,0.383518906372488,0.994646281932633,0.00318074068931912,3.91075521992258,0.725853570483661,2.66944093024319,0.224045632624714,1.81096004325062,-0.00305192627112544,1.40854846585992,1.91192297160498,0.805885008142343,0.279741071737614,2.58654206192582,0.834745232231945,0.172562573983146,0.78517364916154,0.656296663625357,0.190002699102206,2.47874519394325,0.00874646231732035,1.19021804226318,0.695551494956433,0.525346037952918,0.203055572562963,1.91644928794397,1.27529526874818,0.00609455363743331,2.44520267603763,3.49416938852883,2.74779110575938,-0.0024038716111003,0.269028684260052,0.269877378680032,2.81255168390945,2.98064280315466,4.49425869657858,1.39165803660451,1.02058435011722,3.07680655844224,0.838622995414312,0.688591392377311,0.368047731575687,0.776297550944769,1.50065016515827,2.12098976896452,1.4085748166006,0.190646930936142,1.45184606472299,0.0379517745769368,-0.0266863495111114,1.76917421093155
"HL",2007,0.416802653371233,0.197646137085117,0.21317544972638,1.06782462817303,-0.000182434278181466,0.265485964351822,0.65234207722533,3.88360038895649,2.15863372367104,2.87231330079034,0.187095523892901,2.22622871429467,-0.00239728378528663,0.884236029548342,1.52743295825532,0.622641054458795,0.939698188157284,1.84914628419928,0.563015352709337,0.183790599160894,0.127668340798985,0.710610527746814,0.747057878787457,2.88439786290643,0.013595552136301,1.47339329085685,-0.0195088136588354,0.656066651841015,-0.00367746425343093,2.38830112019998,0.704196565953252,-0.00891484087260568,2.23879397590017,3.30188120874207,3.4517362465104,0.201253621640073,0.122347623926595,0.233919191892375,2.9472850485971,3.02394201065824,4.69723356308803,1.32869710683292,1.27260901617626,2.22662247117103,0.194471268572516,0.484886176105105,0.92241762487526,0.412204733720025,1.62458366615144,3.4249040375171,1.27174997617593,0.201101871301952,1.98442366324701,-0.0138473969025841,0.00477517959056526,0.833238781317857
"HL",2008,-0.0180697996097472,0.237068870512633,0.715565195710308,0.795148002284733,0.28127584992523,0.857322643877818,0.773150711794954,4.05318691311589,1.56833012143893,3.19761527479764,0.660070375009158,3.13252147486354,0.0032778537897711,1.14573777308323,1.87700380272208,0.883575286995238,1.46096754460519,1.450707698865,0.504505199114025,0.0701908242557961,0.212696678163526,0.157125421806646,0.0488266733766704,2.81424206391859,0.0531485055175374,2.36899699468447,0.688116000735453,0.806695233783151,0.00453413287423085,2.69952751335532,0.970901960437486,-0.0109090454416898,1.96559228753474,2.88856660690273,3.61268536112344,1.10878066746366,0.0636000563432525,0.571228529248908,3.2024392427612,2.87145185801119,4.633214256207,1.29124617195233,0.24061393999369,2.18868526712086,0.112435973328068,0.837082235601656,0.80572083007114,0.321218696543449,1.30146352201646,3.52032046372237,1.37528339843033,0.0360650406285799,1.8688027451052,-0.103326186881647,0.317674412978481,1.02488623050637
"HL",2009,0.202637111874879,1.45716771982052e-16,-2.10768902331182e-16,0.655280865357816,-7.56122595091391e-16,1.05619407486158,0.211238998362379,4.1344448044114,1.8557603316854,2.68652844488371,0.40100932208451,2.80445134702232,0.211239225233208,1.40660156528903,2.34131986632468,0.422477455823235,-1.84921522539128e-15,2.47133940849042,0.511211642540268,0.269187419204735,0.291796151599246,-1.80649765979535e-15,1.30875812199154,2.37820720399759,1.11369247157711e-15,2.34039092608053,0.680656592395224,0.357127836723385,2.57125321468515e-16,2.76667240247997,1.24264263355924,0.907755711161458,2.97105300872801,3.61114761498147,3.76655306703914,0.41387571716018,0.204317642564913,0.951105251251195,3.10379260095008,3.43397575575222,4.6618516382821,0.534537573948311,0.997343199242678,1.34168313432398,0.189770647586339,1.13353279537614,0.537552607059579,-5.82259934711615e-15,0.981726329261821,3.54857021270556,1.1634916752894,-1.77722420113824e-15,2.00828196456347,0.189770735928835,3.35235311732518e-15,0.202637111874872
"HL",2010,0.00273876957416221,0.0215893746714633,-0.0413293121043225,0.594263391094135,-0.00282040877206597,1.05758215465809,0.296703492562099,4.03304509391618,0.874739583519093,2.28703772234064,0.2223299533446,1.43078612843894,0.286790956302313,0.463245180441952,1.51481035643901,0.554126251094643,0.0934302234623141,2.34999468429999,0.219242041772015,0.10120849506221,0.482731699354309,0.899964040661774,0.379304153512424,2.4627032565393,-0.0408221813882476,1.44352524125179,0.127209598248022,0.718919244944442,-0.00342079243518556,1.84738545119982,0.556357117138898,0.254569280601789,2.92288314248797,3.43102532831358,3.32307972563178,-0.000881186005804736,0.457411988826864,0.00793407643974479,3.26201575014859,3.11646710178033,4.52144979927064,1.04599677588124,0.811398600891427,1.77908737160992,0.326011282172191,1.18587402432854,0.996392261707763,0.700446241288848,1.27501722890573,2.70118282625245,0.516822624508355,0.481167322555628,1.70795876811914,0.0299519684994852,0.235479912177038,0.288111371664992
"HL",2011,0.118952061310804,2.48065457064683e-16,0.211238586155677,0.446862215120083,4.87890977618477e-17,1.91980372294915,0.21974366303637,3.95910316693682,1.27088715781405,2.78755476311487,0.118952061310803,2.77822846035756,0.189770911677251,1.26018944122147,1.49156853787304,0.522275750306834,0.685916237423955,2.11234497158047,0.709979762855114,0.156514823152435,0.470619343485125,1.18553091782861,-3.54642530620009e-16,3.28568759703686,0.189770647586342,2.74198977161678,0.401009233742019,0.328950808930951,8.62550590847999e-17,2.8281282325465,1.27965675849767,2.38624350091582,2.2059725253982,3.32349075709024,3.67690263848607,0.35135577098805,0.206449500593437,0.431806392747488,3.18872903226091,3.19352306621903,4.41052221922414,-3.79470760369927e-17,1.15835913677216,2.32233730749522,0.189770805162939,0.624677188410239,0.468963610867383,0.211238586155676,1.36107054513176,2.73609315539222,0.465447225122175,0.450908272260988,2.71461963355247,0.36239081667757,1.08121197325262,-3.12250225675825e-16
"HL",2012,0.0330994956553602,0.0218494403098204,0.278756382228326,0.628596512788774,-0.00258092007959907,0.580880212905415,0.0772385983298687,3.76890919160386,-0.167579460795005,1.4752849772959,0.321473901821376,3.19898787313833,0.00779899799305238,0.898315605960485,2.22454095335937,0.210088371796262,0.0742929135531586,3.20521160222539,0.74021229742212,0.0480540435820749,0.129093435639887,1.80038007083375,-0.00493283812795356,2.4139609028071,1.88075928933006,2.61405373945291,0.757399854483695,0.342302339848862,0.00390697867953312,2.01346770301908,2.11211450237404,2.81215680335611,1.76773445465674,3.64685934478686,3.23686719882914,0.00204813519021778,0.320113535962662,0.526738180845145,3.1954670665131,3.57010562948665,4.56759197079495,0.0682383189206894,1.7421998084457,2.83682931862364,0.506854446525566,1.45057649368522,0.0949503262126776,0.507010130740883,0.784482856891773,2.62006671438094,0.271532597408221,0.0529829701849125,1.04338550987461,1.36311250230026,0.189980763607796,0.196913195449198
"HL",2013,-5.71591385334358e-16,7.0082828429463e-16,0.202636958052303,0.669739982995673,1.10350097115575e-15,1.33869103125901,0.766703822438601,4.0776975538732,1.29085419665306,2.48408758579117,-3.38487918249974e-16,2.79411743374098,0.180714636098461,1.72905716564718,1.97503440343872,0.706411668816716,0.807154912303121,2.11962908483995,0.647002097753746,0.385239170142695,0.181674868866653,0.831278111502765,-4.11021043589255e-16,1.87460498085015,1.30958568750914,2.74923504439044,0.904423762115562,0.693461593461596,2.15491958045072e-16,2.4663567161623,0.318698684815735,2.02991033962987,2.34245309859934,3.57561791100809,3.25084103118716,3.85108611666851e-16,0.167624713945529,0.152519711516056,3.18154573469121,3.31999105773151,4.47269996967049,0.506975356691445,1.19773049902507,1.77061107002839,0.535871640167601,0.533059558893424,0.404038112762783,0.173908052904959,0.642389589983934,3.7204550663905,0.886810133295508,0.195353137933758,1.29236529133618,0.689770220110701,0.809312717556842,3.46250805804971e-15
"HL",2014,0.214732074413804,4.16333634234434e-17,0.637555387345583,0.633373463905274,1.07574539554012e-15,0.392382595227793,0.392376153092873,4.05821126016351,1.25864050965128,2.24915451709424,0.211236692381457,2.41780854419699,-2.23779328401008e-16,1.43490152187027,1.63744855765534,0.934587732065021,0.516875988604311,2.59773269408195,0.480319193761492,0.214340708506165,0.359187911124337,1.6457638610386,1.57209315010398e-17,2.73421816167391,1.12149315490393,3.2587894682546,0.202635218768998,0.289142743310456,0.433201398881088,2.06004551566644,1.13219134074083,3.41194278007836,1.38856632794937,3.26132742265097,3.19750044103828,3.72965547335014e-16,0.311688293436643,0.565350671991855,2.39628042049402,3.44042903670141,4.34081068729996,0.495682348655671,1.23511518103051,1.64094940482642,0.383332795354835,1.27527440143078,1.34081335934563,0.180713080328556,0.456689281062626,2.86224992099663,1.04280326570378,3.32199545649559e-16,1.68070278498544,0.797914428643476,1.0118997786906,0.180713080328557
"HL",2015,0.274023118678655,5.22151766269019e-16,0.42238042914381,0.870272204197982,3.26344853918137e-16,1.05874274567475,0.426711307320079,3.80839247865711,0.876067875707153,2.54557673584184,0.594450187105381,3.55393961540217,0.202644568566915,1.3885324143383,1.45854177354523,0.783112739472192,0.89867431861727,2.17855323094454,1.33386744053776,0.324894327382284,0.197712692853303,1.8551772811866,-3.42499466288171e-16,2.8161218091145,2.30886234941287,3.11354741135593,0.426749991380693,0.466167655287374,1.90345243906986e-17,2.97675893046629,1.04391314720264,1.32033355981134,3.14012420093404,3.77346289177479,3.40797461300356,5.15212872365112e-16,0.106069196837598,0.674632290063429,2.97702928827732,2.87571272799133,4.52718947536012,1.06028795477517,0.924427506231402,2.40428456533013,0.447921878843612,0.74910030540083,0.993980508600278,0.224114772611697,1.36334314954205,3.25774379722515,0.413883747450168,6.09755301805848e-16,2.20390822925274,1.20129600711394e-16,1.01306401505064,0.603536094070112
"HL",2016,0.243266414312663,0.00527275399946435,0.299679745089708,0.955603656347277,-0.0030021681323095,1.37631941935836,0.905848813430022,3.95227795854875,0.99291072243583,2.26153302911623,0.561152701049414,2.83223422944332,-0.0129136032216371,1.62633976854283,2.20512308426858,0.482647904850159,1.20399196856112,3.35820810145711,0.297629796073609,0.208520576554452,0.265677650934599,1.50083972463881,0.00675509783539177,2.12824553061187,2.45105121223194,2.69300293621176,0.0648611525521273,0.316500194609017,0.00824509638085307,2.0574489217478,1.54964976785748,3.27399998027712,2.08463063042109,3.61067354684215,3.12287517426325,0.199524344461579,0.23115031007452,0.727565514018164,2.46179676596237,3.67159757027669,4.43517609208838,0.68273624764658,0.372828415839793,2.15150897428583,0.298961388074078,0.608163481403187,1.08626623554637,0.508273966370973,1.90390932599361,2.34103393504324,0.279657366881692,0.0819355274670071,2.15315687188429,0.996818041304504,1.53722904702198,0.229432601571849
"HL",2017,1.07552855510562e-16,0.20267380491485,0.423756129253947,0.437669381945223,-8.11633746322649e-16,2.09274279685646,0.189768755899125,4.04838606565762,0.696696875623998,2.42041531162415,0.498185807386698,2.69380669254367,9.34582272682505e-16,0.878626529873533,2.04117727806413,0.504320761487321,0.202673804914851,2.94140738611545,0.073383515706326,1.74122868901172e-16,0.214355572016997,1.17486929876816,7.22620747961589e-16,2.16045949946576,1.72441778738284,2.35424693765872,0.268056502776912,0.694880668130327,1.88603744167432e-16,2.72772477708201,0.955117510113238,2.19893368528065,1.23550607156997,3.03528186665666,1.93943711993985,1.50920942409982e-15,0.0897268718612784,-1.40512601554121e-15,2.78645793973695,3.36298607254669,4.26731888057245,0.793284872069161,-2.4312149515815e-15,1.7392886383217,0.233987373354823,0.656535929425654,1.40556086312385,-4.712376322491e-15,1.63867458528846,2.20389167671421,0.445211221962199,-6.11490025281825e-16,1.58671674814744,0.0636828513368055,0.953633391133039,0.56383826820645
"HL",2018,0.232721717741639,-7.45931094670027e-17,0.377850954059554,1.12028219315334,2.10335221462188e-17,1.05535763195189,0.168334912535069,3.81814097354928,0.529858842721219,1.67186832086919,0.918353158044966,2.61429061695751,2.65412691824451e-16,1.19605958826918,0.907572434773963,0.448231357624444,0.624690201810001,2.65534245614975,0.891730545161976,0.175476068443208,0.190100208277337,1.15686604839996,-3.82398106235637e-16,2.4427385811608,2.47042374387481,2.97354729517026,0.355942835018873,0.349287644111159,1.61715530289791e-16,2.72804208013557,1.53900270634433,2.50370869939315,2.1577196481559,3.01619702859796,2.19687544621684,0.202657559087767,0.407683850883701,1.653790201447,2.41929804841024,3.73441927009235,4.20263272684717,-9.26125495737118e-16,-1.32099192695634e-15,2.60644878607388,0.358103668434188,0.95881201562663,1.35961537451703,0.168334912535067,1.26672303830301,2.49613702667047,-2.13717932240343e-15,-9.44556932669371e-16,2.02493419753318,0.68257511133086,0.594596056819205,0.414829212211437
"HL",2019,0.0900869435836541,0.0395633230485424,0.88387576659579,0.978385718731657,0.0149054627921938,0.0428941714571629,1.05092176206887,3.90395651158771,1.80429845750852,1.84199748484172,0.167368635309329,3.28836149683547,0.420319524612017,2.39358372778193,1.269323554292,0.545355918112536,0.321177869337368,3.39454735370431,0.214587553755114,0.0507584309980312,0.220057121578745,-0.304639813052436,-0.0238711973826436,2.24639734753731,0.0514874862978633,2.80909207473139,0.451114810481094,-0.174014648485236,0.0133557263366553,3.23789687875545,1.51122688158738,1.94114384682175,1.83214098461267,3.32773651765587,2.52980521720808,-0.034026797239085,-0.074104614525597,0.888035039164512,3.43385847849051,3.76151545229924,4.59529454886749,-0.0537774600167067,-0.0477381887443131,2.00957507622489,-0.0195250142506378,0.573698351998214,0.572062787044472,0.161418620425783,0.29969895548966,3.5662467999129,0.896005455166186,0.505021829560668,2.39723532784716,0.353894597570611,1.14327421114771,-0.0569735016491878
"LL",1999,0.00301720847098194,0.00664167437712265,0.0534795862001998,0.415021305426516,0.181737513707913,1.79362168002778,-0.0395920418044295,4.28857431998794,1.61673580094629,2.37576394985566,0.0325806929089217,0.0927596298504412,-0.0290685463175252,2.15073670330375,1.75885662629797,-0.0765846881125658,0.153712310724632,0.658959842429562,0.553943906975823,-0.0104634043859825,0.932434977443989,1.20977277665211,0.0178914175621127,2.56966653514188,0.0637621725302285,3.43857053119811,0.225531962345426,0.608694008403211,-0.000489017661128943,2.93654205908948,0.535921480722066,0.0339472863467479,2.37184778067598,3.19753142009246,3.69149771567323,-0.00521805764467008,0.00253626288973457,0.403555854579206,0.394944464112786,1.9423243786082,5.02154684951095,0.816657520436815,1.16102635846487,2.13611109398665,0.997088284996557,0.291174400558781,0.074834450849814,0.203732627416986,1.81698146777913,4.33244910035756,1.71192870729505,0.383894776382338,2.52631263559365,0.0189218235421323,0.00879075007931364,2.47859151265091
"LL",2000,0.00964690325024036,-0.00619425647311073,-0.00236013778702919,0.390626581578416,0.204409143657158,1.2279778104592,0.0776382015699824,3.84796008305436,1.70536972866777,2.13352424618797,0.231576797753948,1.90329586632184,-0.032001337844579,2.352019949543,1.60689332079486,1.0661468076379,0.148443123841376,1.42640787069162,0.338449013763821,0.0474128778250763,0.0724367250906651,0.618095831818299,-0.0283298444874343,2.93917041147971,0.0113167324384383,2.10024133063211,0.562962050402557,0.205416950195589,-0.00380200538678507,2.24922838665442,1.00947166528038,0.0650205351246482,1.73786298785521,3.02849067438714,3.37982810266854,-0.0101131738447137,0.202412580552436,0.240631052429835,0.092009849290448,2.44506995759069,4.61883814139139,0.668877455763778,1.19411379002909,1.8279377947296,0.809967636559109,0.555557782261103,0.906589340112392,0.377325167359571,1.31467531740547,3.43637652011927,1.02106449061805,0.811540670662531,2.27747661458295,0.040627905874096,1.37899381764671,0.777014739950208
"LL",2001,0.00982384849996062,0.347658954293391,0.418594151217666,1.23814381235442,-0.00742507602400345,1.89778847184886,0.880643277000281,3.96024555265311,2.17816970158905,3.04602491719363,0.0475393335240767,1.3185194563504,0.193382714183646,1.90985936976379,1.41496359184692,0.58666481221504,1.39507331685503,0.549671860215289,0.71292352322095,-0.00581168779863639,0.35690137389817,1.48214470017414,0.0204236139121544,3.02758587543563,0.0356571737678741,3.14491331526795,0.755321197589361,0.419777935964998,0.00904698182551843,3.94536262151545,0.541079873634931,0.039004694208378,1.5265026886697,2.06660958730327,2.87460040630024,0.180094255518291,0.334397929190363,0.0544664204128308,-0.0335558641463776,2.16524812908143,4.65167027266233,1.30337336860203,2.14913416125391,2.33442486736165,0.862969896311156,0.42883144904567,0.0658777480050764,0.227058904573142,2.28955997858459,4.10965768478684,1.35204274584304,0.616957195172602,3.01571861182461,0.0181945071169551,1.87339479951089,0.0289534196128972
"LL",2002,-0.0550626249934921,-0.0194388080106275,0.0376204589621941,-0.00763374689488722,-0.172849851176451,2.28499785807736,0.021501119204458,4.52902516398307,1.69723315080052,3.02479183845841,-0.0183148685418576,0.140678798165327,0.0245829486577521,1.95931396736912,0.389422507055028,0.702245556141544,0.876378405048748,0.678637465180019,0.0592681531983629,0.0317503878419757,0.10154952517501,-0.0320470786622519,0.00668380652651721,3.7800394732728,0.162579649060853,3.36014947046672,-0.0309421892223822,0.373622719518186,0.0167692475751219,3.34306109920269,-0.036620078973953,0.0551847628604136,1.1496217463516,2.22946489965154,2.59268773321603,0.106212375869538,0.12094081400712,-0.0663037733650082,0.0437135863629448,0.930479318389497,4.587233638874,0.0810414998792297,2.1154720450104,0.933375725693557,1.13219162712463,-0.0204238960259032,-0.121976544898626,-0.103348256557169,0.816642257030761,4.20673040756942,1.20473723419645,0.0629655413385552,3.27883991359026,-0.0961042911549264,-0.216252743503441,2.64873362863927
"LL",2003,-0.00254376792863086,0.187325915089872,0.654629664990243,0.96858991762308,0.625613373051822,1.06722906218189,0.0178673659619721,3.90604534168993,2.06484487877438,2.90756895414468,0.221920008484172,1.18051907099397,0.455061243891315,2.07319929287861,1.93876069336311,1.14589170433034,1.26811843541206,0.841211757619421,0.378679944917744,0.0992792832282102,0.235643121452971,0.647817024464167,9.87836551863705e-05,2.5703354435176,-0.00966122761753301,2.44319193925658,1.0436692220712,0.459472102997134,-0.00428790724452292,2.48044960726054,0.262487495561119,-0.0508301538445463,2.41765681228169,2.57978246402214,3.13857898535404,0.182229973935234,0.142107171867789,0.202517255148621,0.044095882895824,3.00023031785781,4.80457110088664,1.14901539990062,1.30916323849617,2.33975440450899,1.15218964535944,0.0177720105824567,-0.00274517299974665,0.184038126754821,0.76285668197577,3.90828447991343,1.44003526715583,0.906636852987562,2.49197995766734,0.0487250770237515,-0.0251482369474482,1.47684790280214
"LL",2004,0.528351972703454,0.331528685051555,0.037218133030538,0.666780588654997,-0.00567965454422723,1.23356150922778,0.738199811190384,4.0880206572202,1.63697193971362,2.90683660195883,0.385423838319892,2.34656389407046,0.127240522449341,0.0126664485103342,1.81831731055338,1.07903413987132,0.190398526240621,0.7983808000623,0.9140036139988,0.0715266862504812,0.177959389989251,1.05768810981471,0.00594352099018271,2.3484438421704,0.0374285132817823,2.83634117491122,0.527081297873266,0.202676152613541,-0.00145272630989005,3.02837053394883,0.705318806076207,0.0437531989296618,2.20067439185935,2.43559107855737,3.15873654523152,0.127257445330191,0.066826865327977,0.203485547397914,0.676297858981045,2.22594820157281,4.88662389038269,1.41280039067861,1.22926944338287,1.19096728836839,1.23245598310332,0.260860583120516,0.258390698350183,0.0403648976522251,2.3325353008169,3.96771152556675,1.57929133934972,0.75732164976907,2.63142854234709,0.0197973331991445,0.00923743977719301,1.58863659932542
"LL",2005,0.00554236541741475,0.00495499807812635,0.0777773933321978,0.219666428099947,-0.0122800834348231,1.0175171210184,1.29314786400196,4.09289592698816,2.09231228947668,2.59986591383795,0.0510708476654469,1.67389558625213,-0.048619440826801,0.819803176376197,1.24475181413423,0.992699210315546,0.834130807917168,1.06918487128423,1.26211204367009,-0.00368513758304258,0.372458199230552,1.61943397965321,0.0212124721695537,2.69736602909776,0.0830439810604852,2.97883263505156,0.27838323473045,0.257632746216181,-0.00329087126458965,3.6546056636588,0.368204922234924,0.0636093466319519,2.53765698501105,3.15512262203666,3.00840258179827,0.16873414518583,0.127936986351269,0.389158347554963,2.30359354200344,3.55031955413927,4.78192331482839,0.77221069056294,0.878177035255256,2.24818354533762,0.712048740490428,0.378504804659694,0.303164390516815,0.26216918045523,1.95089877309103,3.77898249939587,1.28714192670134,0.433320875799541,2.30303617854556,0.190344247513925,0.00224791481391768,1.65469537042069
"LL",2006,0.00554236541741445,0.00495499807812666,0.662073833217591,0.385866311523312,-0.0122800834348227,1.1611492383384,1.53732736619853,4.1616375121439,1.77144224193056,2.85793305473411,0.0510708476654475,1.78218716684057,0.421127142737946,0.833765601170432,1.41212652141271,1.01432671617433,0.296954961474544,1.09020114236686,0.433671264813598,0.188952642157316,0.315169055568164,2.21572526910864,0.605581350678117,2.63573431861387,0.083043981060485,1.87761874451358,0.297182632835183,0.449150329606967,-0.00329087126458958,2.75935535643482,0.719088703935926,0.0636093466319623,3.00789124824264,3.30991840097661,3.85261067279677,0.168733603404954,0.0958308363080055,0.204324584668743,3.48143890164671,2.12981055040541,4.711018210997,0.991042729697734,1.31952431813156,1.95357425840254,0.287039721250375,0.37850487609891,0.716493679406488,0.639640488507567,2.73436869656429,3.66562437541945,1.07775206142326,0.470919643563731,2.60182616978973,0.0242949308758776,0.00224791481392435,1.53251004693032
"LL",2007,0.00645381728686996,0.00128572891176185,0.733062890495294,0.798801882775584,0.324563931321628,0.615187945288594,0.999308620737483,3.98638332885469,2.02584125430586,2.94687346306816,0.18807132962603,2.94388079653602,0.155269146068441,0.168948602230151,1.67104743789862,0.727832102024495,0.367058193757198,0.918170758624438,0.886964929015046,0.110513404469893,0.184174427273375,0.67808495617542,1.14054334845736,2.7477472035751,0.0374285132817831,2.11060309395857,0.572789134284439,0.37222299842574,-0.00145272630988988,2.76507714829941,0.304622661598127,0.0437531989296784,2.41408655498825,2.94411050564223,3.2369901509453,0.318870242855212,0.451274015227048,0.185806068576108,3.60605808259466,2.33709413891137,4.47635581619951,1.22184860807239,1.27642792716357,1.25659686558532,0.0447540151981069,0.310523925531847,0.453061223564438,0.242373246487002,0.954528075473001,3.48528374289513,1.79166132944496,0.200050773914547,2.08512324565014,0.0197973331991434,0.00923743977720086,0.726120188075791
"LL",2008,-6.15149207613963e-16,-6.08779519850611e-16,0.750531358770846,1.14683989627065,0.147600101008915,1.83685775746368,1.33755198354125,4.17056777654894,2.08844025580641,2.81492619965659,0.321670044193146,3.24100571541948,0.492890689780039,1.19136107242128,1.74739820643477,1.47148701124973,1.46438079821728,0.941854590509805,0.869389942053147,0.139578703428758,0.130374745368638,1.59258770261892,1.04251286442395,3.26736852635092,-6.80445283451903e-15,2.13671683907245,0.371792943258195,0.599344139438434,-4.76655932606096e-16,3.61623056222768,0.572834319269699,-9.95037385820297e-15,2.01708142721274,2.84111149226903,3.2397260704382,-2.6779793660392e-16,0.132033115444409,0.311896070688239,3.53636461447068,3.57966651419108,4.72915325575693,1.02695110854814,1.5199453273814,2.14421737970236,0.295198785134314,0.371792917002577,0.197724483829213,0.459495489491699,2.04187034058461,3.82355936568496,1.17835281006108,0.18100725421418,3.87919381245094,3.20544372295339e-16,-8.15103193274602e-15,1.69969771519375
"LL",2009,0.180415005885664,0.0012857289117621,0.0372181330305385,0.894782888089556,0.168281924901908,0.925525364940211,0.191585274474076,3.98416197545227,1.49007057173314,3.06771736896522,0.188071329626029,3.24171681832483,0.492843303933164,0.995051532717814,1.51274927157618,0.994501470641486,0.18004905277785,1.8831994411139,0.29958289957578,0.387454744037176,0.301218305120297,0.69006367599017,0.886117661766054,2.58118246018984,0.0374285132817821,2.28437839001343,0.224866714416404,0.314721820263426,-0.00145272630988991,2.55554711843146,0.331222322954521,0.68658795169254,2.3282935999347,2.8046806834636,3.29476980601979,-0.0113730776116116,0.341966218726464,0.203485547397913,3.26689038858835,3.33374094236988,4.50336211389193,0.482291958168748,0.973154173507206,1.11263141742456,0.374996913573891,0.634659395866023,0.438049655886641,0.370607796028007,1.46637865990126,3.56051661832685,1.14298524714318,0.558340808200027,2.596364469458,0.0197973331991431,1.91853806823432,0.204221975438315
"LL",2010,0.393969589927209,-0.0177825931250543,0.339082471103754,0.751150458254663,0.00168654022670757,1.02037721006698,0.52627635025136,4.25534679034545,1.68733934267054,3.14241611957768,0.131856756110121,1.92417982596992,-0.104750109996262,0.98066531664062,1.67849289902454,0.91160205162057,0.773165919139012,2.30397685817226,0.574706057092947,0.175617664910494,-0.0215777713878537,0.603781943287774,0.588526755591151,2.18170793650958,-0.028067122693491,1.79738197582299,0.269660324748604,0.803248480802938,0.00163062284859442,3.29818533008533,0.365439803731573,0.234929608748893,1.6107392928279,2.32589007153587,2.65420705514949,-0.0645407802607324,0.375142276395422,0.195711955339503,3.41206637188342,3.6896538843357,4.57560173261314,1.16703713650638,1.28006953063432,1.65418325531802,-0.0568288370316283,0.228472512652241,0.187866275052968,0.484079000952231,1.45527394538995,3.93043009516559,1.07688515219518,-0.0657037568032139,1.81999756239026,0.142195217378416,1.17781169537229,0.147390284177893
"LL",2011,1.24187227341921e-15,0.164297250953672,0.657186758752397,0.797785986230075,7.35089072945172e-17,1.43709679114777,0.708744831240275,3.77957610071805,1.83154482905428,2.90217617274085,0.164296678121082,3.32164379278532,0.509521711290657,1.69391729191406,1.58534659222721,1.55490772881775,0.827541580339628,1.62040242657711,0.501933152724585,0.0856174861017445,0.182553176723918,1.75856872342032,-1.21235486927329e-15,2.83381509902369,0.565132240553485,3.56417240003347,0.529393926105881,0.448979008970061,-3.39721198221177e-16,3.67183701727928,0.420395888143328,2.55357324014272,2.0954141041891,2.33212963900041,3.39471607746111,0.157606783917093,0.130958322906621,0.164296678121083,3.5662925230918,3.66281668870757,4.57633758388863,-2.59731472440627e-15,1.36569257750238,2.03221002074641,3.16587034365767e-16,0.770083691259383,0.375520463763807,0.164296678121082,1.5766065020771,3.85700595125843,1.32532500799914,0.519621150132064,2.66924713972515,0.203107041413613,1.934085702912,0.181007254214186
"LL",2012,-0.0671035411500515,0.0197813705554044,0.434523509622986,0.866508174996813,-0.00449681103827472,0.118235296686307,0.137567795390815,3.40984205338991,1.36346447717853,3.23696522384977,0.189572713118208,3.28219765354723,0.0909689655656647,1.88359951026173,1.21082488648047,1.01883362713136,-0.28873447691405,0.976390697431884,0.407555744221666,0.383245344248103,0.20172585226307,1.60884872936691,0.121510706153584,2.92578929745119,0.790747464453387,2.41262061309238,0.906261910912798,0.370757432406654,-0.00398544729467203,2.10257842490491,0.911380547436721,2.10369802830746,1.52148975164779,2.74444037333817,3.46859585406475,0.0688677930542691,0.320014991713658,-0.180880862096449,3.68426989760337,3.13844576316981,4.47888382326353,0.151127134998471,1.00465923264371,2.40513526301299,0.183896408206347,0.829016097387636,-0.112580381237341,0.250262594821869,0.896761883725892,2.26168978933416,0.338992318153005,0.155078802269067,0.715329160813772,0.346673739380526,0.570265935638712,0.288596395002843
"LL",2013,-8.56275770774739e-16,-3.01733464602716e-16,-1.03042574473022e-15,1.11697162526933,0.157244413560192,1.19647848574406,0.993102653370789,3.68698294156785,1.59415360379824,2.55085166152354,-5.97761315272727e-16,1.66273124967704,0.331677137998707,0.362132978981933,1.68059244715941,0.774409966324049,0.951281331358953,0.79640753204321,1.03233559546158,0.146201681566976,0.112764048961413,1.3524220052954,-1.20541597536938e-15,2.37991893295919,0.452805477140567,2.79888469434528,0.675920080354252,0.495548211803327,-2.44202986825204e-16,2.77566948310717,0.677219248512323,2.03438392844916,1.149482300242,2.29311740673689,3.23567607630824,-2.40042360988291e-16,0.655381724583979,-2.29037708937563e-16,2.98380472150808,3.3449925927076,4.46019450885075,0.576563813233734,1.19496432171174,0.637494986237654,0.288155545497955,0.743857017875256,0.541102803888899,0.486208999661083,1.43989794240337,3.46629009388867,1.34585684924688,0.13092862227049,2.48364641668041,0.574394964765489,1.98042000990097,0.147599392567157
"LL",2014,0.179988517313134,0.173712777130197,0.464341127652788,1.01969459451417,-0.00742507602400212,1.6196317693965,0.741318452029957,3.65524904846424,1.45107578949927,2.61511194573398,0.214413660124278,1.67095514984923,0.346718670879477,0.200216425555854,0.979338554496713,1.36567805389213,1.12494326734087,1.14718124869489,0.790757325585744,0.242058032390751,0.159720405548674,0.865319137554641,0.0204236139121531,2.47490351191051,0.85680019096715,3.16928467747881,0.181411447158117,0.443620430019833,0.00904698182551764,3.0665669265731,0.3069082554729,2.06126567908711,0.925672856177169,2.92075540825221,3.51199761393089,0.542080653284306,0.225747609580908,0.0544664204128318,3.02382537224035,3.46179185005381,4.65039032478088,0.0849366620795176,0.776118826830091,1.31134516039482,0.218461530326218,0.688581738173571,0.637874770157824,0.255359425508333,1.02108747072509,3.68972027556194,1.17240425584086,0.0539802955284982,2.0086232169784,0.401044054288249,1.65335736639847,0.220606598929565
"LL",2015,-1.10304018523244e-15,-1.78752412177685e-15,0.476191648721564,1.33547269839136,4.57533316788883e-17,1.68522195303742,0.328613541036323,3.71742253198726,1.64321697082835,2.41146984043685,0.19772300967394,1.99915303678557,0.713495720798604,0.754793385173472,1.37114002975036,1.35066809858961,1.89547240590162,1.66120389417168,0.290285963316921,0.214856159153215,0.316595383688075,1.29960009542639,-2.60360309700669e-15,3.04773701590271,1.6599120048945,2.98732204053695,0.482796040293362,0.533193233804338,0.164295205185575,3.13023131201384,0.454754554805439,2.37152519958281,2.88950399926062,3.49383832868784,3.37241944053834,0.15760848973675,0.26423242315372,0.170910282781319,2.05544430629708,3.76963458918896,4.79219304622036,1.24221401069777,1.16335138249235,2.1332587489471,0.49950661502607,0.905729944889542,0.663801820211637,7.67073037033494e-17,1.21332704445765,3.59469003814132,1.24333506729308,0.358800714862325,2.87282164223654,-1.46622080796077e-15,1.77101339683023,2.56704379975048e-14
"LL",2016,0.017541703182822,0.235685450351275,0.23000025068345,1.16577224012839,0.426677031985258,2.73586309886004,1.00748796960478,3.88998196723382,1.12887227922785,2.51843094415516,0.131396504879307,3.11984017248687,0.471539564379878,1.00471906351609,1.75449504446229,0.838892852963056,1.90648881293759,2.42492063929879,0.512905770572226,0.170451325362648,0.13082110903865,3.64927524117141,0.117862581638773,3.40028843163415,2.62593268906238,3.67991942870053,0.592631122562808,0.320231856570508,0.00488211997408696,3.87910735189715,0.596933406524876,2.73263077743559,2.60623487322042,3.14419508102501,3.11102338053163,0.199166960519013,0.0389796518898947,0.899579432129518,2.44957970642099,3.94781822254071,4.82637531134468,0.781363201040594,0.696803340701044,2.44949723081354,0.349642907148996,1.108092323163,0.324445081478915,0.215020937539485,2.02844430745341,4.02408324606294,1.13719617039606,0.258932182298764,3.56580233645919,0.320109838174381,2.23350057593965,0.194480208204667
"LL",2017,0.147608503663431,-1.30960780414524e-15,2.72351585728359e-15,0.717051352087306,1.79977560632594e-17,1.03163091109466,0.855163074039631,3.88012392856778,1.20643671511749,2.84891232915617,2.5941298805246e-15,2.69077306582366,9.71445146547012e-16,0.646142548450101,1.10573228706658,1.29127686093459,0.173602662507516,1.31714875228113,0.61730602165239,0.0570658610572009,0.313181056003482,0.695800994376492,-6.60712803912666e-16,2.77727344588254,1.42327189210841,2.18682652072398,0.164295484938475,0.484282815519702,0.157605170153667,3.45051152475631,0.563078504390749,2.96191675101596,1.69405812552784,2.83921649713187,3.26058565780931,0.140557313323786,-1.25724083921419e-15,2.3244752477003e-15,2.72418687106852,2.90437903977676,4.54837286866167,0.893982067648054,-4.04158043837421e-15,1.37965301107447,0.824819023939662,0.832936350707845,0.810596324713163,0.164295484938477,1.71512057444615,3.23965146658748,0.984432444400193,-1.4946540099342e-15,2.39142628981572,0.0285377394251188,2.22252921187728,-7.6362527412499e-15
"LL",2018,0.326954196418703,-4.24898831397069e-16,0.304858511078253,1.5969189964862,9.06176175763385e-16,0.96443846504374,0.186390703290784,3.76475051810189,1.57891802227529,2.78484019462465,0.629497344128806,2.77054521804727,0.663302902308129,1.55729579893916,0.826190779767404,1.45972887216302,0.688829692844497,1.45786955140362,0.352529385697521,0.0285406997291412,0.177131059210999,1.40479925617781,-1.32337717173581e-15,2.88423159403058,1.95014823711636,2.8927355259877,0.140554618033318,0.334009533959518,2.12586296222811e-15,2.74009103329454,1.33606916591177,2.11304336862411,1.20827961255801,2.79672525410873,2.36470040799895,-2.04480529730766e-16,0.0697898318326518,0.609371988711096,3.02749248150165,3.01287010149114,4.52672510242822,2.89265139619133e-16,-1.37704517927384e-15,2.23623158928828,0.281113660583774,0.824126104503552,0.886348843636532,0.314848046548109,2.02745928350622,3.81935951281863,0.679602231523783,-1.43914285870295e-15,1.61221118518156,0.644987988349402,2.26756782865343,3.0218882951516e-15
"LL",2019,0.0653759705374717,-0.0177825931250542,0.687711016100364,1.04723518567982,0.388344701771079,0.953562181619471,0.821476039365353,3.83015984032649,2.3298050082104,2.78730050254419,0.742262938927197,2.81101498206896,1.54259533315095,0.98066531664061,1.37200915000206,1.70682329405418,0.773165919139001,2.15076545557709,0.29014401885952,0.3996436909188,0.146868726453393,-0.120247448182018,-0.068659920523302,3.12273137438369,0.759718018104031,3.1238368621228,0.269661229725561,0.484681413382023,0.00163062284859603,2.82974316541512,1.062201139647,1.58209441278095,1.5016691209124,2.01869749535368,2.15711913886607,-0.0645407802607322,-0.0930293136734178,0.839530777467441,3.32206142173488,4.39988273183714,4.64692441729592,-0.00543208798728738,0.0495164320108545,2.01619481624946,0.915566174865979,0.89182120925682,0.83168509718092,0.765891863897018,0.860279550101349,3.72384676364874,0.95444280817802,0.611028862129798,2.717874787113,0.224693481585435,0.840909664232686,0.442586126687633
