station,year,Acartia,Acartia longiremis,Aetideidae,Amphipoda,Ascidiacea,Bivalvia,Bryozoa,Calanus finmarchicus,Calanus glacialis,Calanus hyperboreus,Calocalanus pavo,Centropages,Centropages hamatus,Centropages typicus,Chaetognatha,Cirripedia,Cladocera,Clausocalanus,Cnidaria,Ctenophora,Decapoda,Echinodermata,Euchaeta,Euphausiacea,Foraminifera,Gastropoda,Ichthyoplankton,Isopoda,Larvacea,Mecynocera clausi,Metridia,Metridia longa,Metridia lucens,Microcalanus,Microsetella,Mysidacea,Nannocalanus minor,Oithona,Oithona atlantica,Oithona similis,Oncaea,Ostracoda,Paracalanus,Paraeuchaeta norvegica,Pleuromamma,Pleuromamma borealis,Pleuromamma robusta,Polychaeta,Pseudocalanus,Scolecithricella minor,Spinocalanus,Temora,Thaliacea,Triconia borealis,Triconia conifera
HL2,1999,0.29225238,-0.343343081,-0.480468477,-0.294749057,0.790832748,2.038081186,-1.703060506,1.109237694,-1.882267205,-0.07950487,1.543463099,-0.748707136,-0.822833508,1.391352762,2.440140232,-0.631951058,1.904253247,0.174501281,1.118769291,-1.560305251,1.521102688,1.264947635,-0.334917939,0.203040962,-1.507295348,2.513008382,1.863915089,0.419535559,0.968710556,1.948532551,-0.361869947,-0.077590892,0.395977265,-3.022683401,-0.854286215,-0.537192174,2.776973597,-0.782362497,0.439238524,0.930020467,2.587268785,1.605057122,0.154596702,-0.625283801,2.644835051,-0.246092229,2.000924104,1.06537868,0.751930486,-0.218272434,-0.448251536,0.136528325,0.499578635,-0.794782973,1.875329585
HL2,2000,-0.986871116,2.133792606,-0.338554117,-1.134988128,-0.654128173,1.579962978,0.257754474,1.204751048,-1.379252078,-2.3751327,-0.619295866,-0.784081125,0.175898753,1.792339061,-0.016166386,-1.195697751,1.291939934,2.160845725,-1.807656966,0.259914104,1.936860182,-0.610772735,-0.351550943,0.448928162,0.267317375,1.302597985,-0.07725929,-0.248951054,-1.812202759,-0.563780132,-0.368906034,0.841308841,1.464402145,1.00983795,-1.085227206,-0.601112153,-0.308725273,-0.73805497,1.403113834,0.85511582,-0.106180317,-0.755537129,2.743857886,2.207930256,-0.63427896,-0.409775927,2.264489539,-2.201691793,0.780049813,1.864191111,-0.320045362,1.12223531,1.518043359,1.494715827,-0.954972065
HL2,2001,-0.954200126,-0.44805434,-0.366460113,0.092263834,-0.589842637,0.13717703,-0.784370183,0.962612195,0.836564153,0.974414415,-0.684361181,-0.248585082,1.385347281,0.863376263,-0.834788568,-0.807979998,0.119348255,-0.713502837,-1.488123671,-0.625976205,0.607090926,0.813099105,-0.2525253,0.725328879,-0.893575312,-0.388331766,-0.030673101,0.242849034,-0.620349706,-0.793996315,-0.605790546,-0.760423656,-0.50541464,0.383335224,0.364271712,-0.404176741,-0.51977669,-0.768835988,-0.319903704,0.869045314,0.537788768,-0.587008858,0.60880232,-0.657147603,-0.548334643,2.322484744,-0.481733725,-0.337747476,-0.009338661,-0.511805029,-0.400766705,-0.213336991,-0.688318252,1.581790632,-1.117155935
HL2,2002,-0.876946001,2.123887952,2.932854143,0.260944606,-0.413817216,-1.070678297,-0.742527553,-1.742116715,-0.213756856,-0.627779765,-0.658402436,-1.646392797,-0.924105307,-0.806706383,-1.485095266,-1.317684839,-0.343630204,-0.021310396,0.066175613,-1.072632611,-0.746846096,0.234293345,-0.292542123,-0.247304661,0.127283138,-0.594010107,-1.178053174,-0.629019498,-0.121934528,0.013036515,-0.252003695,-1.280365432,-0.608583382,0.385025884,-0.679207124,-0.238845169,-0.427196267,-0.840593693,-1.415656723,-2.272704982,-0.723035195,0.41054109,-0.289740831,0.848498542,-0.384818322,-0.571076043,-0.404814702,-0.869343221,-0.495690643,0.206657046,-0.361315432,-1.528481648,-0.781083245,0.378394801,-0.878468982
HL2,2003,-1.022216407,-0.649196761,-0.37028723,0.346305388,-0.705960169,-1.036578619,-1.089468693,0.27422878,0.142388578,0.85728198,1.373292744,-0.729779552,-0.726349812,0.745712383,-0.380153072,-0.391315085,-0.539931007,-0.758900797,-0.058753487,0.796553664,-0.846447883,-1.130100264,-0.174821068,1.151733205,-1.028987691,0.523563135,-0.2075447,-0.413010874,0.838482581,-0.865288071,0.60538235,-0.47343906,-0.175462169,-0.237168633,1.722255288,-0.608695999,1.204737781,-0.821442245,-1.115462084,-1.018547629,0.117375891,-0.823898227,0.306826398,-0.583742724,-0.413332207,-0.467254987,-0.369346505,0.588953838,1.156211187,0.319069543,2.05400874,-0.35738219,0.959414803,-0.680631053,0.655929719
HL2,2004,1.181823347,-0.450763991,-0.481939298,-0.078894455,-0.615420896,-0.01534309,1.064260508,-0.155096817,0.398207188,0.486058326,-0.575096467,-0.52476696,2.308900389,-0.340062438,-0.344154487,1.527863661,-0.076843114,-1.135866524,0.428102686,-0.117444981,0.66890447,-0.99600468,-0.294535039,-1.865177038,-0.763259689,0.053268253,-0.440584873,-0.446867705,1.68964523,-0.681559972,-0.37388919,-0.063108238,-1.761552817,0.413566694,0.931536083,-0.606974512,-0.492040662,-0.748558012,-0.958849459,0.643990349,0.327232878,-0.812000166,-0.395468411,-0.622645536,-0.454602436,-0.435982917,-0.453189188,0.737184805,0.889034432,-1.192902572,-0.42250119,1.246955986,-0.657637762,-0.758512764,0.521897715
HL2,2005,0.252520363,-0.390897235,-0.399195022,-0.719334581,-0.538192683,0.343053438,0.164612214,-1.320191435,0.413933966,-0.226173854,1.975936669,0.21710751,0.32845423,-0.541592964,-0.088107157,-0.121080277,-0.446230365,0.519323213,1.420375335,-0.614566322,-1.000447334,2.104883021,-0.376656813,-0.935261684,1.302635513,-0.302337211,1.659699337,-1.302528744,0.775728378,-0.25178181,-0.212633235,0.462893031,0.04207884,-0.072713802,-1.943552214,2.804356587,-0.033517344,0.980890257,-0.675823992,0.964129798,-0.715039402,-0.932411259,-0.88713012,-0.723783564,-0.376623717,-0.509247924,-0.348834422,1.664393999,-1.762361682,-0.7544186,-0.468507789,1.064199169,-0.489154568,-0.742342579,0.0678563
HL2,2006,-0.762741513,-0.312789975,-0.385467105,-0.981017005,0.85202265,-0.337737107,1.2887835,-0.702707923,-0.701319789,-0.192051318,-0.631675273,0.062235114,-0.888071005,-0.556107883,-0.505528787,0.783821347,-0.50804698,1.054714165,1.103566151,0.584844931,-0.703496664,-0.458066032,-0.178222735,-1.308241764,0.671212487,-0.939531823,-0.446887915,-0.224718211,-0.725627872,0.241030304,-0.479358985,0.807664207,1.770295425,0.26907033,0.051538101,-0.296073044,-0.454552958,0.414485791,0.947683895,-0.585854204,-0.727237948,0.964714814,-0.564947101,1.216216796,-0.368682915,-0.343565784,-0.420800783,-0.218103189,-1.351315622,1.502029838,2.217528194,-0.629409439,-0.445890177,-0.78711403,1.123594755
HL2,2007,1.627030537,-0.523322453,-0.368482912,0.908989491,-0.576416273,-1.226778966,0.753054482,-0.481011056,1.187685724,0.612729209,-0.515452073,1.103601371,-0.148931069,-1.452206663,0.113718473,1.627025855,-1.416930166,-1.000622064,-0.158490188,-0.310458541,-0.543010811,-0.734164222,-0.240827768,-0.508711596,-0.724133169,-0.74975916,1.03505334,2.792904917,-1.022494516,-0.67153508,-0.414056588,-0.355147967,0.239368967,0.193190756,0.166886886,-0.360399239,-0.471997213,1.274350976,-0.654262254,-0.276797025,-0.770907386,1.168038667,-1.023595231,0.817552124,-0.352878415,1.919818874,-0.329920009,0.151946218,0.113264598,0.930863782,-0.529302666,-1.84875939,-0.774814186,-0.675661874,0.425216753
HL2,2008,1.287435869,-0.503331048,-0.268507892,0.695280759,2.616455955,0.29713295,1.060414596,1.123590399,1.381903205,1.417298681,-0.508271268,1.972043539,0.009349883,-0.839436158,0.449271918,0.751650585,-0.637237774,-0.825188146,-0.855325106,-0.044734835,-0.140102246,-0.164832939,3.167576926,0.949017069,1.184749093,-0.473393207,-1.075837112,-0.505513409,0.280067838,-0.530970419,-0.295746384,-1.788138909,-1.053746494,0.089841124,0.657174007,-0.458718583,-0.303276012,1.511920507,-0.009892327,0.301463077,0.867404667,-0.873144433,-0.600331417,-0.624133528,-0.310222898,-0.490610085,-0.390038651,0.159181189,0.896748378,-0.398663304,-0.363704637,0.757535573,-0.794296108,-0.709316351,0.393118722
HL2,2009,0.639941544,-0.39756537,0.932134997,2.216538618,-0.496908024,-0.223423129,0.617283771,-0.63134044,0.469191898,-0.744983745,-0.203074194,0.98420546,0.150197679,0.280725669,1.096860408,-0.574853214,1.373208568,0.869355183,0.283501643,2.309248164,-0.989306604,-0.78730435,-0.395896376,0.119925272,1.454955466,-0.487887809,-0.323067414,-0.047825948,0.392860711,2.043118659,-0.272319718,1.198127734,-0.459156679,0.405642125,0.651510014,1.002596997,-0.321936159,-0.773442324,1.20122939,0.298551046,-0.661893896,1.285526094,0.310097466,-0.687005275,-0.283426918,-0.532384309,-0.502129584,-0.612219568,0.301587964,-0.504981128,-0.495692758,0.355046194,2.046028342,0.18110022,-0.968492403
HL2,2010,-0.678028876,-0.238416303,-0.405626975,-1.31133947,0.331374719,-0.484868374,-0.886736611,0.35804427,-0.653278782,-0.102156359,-0.497063753,0.343119657,-0.847857514,-0.537393648,-0.445997307,0.350200773,-0.719900393,-0.323348804,-0.052141299,0.395557883,0.235699372,0.464022117,-0.275080822,1.266723194,-0.090901864,-0.457186671,-0.778760188,0.363145933,-0.642885913,0.11319377,3.031191973,1.48822034,0.651793538,0.183055748,0.017100668,0.305234031,-0.6486928,1.291642199,1.1585849,-0.708412031,-0.732776845,-0.649877714,-0.362967662,-0.566455687,1.48236638,-0.236313412,-0.564606074,-0.127933481,-1.270120249,-1.241768254,-0.461448858,-0.105130899,-0.391870842,1.512360145,-1.143854163
HL2,2011,0.274376886,-0.494226468,-0.37460733,-1.073474527,-0.555139545,0.49889034,0.316764619,-2.558659077,-1.18195561,-0.721856803,-0.443961596,1.478675679,0.786519197,-0.082654954,-1.010596676,0.081382623,-0.195093814,-0.354986609,-0.824903123,2.240412731,-0.205840649,-0.214527362,-0.255191561,0.838405592,-0.378195429,1.348601401,-0.306301137,0.686800255,-0.529879989,0.101635513,8.264877971,0.448462655,-1.032548831,0.663454971,-0.828866319,-0.224513317,-0.684337281,1.208918159,0.576884114,-0.51319429,-0.656152343,-0.676169716,0.397860215,-0.584623384,2.96158401,-0.401597345,-0.486763535,0.93985928,-0.686642718,-0.1567459,-0.418763247,0.96983842,-0.794433907,1.52758827,-1.137148974
HL2,2012,-0.77865635,-0.411662279,-0.322572743,-0.113590812,-0.450153225,0.06082347,-1.593398362,-4.144041853,-2.602585156,-2.451550969,-0.551769248,1.684781063,-0.765545837,-0.114698925,0.132231801,0.723652186,-0.121884219,2.405002756,-1.006633623,-0.496698823,-0.897241599,0.093111698,-0.313606462,-0.693796657,39.94340682,0.057452951,-0.391629948,0.469063682,-0.770658035,2.060553123,5.438399638,-1.392833707,0.391019224,0.464626486,-0.308302726,-0.451312842,0.963867251,1.207488638,1.713086568,-1.490585949,-0.771449911,2.611786974,1.633057944,-0.624291858,-0.587010588,-0.297374524,-0.355716284,1.044344804,-1.708813015,0.044085789,-0.418772678,-0.862424308,1.752532384,1.140950068,-1.099642056
HL2,2013,-0.858748663,-0.387741814,-0.372102822,0.304255407,-0.601708062,0.719116017,4.595847964,-1.123385232,-0.723076607,-1.311464724,1.177312168,0.715872295,-0.734154615,0.02479318,0.102777087,1.860392018,-0.276424694,0.988830533,1.142020855,-0.130687679,-1.058354007,0.436672951,-0.373540813,-1.349685688,30.28934696,1.474376706,2.830626953,0.02239219,1.658638773,-0.569691893,8.553448721,-0.85968322,-0.515544029,7.28E-05,-0.90428678,-0.026095151,-0.410705741,1.111401622,1.535860704,-0.73035104,-0.779251798,2.523577808,-0.07187259,-0.738856045,1.933088277,-0.233532528,-0.301942109,-0.111757633,0.423303901,-0.629722911,-0.338759704,-1.268181752,-0.527462863,1.516786564,-1.186289233
HL2,2014,0.411279854,-0.605920167,-0.393271196,1.377011655,-0.632645686,-0.593937403,3.35601846,-0.91731189,-0.917531448,-1.006894584,-0.523676017,1.379432958,0.277343571,-0.081698854,-0.573833041,1.263746692,0.87994829,0.207875846,0.522854803,0.161790618,-1.056747566,0.092351845,-0.30454559,0.517013221,65.33965213,1.385665846,-0.518524873,0.402835226,1.702422489,-0.874353706,9.384790281,-0.120449382,0.314501082,0.579383822,-0.098835199,-0.239397985,-0.764024275,1.29880952,2.313772335,-0.180382633,-0.597490945,-0.671917173,-0.867322155,-0.619447913,-0.701908484,6.071689424,-0.258934638,0.190413428,-0.406300818,0.491356804,-0.298318663,0.959785267,0.579385104,1.473850604,-1.157382164
HL2,2015,0.01808818,-0.5566429,-0.371597654,0.644737446,0.44839127,0.383215525,2.132843521,-4.290011301,-0.841458442,-0.572326206,-0.693556459,1.819513714,0.848965406,-0.130691859,-0.119994469,1.884655279,1.642166925,1.243627042,0.782171874,1.67771721,-0.227314229,0.038526736,-0.27491671,-0.049091841,88.15684861,0.627744361,-0.688543586,30.20206416,1.896716026,1.539527078,7.493228134,-0.041477397,0.464020663,0.732875301,-0.996484922,-0.596620677,0.683380539,1.318234989,2.337953715,0.470666525,-0.680030431,0.715741131,0.490529137,-0.627754696,-0.625512127,-0.386581441,-0.239472937,0.716938035,0.125235079,0.805884486,-0.332825636,-0.146691815,-0.837713068,1.614411628,-1.151699269
HL2,2016,-0.710580488,-0.369882881,-0.321233219,-0.480923142,0.820319837,0.78110593,2.143578769,-1.361199998,-1.97471358,-1.343595994,-0.459359701,1.247853462,0.480016656,-0.485839962,-0.716449781,-0.001149012,1.129915907,1.41561146,-0.385124055,0.44173457,-0.851919568,-0.449085903,-0.309370754,0.913378616,69.49066114,0.817841411,0.940192801,0.631696405,-0.26914823,2.032839115,9.096165477,0.571097237,1.464649998,0.191037218,-0.891371218,-0.531153656,-0.652470414,1.400853792,3.129547082,0.419046644,-0.722839407,-0.521398355,1.123329622,-0.65974058,-0.583178578,-0.227994545,-0.42791184,1.143485252,-0.83095328,-0.83982511,-0.38383136,0.617367407,-0.586139704,2.139696888,-1.144147163
BBL,1999,-0.527852783,2.588782032,-0.686088319,1.18348481,-0.44474573,2.369255821,-0.746548247,-0.495061297,0.306602483,-1.634235933,0.085069021,-0.746735986,-0.286285376,0.591801229,0.735926877,-1.946844785,-0.83313457,0.684578565,-1.43901979,-1.018913472,2.844177211,1.015171463,-0.749402015,-0.99845862,0.295869598,1.35896074,0.591035431,-0.390436513,-0.452654054,-0.284684357,-0.431691457,0.607996273,1.678529072,-0.203838719,0.718811807,-0.084393237,-1.074707717,-0.642018625,1.180209203,1.255368935,-0.671777777,0.571607238,0.624251333,0.526454744,-0.866597739,0.162708484,-0.217198476,1.758611747,0.379644112,-1.597970339,-0.474465476,0.670375403,2.168199003,-0.006860526,0.807942401
BBL,2000,-0.529152687,-0.4760628,-0.872314149,-0.568944752,2.908416972,0.179155473,-0.685106859,-0.630936923,-0.253132081,-1.76700154,0.53442692,-0.022925634,-0.283889247,1.50773785,0.170688178,-1.003034349,1.165283241,0.678189152,-0.728490096,0.776379007,0.220323465,1.02100476,-0.839073274,-1.028190908,-1.339436811,1.993575925,-1.502459912,-0.018909616,-0.247760061,0.063120511,-0.359088425,0.634274443,1.414069565,0.351860741,0.005210124,-0.113159129,0.794946148,-1.164716173,1.475249063,1.582021664,-0.18260458,-1.762177344,1.439342412,0.592918027,0.278748426,-0.575676575,0.66275171,-1.530871776,0.874896218,-0.106132592,-0.715521036,0.997992885,0.438552387,0.872754792,-0.725684917
BBL,2001,-0.510288246,-0.429754659,-0.771416979,2.173844459,-0.44900677,1.543431559,1.569953982,0.942401592,0.142564807,1.111034403,-0.778996799,-1.769309836,-0.321271659,1.858180518,-0.780346853,-0.522693348,0.418612675,-1.457931992,0.042819776,-0.988356922,-0.710999984,1.273385317,-0.755033201,-1.219007498,0.617061776,0.603375847,0.189328083,-0.187108818,1.506261083,-0.891319848,-0.481228211,-1.33165316,0.701688523,-0.331721814,-0.096484434,-0.195037749,-0.91046959,-1.020055494,-0.209885822,0.921771945,0.160199813,0.276947942,-0.537800293,1.268812132,-0.549185556,-0.159335396,-1.47462482,1.399175128,1.23894758,1.229012842,1.368089454,0.904795134,-0.151320487,2.020920226,-0.560116685
BBL,2002,-0.616889479,-0.667211291,-0.284530207,-0.904310364,-0.426201924,-0.172165628,-1.411774099,0.641140447,-1.220127985,0.126307811,-0.210243243,-0.152522574,-0.05619302,0.24606893,-1.677592824,0.155377783,-1.499263987,1.977795301,-1.274213181,-1.171054177,-0.239799587,-0.688180815,0.371486641,0.387949147,-2.040359665,-1.525348192,1.24900162,-1.573320633,0.835193526,2.480907651,-0.121774688,-1.960446664,0.863409534,1.943539414,-0.765408026,-0.622466262,1.59193655,-0.857382339,-0.431321401,0.773981263,0.034633107,1.259670136,1.056828319,-1.457920915,0.103487082,-2.010633475,-0.027000912,-0.958538069,0.082891768,-0.625279345,-0.057990322,0.489005167,-1.93553442,-0.219903709,-0.708892744
BBL,2003,-0.502719984,-0.405421857,1.799985293,0.549121413,-0.453898681,-0.719709095,0.092400143,1.363014181,1.260542213,0.73263522,-0.909149503,-0.502053429,-0.283603856,0.295446237,-0.513833614,0.808730145,-0.740540067,-0.394884172,0.832078693,-0.482118045,-0.271717439,-1.429620318,-0.810978633,1.363664994,0.047389493,-0.285143111,-1.318642189,-0.251690615,1.755198389,0.463955321,-0.443763588,-0.298469033,-1.012446066,0.440260756,-0.899091725,-0.045583029,-0.34473361,-0.852366735,-0.398857208,0.635247224,1.237973349,0.581737847,0.849694681,0.322052634,-0.105941326,0.331072799,-0.588917084,-0.208488251,0.592602027,0.416133961,1.800528896,-1.336634082,-0.271921456,-0.583330157,-0.073434799
BBL,2004,-0.502719984,-0.405421857,-0.839166494,-0.085560486,-0.453898681,-0.32653943,-0.167607802,-1.58850442,0.280646207,0.731026736,-1.904984803,-0.353676342,-0.283603856,-0.713917883,1.085237527,-0.607083489,0.313407066,-1.395732806,0.863966907,-0.233880698,0.158628245,-0.46708481,-0.810978633,-0.408875081,0.047389493,-0.134652265,-0.654958851,-0.251690615,-0.708617796,-1.642146096,0.3293155,-0.112307318,-0.869187912,-1.289115993,-0.198641322,-0.587187078,-1.099104975,-0.963991768,-0.866154232,-1.21752135,0.139901701,-1.431269149,-0.326672252,0.172897982,-0.872997166,-0.572551599,-0.588917084,-1.032594575,-0.889978269,0.084733524,1.377137411,0.761924599,-0.510128713,-0.583330157,-0.239733221
BBL,2005,0.50038583,-0.405421857,0.257867516,-1.344479021,-0.453898681,-0.712105452,1.789863016,-0.468914369,-0.532602331,-0.233408375,0.040960286,0.386555374,3.160277131,-1.134322142,-1.615775056,0.147805419,-0.740540067,0.751018518,-0.805945573,-0.684081939,-0.417902875,-1.096223814,-0.810978633,-0.755799036,0.047389493,-1.387027163,-1.074571264,-0.251690615,-0.251202678,0.193237112,0.694314556,-0.283123058,-1.215444098,-0.095935483,-0.020131002,-0.751754926,0.096425107,0.150254021,-1.447751088,-0.27688204,-0.964372853,0.047295629,-0.047457142,0.759088358,-0.514446255,0.389552061,-0.347516377,-0.101846281,-0.05187681,-0.955735734,0.029394655,0.874502746,-0.510128713,-0.583330157,-0.152279831
BBL,2006,2.202518481,-0.405421857,1.643556111,-0.581037534,-0.453898681,-0.10105689,1.12975437,0.806912965,0.398104947,-0.035479666,0.493424135,0.024942116,-0.283603856,-0.565609521,1.619682822,0.759098805,0.360600617,0.418936831,0.803656832,-0.207224288,-0.765709269,0.227922006,-0.441650701,0.770370158,0.047389493,-0.464068745,-0.592554224,-0.251690615,-1.556410164,0.744243517,-0.443763588,0.512784086,0.38978911,-1.048360056,-0.198646449,-0.865610052,0.134297476,1.040569463,-1.131040787,-0.401383847,0.392040397,1.178229159,0.10946176,1.521117797,0.726301874,0.81818867,2.037160431,0.666599188,-1.052071826,0.351309659,-0.664319709,0.020044428,0.438631414,-0.583330157,2.327538884
BBL,2007,1.880709308,1.560410286,0.381970274,-0.315160325,-0.453898681,-0.808068058,-0.244345025,-0.818510383,1.878471475,1.162756131,-0.378222153,0.823233619,-0.283603856,-1.479313971,0.315746996,1.20319291,0.124889483,-0.987107249,-0.444280201,-0.109075619,0.138748164,-0.725110955,1.707370235,0.952496171,0.047389493,0.352456674,0.677156528,2.609979868,-1.013961565,-0.050603867,-0.443763588,-0.660768947,-0.358737506,0.567036699,-0.899091725,0.067741912,1.807932305,0.949104447,-0.324175494,-1.34167523,1.953427045,0.836196914,-0.575418013,-0.593778123,-0.4970909,-0.561988735,0.458151412,-0.254340502,0.31426683,1.007841291,-0.475161866,-2.038675782,-0.510128713,-0.583330157,0.307425832
BBL,2008,-0.502719984,-0.405421857,0.381969923,0.221509016,0.476069113,-0.495161015,-0.684590894,0.580426336,-1.136940711,0.133661878,-0.189838544,1.722447627,-0.283603856,0.25580203,0.457058235,0.190817417,2.15304182,0.261642524,0.556675172,1.812236431,0.334412214,-0.02044044,1.675306342,0.651381563,0.047389493,-0.236525742,0.669012968,-0.251690615,0.537206913,-0.55729028,-0.443763588,0.348726747,-0.009075259,0.82812562,2.52742152,-0.002918109,-1.099104975,1.139072904,0.570883428,-0.495181631,0.170504563,-1.07965214,0.282539897,-1.139188468,-0.080507782,-0.252891476,-0.588917084,0.909586208,0.994067613,0.017973097,-0.734877232,-1.081814786,-0.510128713,-0.583330157,0.829408198
BBL,2009,-0.502719984,-0.405421857,0.381969813,0.569206096,0.686557183,0.17649541,-0.684590894,1.005244459,0.378647449,0.674893786,1.612526912,1.507938765,-0.283603856,-0.299925619,0.080317069,-0.70394297,-0.740540067,-0.224234751,-0.267382788,0.794114218,-0.157328714,-0.649649173,0.551899128,-1.029505257,0.047389493,-0.012621442,0.311369289,-0.251690615,-0.589542108,-0.344703469,2.910959561,0.838500318,-0.513582088,0.491705587,0.858826658,0.227683911,0.134140424,0.991233538,0.006433702,-0.348486173,-1.980958049,0.032478495,-2.37185595,-1.077439327,2.803411434,0.220924927,-0.800322188,-0.220559416,-0.210861254,1.552725838,-1.428591595,-0.086981573,0.438631414,1.779826763,-0.172449911
BBL,2010,-0.388550489,-0.143632424,-1.393802782,-0.897673312,-0.481595438,-0.933532696,0.04259231,-1.337212589,-1.502776474,-1.00219045,1.60502777,-0.9178937,-0.511014693,-0.561947658,0.122890642,1.518576461,0.018183854,-0.312269921,1.860134248,1.511975504,-1.132831432,1.538826779,0.912032744,1.313974367,2.135138651,-0.262982525,1.456282522,1.069939403,0.186288515,-0.174716197,-0.765752487,1.704486313,-1.069012875,-1.653556752,-1.032775425,2.972683749,-0.031557145,1.230296761,1.576410637,-1.087260761,-0.288966716,-0.511064728,-0.502914752,-0.895014841,-0.425182094,2.210630315,1.475350471,-0.426733401,-2.27252799,-1.374612201,-0.024223181,-0.174534139,0.915276995,-0.946756605,-1.639723205
BBL,2011,-0.559636943,1.93172975,-0.774701342,-0.498068521,-0.444927578,-0.890773653,-0.222482961,-1.384493658,-1.884079469,0.473792502,0.598640511,0.519419101,-0.281846203,-0.471504025,-0.237100762,0.403052786,1.37387622,-0.22250739,1.467115121,1.670418618,-0.547986372,-0.860735114,-0.829603929,-0.579867733,17.83566439,-0.238668191,-0.877733912,-0.371141472,0.177966361,-0.589016576,6.997835279,-0.856168144,-1.470937974,-1.196194203,0.144455582,-0.889222192,0.667457044,1.121187808,0.358115544,-0.885581966,-4.823408521,-0.868028306,-0.702776184,-0.439688031,-0.463781913,-0.646565594,-1.109048095,0.227365644,-1.494519977,-0.411779171,-1.621834636,-0.290515397,-0.720922488,0.754506466,-1.140560235
BBL,2012,1.634558259,-0.611368523,0.023285575,1.988934024,-0.499340294,1.773753188,0.043823416,-2.584743265,-1.438153698,-0.884600365,9.621363603,1.784529164,0.170895449,0.059285316,5.320032859,-0.172777878,-1.564104819,2.15958675,1.800472697,-1.188507005,-0.653898794,0.271616543,-0.646377943,-0.185696788,178.3660015,1.947198496,-0.708232216,32.85206846,-1.210115416,2.125137158,0.009889515,-1.042376437,-1.843939198,-1.298726375,0.799590833,0.441006048,7.746010362,1.500164426,1.019746585,1.213939179,-2.730616253,-1.278261214,0.539736455,0.281060098,-0.627570131,-1.612820325,0.860255338,0.840946509,-2.49048586,-1.189256301,-1.23520774,-0.131884571,-1.909171297,-0.140946172,0.302928233
BBL,2013,0.201909527,-0.405421857,1.66533796,-0.608625921,-0.453898681,0.559454284,3.089252477,0.246995126,-1.446991797,-1.049282957,0.458501727,1.256041493,-0.283603856,0.10657481,2.899879904,0.442114869,0.671329988,0.179654125,1.146551537,0.054470702,-0.108534942,1.598310264,-0.810978633,-2.301649946,50.34075584,0.942065133,-0.765369288,-0.251690615,-0.809658507,-0.114308826,9.748842066,-1.682394225,0.563283223,0.582540885,-0.899091725,-0.034015247,-1.099104975,1.10019647,0.750706373,0.584561418,-1.49848001,-1.304808291,-0.7313861,-0.64452566,-0.251891995,-0.710340045,0.403940849,-0.44804005,0.235430059,0.077583501,-1.428591595,-1.316505967,4.083530554,0.298422036,-1.174307975
BBL,2014,-0.512182591,-0.382045223,0.708557916,0.752814834,-0.487476358,0.265205328,0.868632391,-1.289338479,-2.0245832,-1.26850083,1.751729422,0.357778561,-0.229817311,-0.164963328,-0.681276616,0.216082391,0.685104166,0.635819866,-1.205575353,0.065476681,-0.21527805,-1.140627534,-0.689422316,-0.520887605,95.14650428,0.334167559,-1.008550638,15.79119502,0.627570082,0.554939613,8.903695746,-0.877863756,-0.087407789,-1.46525455,0.02878042,-0.831529208,-0.146023998,0.618739031,1.509061728,-0.318481744,1.738971763,0.853140644,-0.025288995,-0.564717023,0.753814964,0.555321479,-1.086958754,-0.238691247,5.10E-05,-1.022756836,-0.989186089,-0.823743424,4.407560487,-0.031745811,-1.091949597
BBL,2015,1.458202305,2.530748718,-0.839166494,0.113853769,0.669328443,-0.790770453,-0.035865676,-1.757102481,-0.246707132,0.064986526,1.786264518,2.176139034,-0.283603856,-0.428493399,0.013381157,1.384495046,2.371422049,0.247211008,-0.340334993,0.524454417,0.317575331,1.061754247,-0.810978633,-1.65443691,100.9491449,0.739082393,-1.103252292,-0.251690615,1.46833384,-0.237874134,4.312772595,0.140020044,-0.643509956,-0.738794409,-0.899091725,-0.468159045,2.592318826,0.895586341,1.078762533,0.672471794,0.241568197,-0.318385423,0.033893464,-1.087538182,-0.13556151,0.67544789,-0.778653021,-0.468199651,-0.37062894,-1.374281382,-0.67586444,0.802896645,1.675643026,1.439277604,-1.174307975
BBL,2016,-0.552104077,-0.502600352,0.998715795,3.223518202,-0.468772802,0.584625759,0.502882238,-2.41906746,-2.572959949,-1.147930034,-0.378235789,1.742119417,-0.263810427,0.995391156,1.596899741,0.195849342,1.410819728,1.670087256,1.041286426,-0.602757319,-0.27026514,2.362803259,-0.759773375,0.32665599,124.6325849,1.659459181,-0.911950781,0.090777225,-0.338924713,0.226779853,11.35054993,0.892849456,0.245151269,-2.278398527,-0.967018745,-0.369638059,2.353173644,0.756798548,1.087822562,-0.287865164,1.117022735,-3.651217711,0.624684722,-1.461043947,0.198572707,0.636766472,-1.232753729,0.076114552,-3.065137478,-1.654642085,-1.099426979,0.597667366,7.125777386,0.038724885,-1.211498923
CSL,1999,-0.34700955,-0.471817988,-1.074694037,-0.440338992,1.223645261,-0.665210861,-0.959536164,1.077725861,-2.396787906,-0.091901926,-0.441832675,-1.397939756,-0.948111816,1.320930482,-1.038682273,-1.807088835,0.1079306,-0.796159278,-0.810866185,-0.990268688,1.801546095,0.441494695,-0.798956757,-0.783396099,0.088628789,0.785656993,-0.504402549,0.299234192,1.678075296,NA,-0.289839149,0.129682177,1.153458416,0.51794648,-0.558565855,-0.770924385,NA,-0.969691295,-0.813600962,1.393472802,0.567698988,0.710065119,-0.356782846,0.100249294,-0.472841338,-0.43002978,-0.444312908,0.846572745,0.087293086,0.018466177,0.394256806,0.55757528,-0.312191197,0.870239956,0.444375601
CSL,2000,0.1463374,-0.506817702,-1.162575054,-0.733690424,-0.782755738,-0.211791255,-0.843441843,-1.179935744,-0.969764806,-1.399953086,2.054318575,-0.541742958,-1.29068339,1.593838662,-0.735957503,0.22079751,-0.655805543,-0.383429464,-1.633017952,-0.688548472,-0.882006993,0.578850171,-0.831932106,-0.194944817,-0.886287892,-1.373004258,-1.034997825,-2.992341923,-1.294828438,NA,-0.278428182,0.849425975,1.339102575,-0.334361885,-0.623046886,2.043241918,NA,-1.148401211,-1.547418064,-1.053562258,-0.617242979,0.825861329,-0.352125915,1.317714358,-0.435150576,-0.367574151,-0.490309575,-0.561475051,-0.774056057,0.873835211,-0.258689857,-0.249621548,-0.178138655,1.710373216,-1.524841363
CSL,2001,-0.34700955,-0.471817988,-0.450021771,0.1095282,0.088001631,-0.730963439,-0.7207745,-1.291707249,0.940025376,0.056379013,-0.441832675,-1.562425171,-0.114200999,0.262680632,-0.769704193,0.065914846,-0.438736878,-0.028919046,0.98634584,-0.032787889,1.349668953,-0.056259303,-0.798956757,-0.354705694,0.088628789,0.980400007,1.743207784,0.299234192,1.399595492,NA,-0.289839149,0.086866488,-0.427913554,-1.6308047,1.583567539,1.120745751,NA,-1.135886155,-1.077511849,-0.807893574,-0.083689756,-0.034308575,1.336389189,0.459006437,-0.472841338,-0.43002978,-0.444312908,-0.542437914,-0.832320051,-0.9628153,0.976487718,-0.305997337,2.987859429,0.493711713,-1.280111759
CSL,2003,-0.477034176,1.609821227,0.215435408,-1.424657521,2.315599195,1.887462102,-1.632540411,1.208928194,0.126002917,-1.371555417,-0.846845961,-0.435174087,0.343805533,-0.006097952,0.456824525,-0.055753365,2.582796788,-1.309250787,-0.479512937,-1.315887626,-0.342247616,-0.244974695,-0.525752256,0.723825132,-2.048652562,0.845928594,0.861857264,0.573532202,0.625945725,NA,-0.93472697,-0.545108158,0.826555649,-1.414594496,-1.081470356,-1.753860701,NA,-1.036490213,-0.589891409,0.406168809,2.113991279,0.126317299,-1.318265612,1.500244235,-0.859006358,-0.945647554,-0.440479845,-0.362557847,1.821301417,0.012025656,1.720349797,1.460912983,-0.598366461,-1.105968016,0.798496074
CSL,2004,-0.34700955,-0.471817988,0.186137821,0.236479162,0.041109875,1.012288624,0.690019874,-0.009097084,-0.265619304,0.460788068,-0.441832675,-0.270935596,1.268083983,-1.248470002,2.629038082,-0.143189745,0.423137974,-0.490451016,0.924446512,1.080118563,-0.072308901,2.434378661,-0.798956757,1.738321597,0.088628789,1.200597813,-0.933363281,0.299234192,0.390956345,NA,-0.289839149,-0.317669149,-1.5986746,1.142487304,-0.558565855,-0.248814779,NA,-0.798865712,0.397080744,0.358327869,-0.459570694,-0.571955771,-0.130820735,0.769472106,-0.472841338,-0.43002978,-0.444312908,2.222504417,0.590105746,-0.285610144,1.113456662,1.651019164,-0.312191197,-0.77043789,0.838902327
CSL,2005,-0.34700955,2.246042289,1.007106947,0.344708582,-0.787902862,-0.749052921,0.527631907,0.575961432,0.526845263,-0.692472601,1.922175501,0.530893618,0.29558566,-1.248470002,-0.558503736,-0.360982619,0.112541523,0.03292043,-0.626454016,-0.990268688,1.011430482,-0.949386588,-0.798956757,-0.864460936,0.088628789,-0.37710562,-0.504894019,0.299234192,-0.394392652,NA,-0.289839149,-1.391629182,-0.146349919,1.690585756,1.58357407,0.104253319,NA,0.559570802,0.40401893,0.201853686,-0.998869952,-0.39109403,1.83555782,-0.088441568,0.042100517,-0.43002978,2.022406464,1.059992707,0.475119678,-1.411855847,0.616996811,-1.05687418,-0.312191197,-0.77043789,0.36765029
CSL,2006,-0.34700955,0.305288545,1.447131424,-0.653748747,-0.787902862,-0.723244533,1.770108279,0.201715946,0.621230941,1.188234706,-0.441832675,-0.283649409,-0.540074881,0.149124572,-0.341090813,0.604241964,-0.063628552,0.416551136,1.5845307,0.399236676,-0.534011293,-0.000777956,-0.217330412,-0.144777539,0.088628789,0.192797269,0.352046331,0.299234192,0.413994785,NA,-0.289839149,1.153468676,0.589369978,-0.233863584,-0.558565855,0.215009848,NA,0.8046791,-0.104518719,-1.404403488,-1.446994024,0.956491954,0.813204872,0.190303125,-0.472841338,1.354341195,-0.444312908,-0.134536934,0.392099673,2.066753551,-0.975858287,0.740311916,-0.312191197,-0.77043789,1.213784381
CSL,2007,-0.34700955,-0.471817988,-0.410528683,-0.514905594,-0.787902862,-0.826211606,1.066550599,0.546523837,0.504200437,0.580860095,-0.441832675,0.322453974,-1.01506699,-1.248470002,-0.000723872,-0.069958622,-1.272637572,0.049116873,-0.476841929,-0.31068792,0.364762391,-1.304986832,1.135367612,0.012094225,0.088628789,-0.848619688,1.188106469,0.299234192,-1.358999818,NA,-0.289839149,-0.191786052,0.702936241,0.102836573,-0.558565855,-0.570942651,NA,0.754710511,0.339045519,0.435200586,0.62948316,-1.705843542,-1.014412529,-1.210675987,0.23884093,2.453471194,2.022406375,-0.106608857,-1.949307759,1.094891245,-0.975858287,-0.635018697,-0.312191197,-0.77043789,0.302647466
CSL,2008,-0.34700955,-0.471817988,1.649518937,-0.121203786,0.134892675,0.048970597,0.20616521,0.245586777,0.292771612,-0.695566838,-0.441832675,0.973220096,0.776222301,-0.357860105,0.36951553,-1.28024042,0.293635948,-0.796159278,0.85431052,1.844971474,-0.804970054,0.035118238,0.7876562,-1.142525612,0.088628789,-1.600002578,-0.933363281,0.299234192,-0.212517492,NA,-0.289839149,-1.837609348,-0.431478801,-0.192687346,1.365866266,-0.535916269,NA,0.889875631,0.968738279,0.39124946,-0.057007092,1.710192998,0.323166898,-0.549224772,0.146870556,-0.43002978,-0.444312908,-0.654586524,-0.307417817,-0.251058444,-0.975858287,-1.295303282,-0.312191197,-0.77043789,0.833931056
CSL,2009,2.976748547,-0.471817988,-0.371017768,0.81432965,-0.787902862,-0.561137207,0.182348965,-1.836428548,1.068366643,1.786149619,-0.441832675,1.536334347,-0.599055487,0.897887553,-0.230815442,0.901014145,-0.860952977,0.949817204,0.432576904,0.001372886,-0.668653658,-0.935454076,0.940991878,-0.738177282,0.088628789,-0.574574024,-0.933363281,0.299234192,-0.680658852,NA,2.886980525,0.88292157,-1.445751877,0.738129208,-0.558565855,0.407964954,NA,0.685421087,0.011801688,-1.309917915,-0.550709652,-0.46250173,-1.014412529,-0.862245051,2.844386602,-0.43002978,-0.444312908,-0.403639325,-0.316083421,-0.446686906,-0.975858287,-0.958421746,-0.312191197,1.174407221,-1.234263707
CSL,2010,-0.216984923,-0.823426434,-1.036493224,2.38349947,0.131118547,1.518890499,-0.286531916,0.460726579,-0.447271174,0.179038365,-0.03681939,1.128964942,1.823496087,-0.115093838,0.220099693,1.925245143,-0.228281309,2.355963227,-0.755517457,1.002749683,-1.223209408,0.001997686,1.90682611,1.748747024,2.225910141,0.767925492,0.699166386,0.024936183,-0.567170391,NA,0.355048671,1.181437005,-0.561254108,-0.385673307,-0.035661355,-0.010757005,NA,1.395077457,2.012255843,1.389504023,0.902910723,-1.163225051,-0.121498612,-1.626402176,-0.086676319,0.085587994,-0.448145971,-1.363227417,0.813265504,-0.707945199,-0.659424788,0.091417447,-0.026015933,0.70942536,-0.760570366
CSL,2011,7.127414173,-0.471817988,-0.370038533,-0.275834918,-0.787902862,0.775681858,0.834337006,-4.319749917,-0.706643332,-1.375398784,-0.441832675,1.597099681,0.901222265,0.99462216,-1.15347467,0.023040297,-0.112948612,0.651185802,1.724177567,0.603660542,-0.917907622,0.931189446,-0.798956757,0.994824354,0.088628789,0.195339557,1.90375054,0.299234192,-0.7304692,NA,4.10059767,-0.346997561,-0.034272351,-0.037290352,-0.558565855,-0.595206642,NA,0.848251935,0.923272605,-2.170416434,-1.895118157,-1.464162546,0.309199953,-0.933010066,-0.010232113,-0.43002978,-0.444312908,0.303899005,-0.4765722,0.860446993,0.166080797,0.101782851,-0.312191197,2.500702438,-1.007390053
CSL,2012,-0.477034176,-0.120209541,1.408768426,-0.294474024,-0.877911321,-1.30861197,1.390872547,-2.510900718,-4.072333057,0.513944338,-0.846845961,1.929196568,-0.580512551,1.68450248,-2.246433024,-0.055753365,-1.493624863,-0.542010568,0.164076122,0.907310368,-0.756507101,-0.53738079,-0.525752256,-1.734881725,-2.048652562,0.81768339,0.004920745,0.573532202,-0.094699128,NA,7.623029569,0.511400436,1.629841035,2.921489487,-1.081470356,-1.17965877,NA,1.127938041,1.205587977,-1.82489663,-2.004402219,-4.038492829,2.477642387,-0.098088203,-0.859006358,-0.945647554,3.780081377,-0.750334501,-1.127322765,2.210782339,-1.292291786,-1.190247775,-0.598366461,2.290828112,-1.707957266
CSL,2013,-0.34700955,0.217516843,-0.478027599,0.220513971,-0.787902862,0.654118197,0.110905605,-3.828531224,-1.588071883,-0.312604204,-0.441832675,-0.165942249,-0.649561816,-1.248470002,-1.257768691,-0.116439171,-0.343701875,-0.796159278,1.028943446,-0.434469524,-0.725498812,0.392172171,-0.798956757,1.025240278,21.5980842,-0.513333318,4.302630235,0.299234192,0.32387404,NA,2.619548036,-1.342901841,-0.381018386,0.875685361,1.496344522,0.842578917,NA,0.209399032,0.329301933,-2.078091299,-1.511747537,-0.865307982,-1.014412529,-0.336844191,-0.472841338,1.027055934,-0.444312908,-0.673173326,-0.838509297,-0.082713667,-0.975858287,-1.047351454,-0.312191197,1.538794816,-1.519015384
CSL,2014,3.667493576,-0.471817988,-1.074694037,-0.612504291,-0.787902862,1.668172744,1.430598684,-4.386886271,-1.831442862,-0.415092123,-0.441832675,0.472913082,0.455132067,-1.248470002,-1.426222671,1.358448444,1.551201176,0.064449035,1.01147682,1.864773499,-1.117523327,2.406823134,-0.798956757,-1.82961008,48.2203771,1.352335376,-0.504906511,0.299234192,1.52391721,NA,3.752344517,-0.957073293,1.789032174,1.26151674,1.801433214,-1.380614097,NA,0.472745342,1.616073794,1.088168702,-1.511749736,1.251424698,-1.014412529,-0.862246807,-0.472841338,-0.43002978,-0.444312908,0.857155232,1.027064456,0.428675482,-0.975858287,1.052588098,-0.312191197,2.701510964,-0.925289736
CSL,2015,-1.023678172,-0.168539114,-0.464844826,0.301002594,-0.922895998,3.105453712,-1.756253462,-10.26497751,-1.463060285,-5.08880373,-0.767136493,-0.019835488,-0.425449846,-1.274242717,-0.592318659,-0.211747034,4.51928979,-1.07334955,4.748786654,3.248162867,-0.2885778,-3.563727139,-0.351609922,0.775870761,125.1529962,-0.368510113,1.622471521,1009.71591,-5.313712944,NA,4.309176884,2.226044502,-2.324360565,0.147130186,4.620033422,-0.612360795,NA,1.050982077,0.219522825,-1.065083455,-1.366806498,2.477778523,-1.726045312,-0.514144608,-0.828401772,-1.1666266,-0.426107148,0.991872749,1.036081245,0.93063312,-0.907491254,1.11365957,-0.721013003,2.873455571,-1.464293589
CSL,2016,-0.477034176,1.883722574,-1.112894851,0.456171978,-0.877911321,1.334407179,0.37592972,-5.641637182,-1.762312627,-1.727377629,-0.846845961,-0.582980208,-0.685774771,-2.381846167,0.372968193,-0.055753365,2.366457648,0.14045647,2.678160406,-0.760034659,-0.763434505,2.618807757,-0.525752256,-0.656018394,94.69770472,-0.745102237,0.004920745,0.573532202,0.328957012,NA,7.576786486,0.933467436,-1.756648081,0.297504219,7.058665187,-1.753860701,NA,1.044280409,1.486346367,-0.937062973,-2.004402219,-7.912709741,-0.036982026,0.634055298,-0.859006358,-0.945647554,-0.440479845,0.336418584,-0.772381499,0.866224391,-1.292291786,-1.725817824,-0.598366461,1.417079211,-1.707957266
HL,1999,-0.497215902,-0.619579219,-0.638155954,0.077748803,0.665749112,2.047843683,-1.215429703,-1.249371816,-1.153055792,-0.997775372,0.402867436,-1.537846457,-0.811990758,1.491010591,1.96109212,-1.036872715,-0.857081914,0.748860778,-1.226539171,-0.925074808,1.257068267,0.119946589,-0.690104823,-0.238303788,0.796875502,1.60480355,2.199047711,-0.230613895,-1.230844517,1.304741199,-0.316359034,-0.37979532,0.54022902,0.401818901,-0.663922297,1.374390271,1.717700193,-1.034978388,-1.836874955,1.076308911,0.121568444,1.558779621,0.794527952,1.476563785,-0.289341825,1.221574602,2.224398664,0.611011167,0.4149805,0.41952453,0.180404508,-0.183823289,-0.264088102,-0.596316632,1.67833479
HL,2000,-0.507106126,1.009684299,-0.539625896,-1.584708739,-0.638063674,1.179090052,-1.194282799,-0.847352269,-1.702601305,-2.074417283,1.397737534,-0.311165822,1.286495797,0.968498626,0.344797733,-2.23989196,0.11985326,1.433036126,-1.386410178,-1.092426385,-1.283024536,-0.322067974,-0.616710571,0.771796687,0.083797912,1.881873207,-0.708050014,-0.142498454,0.54601944,0.605816243,-0.326614516,-0.232283808,1.59678715,0.434802495,-0.654439951,-1.051334896,0.045901507,-0.999050225,1.352982693,0.45973445,-0.471243827,-0.032704975,0.926895819,0.882746864,-0.870724881,0.163307921,-0.199793736,-1.719761373,0.741366872,1.002928462,-0.28130177,-0.215669633,2.137134972,1.009539113,-0.470390134
HL,2001,-0.365383041,-0.667116202,1.444474271,1.458126934,-0.657586038,1.019796452,0.444043104,-1.184145443,-0.091203067,0.735067317,0.026092537,-1.325019681,0.488987529,1.848288817,-1.106622607,-0.348763088,-0.915426824,-1.420936141,0.827580395,1.654989843,-0.57049114,0.85025051,-0.684545182,-2.054733797,1.019856955,-0.90402993,-0.877403022,-0.185571319,-0.568348811,-1.107706773,-0.262714567,-1.782921604,-0.382001386,-0.440075771,0.08000694,0.116117256,-0.680719642,-1.04070777,0.013271044,1.207984909,0.811066966,-0.70074128,-0.285827451,0.108056002,-0.802266095,-1.901078917,0.569351864,-0.594791576,0.406941031,-0.434984686,-0.3129359,-2.486561997,-0.25282804,2.817224262,-1.350185526
HL,2002,-1.146455383,2.195008849,-0.705783637,-0.401154223,-0.73888009,-0.466277744,-0.135562144,0.918652976,-0.162124404,-0.60164119,-0.679427461,-0.711053749,-0.230693134,-1.242036304,-0.379229761,-0.086603328,0.657912776,0.727826293,-0.052897754,-1.373050985,0.368912641,1.298502459,0.620018129,-0.559205007,-2.641203506,-0.11364289,-0.215220236,-0.540054261,1.690341876,2.025127887,-0.704722297,-0.477770892,0.97441493,-0.27335426,0.707960829,-0.854720113,0.64840025,-0.853903115,-1.402396686,-1.794452178,0.548219421,0.587134785,0.227665854,-0.444146172,-0.004240986,-0.95270196,-0.826094659,-1.07580787,1.259523066,-0.614911018,1.304112235,0.565686187,-1.321713839,-0.182891665,-0.489481533
HL,2003,0.67642465,-0.657150202,0.049652001,0.426342542,1.630828411,-0.080590812,-1.042171865,1.102969323,0.888967249,0.153713876,1.942522751,-0.364297629,-0.833971306,-0.382703548,0.474296966,0.483605661,0.024091779,0.16140657,0.59071329,0.045105772,0.149015241,-1.162863217,-0.293398133,0.57351976,0.010087702,0.436927068,0.079692905,-0.28736404,1.400635139,0.47848077,-0.329086581,-0.823804382,-0.266999478,-2.1493948,-0.085923027,-0.704991931,1.290247058,-1.029973645,0.168452176,-1.922513238,1.864598472,0.953858656,0.517015886,0.867431668,0.058519316,-0.288844506,0.717103016,0.253229497,0.157932608,-1.250735471,1.667160857,0.179865993,1.881803549,-0.516570656,-0.254887265
HL,2004,0.676427096,-0.657150202,-0.698865337,-0.178900886,-0.632518918,-1.307282581,0.505813991,-0.483357256,0.051918579,0.869524153,-0.626131197,-0.211472254,-0.833971306,-0.147463579,-1.559934767,0.247199013,-0.435654337,-0.586535843,-0.558986381,-0.98769946,-0.480820084,1.256988875,-0.711465678,0.563691477,0.010087702,0.202411392,-1.129843823,-0.28736404,0.294410045,-0.425772322,-0.329086581,0.605068455,-1.696184204,-0.336052572,-0.668361496,-0.583145193,-0.430035958,-0.725833438,-1.004064097,-0.282853491,-0.119904036,-0.028226538,-0.398559862,0.808465456,-0.823918778,0.706548263,-0.619266678,1.199044559,-0.361760554,-0.56425297,1.452284483,0.517246682,-0.364119174,-0.516570656,1.178888183
HL,2005,-0.529224792,-0.657150202,-0.698865337,-1.644450858,-0.632518918,-0.959478165,1.28966973,-0.243601854,1.211735043,-0.153342774,0.853625306,0.351363766,1.955640975,-0.424103487,-0.32975609,-0.001349711,-0.337993202,0.366601293,-1.144715155,1.100272275,-0.534392981,0.023047619,-0.711465678,-0.16037587,0.010087702,-0.450890808,0.65352369,-0.28736404,0.358534422,-0.410943846,-0.329086581,1.116648394,0.504513697,0.935625038,-0.668361496,-0.381910905,-0.351083924,0.68371458,1.1183473,0.621080941,-0.819356089,-0.669768022,-0.049682233,0.366894752,0.405959074,-0.378098403,0.276586549,1.334210069,-0.387090676,-0.478189606,-1.120144673,1.029032654,-0.364119174,-0.516570656,-0.241471233
HL,2006,-0.518433434,-0.668191258,1.119296109,0.134946072,1.789243286,-0.054304826,-1.045022771,-0.50747494,-0.997866192,0.218681473,-1.00184219,0.288538095,-0.847094678,0.143603061,0.300413012,1.224799767,-0.267645807,0.777716406,1.823972467,0.44043442,2.195246315,0.086041128,-0.245234642,-0.359777785,0.265400733,-1.292732914,-0.431078306,3.15854391,-1.271466345,0.176090377,-0.277658578,0.257501626,0.259334742,-1.389507532,-0.671037676,0.772362495,-0.82942001,0.829400069,0.034543651,-0.373074642,0.4411894,0.126394832,1.322276131,0.677844275,-0.294413507,-1.034236911,0.51653174,0.590777607,-2.44380482,1.229556158,-0.553801541,-1.215474901,-0.247986962,-0.550013563,1.553316653
HL,2007,2.457571861,0.791546891,0.128620967,1.630781248,-0.633549074,-1.202653171,1.181190953,-0.773459366,1.384769502,0.733251896,-1.104166397,0.761908921,-0.844433109,-0.709382571,-0.621763143,0.451571983,1.224340821,-0.97734236,0.756629499,0.510811802,-1.010991332,0.184424134,1.144647398,1.55507166,0.322230372,-0.922392956,0.205477238,-0.358816996,-0.384532319,-0.997948001,-0.386300172,-0.267562295,-0.419195344,0.455214524,-0.052727613,-0.346133166,-0.926699061,0.919892777,0.176157753,0.553543576,0.260154847,0.960232361,0.088464185,-1.227136928,-0.681022186,1.02204505,-0.524961431,0.979996133,0.315938541,0.79677269,-0.526526212,0.788444456,-0.410933582,-0.522055163,0.003887139
HL,2008,-0.65841462,1.11846006,2.070504114,0.63044332,1.132532957,-0.263535412,1.511428799,0.924888674,0.441067332,1.646475478,0.270840595,1.825378212,-0.774646189,-0.315185323,0.285661269,1.608072667,2.403396255,-1.87287333,0.521556155,-0.442246553,-0.605790965,-1.3623142,-0.571723373,1.263707403,1.095786932,0.302092133,0.951060507,-0.195578392,0.204833739,-0.415202184,-0.397364829,-0.896570356,-1.781343771,0.944203144,2.733706181,-0.810114968,0.044576844,1.107307087,-0.140330193,0.337623127,0.238111316,-2.255368476,0.051082014,-1.457428826,-0.110192576,0.573465501,-0.769606557,-0.15910701,0.536084645,1.260434663,-1.00422091,0.361367175,-0.639157654,0.110497639,0.321019561
HL,2009,0.92208782,-0.657150202,-0.698865337,-0.113824092,-0.632518918,0.041588819,-0.321659695,1.676676001,0.888709233,0.263984697,-0.48313508,1.397636749,0.496983766,0.143589969,1.35045293,-0.423077153,-0.91565608,0.492029193,0.529209389,1.21143805,-0.207208687,-1.745021827,2.538864086,-0.87431708,0.010087702,0.230903852,-1.296268068,-0.28736404,0.341251877,0.113152691,3.017847623,1.510860128,0.666309438,1.316577316,0.601894497,0.271158215,1.058843096,1.02483081,1.168753609,0.392021289,-2.209277562,0.085341978,-2.618746605,-1.231057268,2.774730986,-0.406802542,-1.67359801,-1.226494873,0.589960135,0.428435909,-1.120144673,0.88246697,0.140913087,-0.516570656,-1.034651679
HL,2010,-0.51027813,-0.531212611,-0.832385963,-0.435350121,-0.652718135,0.045803705,0.021982401,0.66557597,-0.760316178,-0.793522271,-0.998983835,-0.163970151,0.948692414,-1.374116253,-0.719407663,0.121308864,-0.700136728,0.150211015,-0.680112555,-0.14255397,0.722477261,0.773065904,0.221118467,-0.481073661,-0.983095708,-0.975321704,0.569061418,-0.355954435,-1.380834546,-1.345836041,0.641146112,1.370630054,0.004135206,0.100143516,-0.658794892,2.198322934,-1.587710354,1.119301259,0.351157705,-0.275403655,-0.665127352,-0.584932942,-0.57511169,-0.828233607,0.636911457,1.274821903,0.309349237,-0.192306329,-1.230071349,-1.794578661,0.315113596,-0.222580296,-0.29490508,-0.01970137,-0.894378957
HL,2011,0.322724909,-0.657150202,0.134328554,-0.994137947,-0.632518918,1.405849387,-0.292651253,-0.032700714,-0.08577887,0.52536198,-1.293200397,1.368410699,0.361718354,-0.096157455,-0.728923908,0.005279918,0.642959927,-0.360890872,1.342815273,0.290954719,0.664366585,1.522211196,-0.711465678,3.54197807,8.065761385,0.762172187,-1.440228581,-0.28736404,0.456254112,0.190323847,8.469095455,-0.325550142,-0.341879572,1.073653251,0.410009994,0.287052034,-0.384878726,1.081061293,0.578773995,-0.730990422,-3.87215831,0.608843725,0.232509861,-1.231056803,-0.420944957,-0.661277259,-1.075922753,0.085507385,-1.145047761,-1.916923701,0.229839008,3.536758197,0.600302724,1.667169303,-1.36882731
HL,2012,-0.320861741,-0.528878166,0.41041361,-0.298547566,-0.651422497,-0.711073937,-0.757389835,-1.875893464,-2.493717911,-2.857669927,-0.717277214,1.821015096,-0.816445326,-0.677579846,1.053297735,-1.357814216,-0.749978304,2.251737811,1.419945876,-0.589543696,-1.002219922,3.253586483,-0.725670923,-0.66881704,80.36830939,0.611057293,-1.365380836,-0.211801675,-1.014674572,1.932727459,10.09811353,-1.376573094,0.82396719,-0.095872109,-0.648302008,1.159539921,-0.137321254,1.094849572,1.509344693,0.019179524,-3.636550818,2.549739809,0.986603777,-0.281868343,1.11866807,-1.995067131,-0.219832699,-1.852442404,-1.389113062,-2.563110158,-0.954519546,-2.699307564,3.27382663,-0.10189718,-1.047305575
HL,2013,-0.529224792,-0.657150202,0.100400927,-0.052752007,-0.632518918,0.487854628,1.572967568,1.123456412,-0.052510732,-0.259774287,-1.634829394,1.386119349,0.304657475,0.671605665,0.45413717,0.795633331,0.918452077,-0.343584848,1.085032492,2.159527523,-0.743934298,0.545917411,-0.711465678,-3.325120504,55.60137694,0.771756836,0.422109774,-0.28736404,-0.220728574,-1.813188206,7.155279821,0.002041963,0.541783788,-0.080837802,-0.668361496,-0.002401633,-1.161333883,1.076305733,0.889078434,-0.453162454,-2.295020235,0.736849544,-0.567459111,-0.209274324,-0.586069286,-0.902159888,-1.181545199,-2.400127024,0.957012442,-0.501186428,-0.535272839,-1.80782045,1.471549597,1.118010319,-1.36882731
HL,2014,1.008719499,-0.657150202,1.81587104,-0.206206688,-0.632518918,-1.007010518,0.296279803,0.929681748,-0.10601949,-0.868606124,-1.028157545,0.966828299,-0.833971306,0.189956952,-0.371652713,1.775182463,0.258825661,0.792560207,0.402659393,0.763509327,0.121269667,2.79082084,-0.711465678,0.858694534,47.61792887,1.445978041,-1.643512723,7.073899232,-0.980931837,-0.117046804,12.25121694,-2.287311389,-0.559469917,-0.225107134,-0.668361496,1.071663684,-0.013568551,0.556453919,1.184847892,-1.042006515,-2.330146156,0.858466756,-0.755452036,-0.65955897,0.751678805,2.573530685,-1.16228878,-3.042234488,-0.875451979,0.02298686,-1.120144673,-0.348228834,1.759321778,1.527356468,-1.070805946
HL,2015,1.433363425,-0.657150202,0.967140858,0.794251332,-0.632518918,0.045615003,0.413291814,-1.501954366,-0.74360814,-0.100688345,0.072424933,2.232959777,0.44283141,0.114002034,-0.809741774,1.124851842,1.126412764,-0.203589402,3.896538099,1.66653789,-0.665766748,3.367705632,-0.711465678,1.256814525,98.02019571,1.253699519,-0.739167853,-0.28736404,0.734386592,-0.3011806,4.539039829,1.916678968,1.235197242,0.344944083,-0.668361496,-0.46132161,0.290210466,0.940909668,-0.20101192,-0.209687761,-0.573732693,-0.151724572,0.351328324,-0.468925605,-0.196694626,1.286608462,-1.039491066,0.093367429,-0.031086481,-2.090171835,-1.120144673,1.61759565,-0.364119174,1.529529855,-0.373515772
HL,2016,1.184926802,-0.628073204,0.492632262,1.124347725,-0.654838957,0.533611848,2.032683543,-0.081930739,-0.535724027,-0.80680587,-0.021922079,1.419038801,-0.926749036,0.506492256,0.992950228,-0.167563105,1.817529425,2.631071036,-0.394987844,0.715222529,-0.336389021,2.424626411,-0.692020087,-2.038236771,104.1578012,0.720498745,-1.487216084,-0.126493054,-0.941405043,0.749619292,11.79357222,-0.582968944,0.69646785,-0.39633646,-0.051348789,0.47848635,0.426416462,0.611511334,1.765477574,-0.573644822,-1.70674168,-1.86184439,0.007429129,-0.881859432,-0.420757978,1.648707876,-0.197412548,2.005068292,-1.968917997,-2.516814952,-0.857537305,1.446217976,2.302431104,2.608979786,-0.990534633
LL,1999,-0.452091772,-0.451120587,-0.856326152,-0.681918165,0.298127687,0.918278848,-1.162419642,0.962117314,-0.92606244,-1.45953055,-0.922873055,-1.679204871,-0.954300535,1.09884026,0.607462111,-2.540235542,-1.023365572,-0.823802697,-0.157183097,-1.056077214,2.765048487,0.296130754,-0.732847818,-0.488322749,0.362589152,1.594727086,1.030215818,-0.327809165,-0.222240712,0.21032297,-0.332938722,0.506951216,1.108573341,1.388660447,-0.884536949,-1.436875247,1.532837638,-0.816534041,-0.782414631,2.042005925,-0.271366779,-0.50774112,0.674694635,0.766083407,-0.27417768,-0.734107693,-0.370274179,0.267552124,1.693079367,1.523397677,-0.186409897,-0.178055559,-0.207592062,-0.623548876,1.430579755
LL,2000,-0.481043912,-0.560555187,-1.042366267,-0.720854394,0.405646995,-0.216047245,-0.959186325,-1.35682182,-0.581938094,-2.27490434,0.661910098,0.067522562,-0.977137255,1.341986957,0.206303683,0.471053549,-0.977956291,0.63437968,-0.785926933,-0.488659487,-0.787769915,-0.670115869,-0.84975116,0.370387702,-0.555267027,-0.770078918,-1.226588977,-0.133264909,-1.526420176,1.956298971,-0.236764316,-0.724276897,0.678485512,0.523081223,-0.927227705,0.007999444,0.199249737,-0.996165911,-0.210821473,-0.470558951,-0.697364423,-0.485731036,0.207963921,0.359253821,0.338148163,2.09035507,0.477114666,-0.570387375,-1.476579731,-1.169366352,1.185905809,-0.637512826,-0.007833498,1.074309503,-0.542848155
LL,2001,-0.390387448,2.013595131,0.324073289,1.573427369,-0.610862354,1.146632103,0.42573574,-0.770423009,1.46357585,0.769364389,-0.813078755,-0.499912182,0.049476532,0.789662804,-0.246688977,-0.814109917,1.456432708,-1.011366863,0.315730647,-1.004962669,0.384769282,0.737383655,-0.728127135,0.588392886,-0.315190969,1.09321616,-0.0143161,1.246154717,1.697146882,0.293884371,-0.316791227,-1.101457433,-1.647363903,-0.800221242,0.687675728,0.962082025,-1.139844243,-1.065695917,-0.52511007,-0.282873403,1.018710871,2.029590288,0.955668311,0.488833519,0.03706499,-0.778851081,-0.235214996,0.997738751,0.892497597,0.130603067,0.553991715,0.716697143,-0.301025112,1.651603955,-1.413310343
LL,2002,-0.806575616,-0.677427788,-0.829008222,-1.608731149,-1.419947991,1.881240574,-1.062605662,2.187580899,-0.440078266,0.724135472,-1.544208521,-1.504049745,-0.41975222,0.871397197,-2.781391395,-0.437501634,0.304064257,-0.828711527,-1.682458418,-0.339586328,-0.581797607,-1.745970417,-0.768560673,2.352553208,2.135776728,1.269340179,-0.234986201,-0.197149962,0.57188128,-2.03107913,-0.317034586,-1.823368514,-1.142539276,-1.62383411,0.459878532,-0.423188816,-2.150623341,-1.028495403,-2.049426329,-0.679070361,-2.205690652,1.88298622,-0.985095527,1.030924576,-1.155878797,-1.352850283,-2.02710779,-1.35547376,1.368560489,-0.592171798,-1.193749315,1.162353962,-2.001348124,-0.872831584,1.567345179
LL,2003,-0.470862762,0.863206359,1.083576077,0.802759728,2.417929387,-0.562502278,-1.067856859,-1.052614328,0.958174712,0.305020943,0.549717654,-0.637323494,1.15399943,0.996144425,1.063930514,0.646303497,1.17096655,-0.478905924,-0.63099996,-0.099133157,-0.134716577,-0.609119829,-0.778960662,-0.514873175,-0.877103403,-0.162199075,0.225763706,-1.015382421,-1.110217198,-0.747285833,-0.801192081,0.594349483,-0.367806522,-0.074536641,0.718484341,-0.413589976,-0.035214659,-1.03646735,0.480600599,0.648188202,0.575702652,-0.194467031,0.967754551,1.127686489,-0.826781487,-0.949596849,-0.473934273,-1.38358604,0.204510551,0.42271466,1.503573329,-0.26089469,0.300416919,-0.662395332,0.262664728
LL,2004,2.425436546,1.899872105,-0.910176168,0.017266258,-0.601447411,-0.219772766,0.181938269,-0.095100845,-0.849487303,0.29219684,1.781903809,0.509909424,-0.251213758,-1.615958086,0.745284097,0.508865024,-0.930759015,-0.54928698,0.913772351,-0.300774708,-0.361124277,0.045151054,-0.763213644,-1.006130118,-0.050818541,0.530393172,-1.226588455,-0.244642576,-0.047206879,0.832868269,-0.315252685,0.17219296,-0.751083851,-0.04099994,0.23377435,-0.964188432,-0.062701682,-0.645834722,-0.454476303,1.198058087,1.282377912,-0.348952072,-0.712762902,1.297869119,-0.322176955,-0.107544236,-1.13057428,1.049273682,0.409378519,1.007987996,1.027285949,0.012093767,-0.203417684,-0.612784569,0.39953147
LL,2005,-0.495888824,-0.464685569,-0.76308728,-1.192139222,-0.63454093,-0.669134815,1.143132139,-0.0728227,1.072751268,-0.72972463,-0.803456708,-0.127996092,-1.02316163,-0.589189725,-0.659930196,0.305152036,0.324096982,-0.072128889,1.95223604,-0.964144731,0.44166265,0.947871317,-0.723334276,-0.204963573,0.936761355,0.760501001,-0.923949408,-0.660484373,1.144558043,-0.446547943,-0.234096168,0.835173697,1.00786104,-0.454857954,0.583566884,-0.499308079,1.354614163,0.3365847,1.126295129,0.543607693,-0.385243965,-1.19278125,0.845917296,0.105334573,-0.118617901,0.027211313,-0.116795428,0.447999962,-0.224442731,-0.138063809,0.002557054,-0.581921477,2.245351999,-0.630900287,0.482799151
LL,2006,-0.495888824,-0.464685569,1.126135188,-0.739528579,-0.63454093,-0.374480629,1.565985314,0.29094106,-0.280545003,0.122526125,-0.803456708,-0.022511271,1.069952592,-0.571486045,-0.248812071,0.36236901,-0.737951103,-0.033462877,-0.497190638,0.768708691,0.203670907,1.908849681,0.543780066,-0.348261524,0.936761355,-1.192039012,0.142225193,-0.660484373,-0.556677583,0.807548707,-0.234096168,1.740150415,1.385041255,1.793000904,0.583562287,-0.731531253,-0.116510922,1.053309665,-0.569734324,0.098183254,0.187899932,-0.041948581,0.414236098,-0.846961906,-0.118617752,1.411183358,1.658175454,1.66907866,-0.618463349,-0.952988319,0.125534966,-0.034736812,-0.071956519,-0.630900287,0.34150399
LL,2007,-0.460629389,-0.496940315,1.339718681,0.376798657,0.978257553,-1.488335551,0.634108447,-0.632940883,0.790601566,0.424416095,0.280532237,1.091744744,-0.126322779,-1.417799868,0.383548953,-0.420262809,-0.581485936,-0.328895838,0.83382786,0.049926323,-0.335305641,-0.566614411,1.696992171,-0.077722439,-0.050818541,-0.756398298,-0.282724516,-0.244642576,-0.54754079,-0.599263163,-0.315252685,0.582909605,0.487990421,0.167364636,1.859562998,1.816510513,-0.203415827,1.136939458,-0.321772615,-1.379237719,0.782255309,-0.225984228,-0.616598063,-1.36335535,-0.218719761,0.544281251,-0.180677084,-1.09842238,-1.267488445,1.834510856,-0.795433594,-0.988374421,-0.203417684,-0.612784569,-0.597882882
LL,2008,-0.45329315,-0.509454648,1.381461938,1.320488716,0.132762779,1.014173334,1.215225413,0.338211526,1.074771706,0.005983601,1.318504976,1.369890937,1.363676213,-0.121947404,0.572287222,1.516033944,1.588767413,-0.276983782,0.778666232,0.30392937,-0.553352387,0.91258627,1.480367368,1.133790627,-0.840876352,-0.699004017,0.983237903,-0.193913861,1.06691243,0.408824321,-0.511596843,-0.189630612,0.248498255,0.188599283,-0.824585356,-0.501964055,0.868038771,1.100817311,1.164671757,0.199624969,0.266350334,0.340057892,0.683341698,-0.779199022,-0.07414941,-0.294813591,0.847838048,0.603851031,-0.093716758,-0.55969865,-0.886686877,2.285990438,-0.505241131,-0.617964177,0.518647531
LL,2009,0.501365696,-0.496940315,-0.910176168,0.638182863,0.230689782,-0.851693682,-0.764650983,-0.644695745,-1.469056113,0.823495612,0.280532237,1.381861291,1.377852654,-0.370341279,-0.005274702,0.28522835,-0.951220915,1.446576636,-0.902867447,2.541123785,0.150920452,-0.5473096,1.145309068,-0.464996882,-0.050818541,-0.448280845,-0.602832438,-0.244642576,-0.945708709,-0.504193091,3.008767032,0.417799078,0.148251374,0.321213563,-0.942472401,1.025889294,-0.062701682,0.93055417,0.868182766,-1.209584699,-1.154720567,-1.016784029,-2.329769926,-0.623396585,2.926935303,0.494017235,0.422316009,-0.300676574,-1.005987081,-0.69007188,0.37646014,-0.052120308,-0.203417684,1.704108316,-1.201406201
LL,2010,1.579859454,-0.654863617,0.056175083,0.214247918,-0.562074567,-0.578357894,-0.149405851,0.846568532,-0.812707884,0.997020444,0.013972734,0.050068697,-1.263069245,-0.411309236,0.36328076,0.117104493,0.358410922,2.322589061,-0.137606639,0.589650124,-1.192005375,-0.708842604,0.478346696,-1.339853962,-1.630995216,-1.220177433,2.130543477,2.676262075,0.475513411,-0.181378449,0.606248448,-1.010792998,-1.155907645,-1.38747017,-1.54768271,1.158164583,-0.183727952,1.030988042,1.274005492,-0.708342995,0.601089376,-0.238245053,-0.105350092,-1.56307264,-0.193028713,-0.349284494,1.129133853,-0.32694808,0.118651573,-0.816853448,-1.71302928,-1.443519217,1.159480579,0.834087908,-1.247624223
LL,2011,-0.45329315,0.682969548,1.079648161,0.369913351,-0.573275498,0.194083481,0.126300675,-1.73082139,-0.008706249,0.294121235,0.121277236,1.448438993,1.437781334,0.515269594,0.174244072,1.736728878,0.3296753,0.971417459,-0.307782535,-0.181473235,-0.336591671,1.180079981,-0.780161983,0.125749197,14.72812971,1.831988484,0.146158194,-0.193913861,1.172580847,-0.136007147,12.6926174,-0.038877563,-0.991702779,0.601288599,0.51267042,-0.509738009,-0.30673128,1.119028597,1.263949653,-0.760360015,-2.423341555,-0.062163014,0.519221037,-1.440636194,0.75555805,0.300509974,-0.540265587,-0.121286904,0.022539968,0.012302514,0.220850215,0.070172355,2.32922809,1.729004832,-1.237566775
LL,2012,-0.654538856,-0.34703835,0.324452076,0.592430685,-0.59196303,-2.622109848,-0.923127233,-3.775960722,-1.726155138,1.513523094,0.163198689,1.43979822,-0.49218271,0.785679043,-0.717344053,0.235940287,-1.99864384,-0.326418349,-0.559476505,2.527766056,-0.255711576,0.986095659,-0.4801874,0.292738815,20.59108045,-0.276467595,-0.366566186,-3.424281188,-1.797959976,1.454298661,10.54459215,-1.09962701,0.15507891,0.818008124,-0.138450323,0.948695681,-2.927397665,1.192443983,0.672133944,-1.402586022,-1.946308035,-0.958333967,1.146161205,-1.03593813,0.67800397,-1.368180568,-0.286031416,-1.162634764,-5.315637816,-3.916550091,-0.939688136,-3.530770141,4.729007585,0.047428085,-1.125122712
LL,2013,-0.45329315,-0.509454648,-1.04525267,1.239148723,0.178895903,-0.299533073,0.618731885,-2.220801883,-1.009923603,-0.866106212,-1.128620034,-0.167476958,0.645334899,-1.173368549,0.40819398,-0.328128716,0.574320636,-0.544579195,1.260442891,0.363505692,-0.626511106,0.525537116,-0.780161983,-0.929590494,11.63360433,0.475072376,0.405408025,-0.193913861,-0.530397777,0.781907367,10.0079531,-1.859345203,-1.086761199,0.17781543,-0.824585356,3.283406511,-1.614398022,0.764581771,0.884480726,-1.489968481,-0.913260891,-0.507344535,-1.524408554,-0.794980458,0.700923426,0.854937971,0.973452105,-0.334354318,-1.335546231,0.092210396,-1.050483883,-0.269724806,7.510752983,1.785230459,-1.276199641
LL,2014,0.550659459,0.751023001,0.471992788,0.978563629,-0.610862354,0.576081768,0.18450353,-2.384398744,-1.603114101,-0.653758475,0.456447085,-0.156597007,0.7328477,-1.378103652,-1.316666719,1.246875663,0.922368141,0.087918497,0.545984756,1.224574785,-0.434354961,-0.256683001,-0.728127135,-0.696705813,22.30710328,1.136423195,0.118344948,1.246154717,0.027154543,-0.54306145,10.13990966,-2.257754822,0.43375682,0.897004589,3.758865316,0.176124345,-1.139844243,0.794745315,1.022940887,-0.290924845,-2.172501739,-1.550598143,-0.543406444,-0.955278599,0.578177128,1.136414786,-0.102126665,-0.979283081,-0.567174202,-0.568489984,-1.287391069,-1.127578413,5.041661902,1.384610374,-1.191681721
LL,2015,-0.487319003,-0.541598853,0.515452208,1.979735969,-0.613360275,0.812040854,-0.528265984,-1.99246575,-0.899450011,-1.323793495,0.332008876,0.090279492,2.59819736,-0.666162811,-0.471327785,1.073933264,2.589178403,1.094331595,-0.905671735,1.207429813,0.308345315,0.516790276,-0.793722772,0.643080217,47.18728456,0.731607251,0.58051071,40.6954881,0.140102497,-0.105850415,11.39393441,1.45440704,1.859364975,0.508302407,0.622009239,0.664891447,-0.364307512,0.275725745,1.338735434,0.58032596,0.912135326,-0.595521871,0.734958046,-0.301096146,1.050774576,1.296773647,-1.441836936,-0.852679097,-0.941911069,-0.272524599,-0.302590976,0.432259788,-0.714425135,1.646095471,-1.484628698
LL,2016,-0.405237459,1.214789394,-0.280218724,1.401091235,1.469232317,2.830477117,0.627203089,-1.176454161,-2.906347404,-0.975608075,-0.280698035,1.281768429,1.291871836,-0.343593915,0.575474161,-0.07522669,2.464441654,2.374652829,-0.28217885,0.597668333,-0.576029296,4.244858712,-0.47789808,1.446709399,69.82197245,2.018870589,-0.653972862,0.671699629,1.608663405,0.323855542,13.64625447,1.020394142,0.960090451,-0.20600544,0.725021347,-1.143799441,5.440739835,0.438902119,1.613890193,0.864048449,-0.260183121,-1.455584127,1.147033299,-0.726545944,1.352399802,-0.033059618,-0.314681006,0.577930618,0.681236753,-0.644732406,-0.518480433,1.773896312,4.107259035,2.063463556,-1.181205365
