"year","Stratification","Ice area GSL+SS","Biomass max yearday HL2","Cfin I+II+III max yearday HL2","Cfin max yearday HL2","Ice end day GSL+SS","Ice volume GSL+SS","region","Bloom duration","Bloom start","SST warming","CIL volume SS","AMO","SST 4V","SST 4W","SST 4XSS","SST 4eGoM + BoF","Bottom temp 4V","Bottom temp 4W","Bottom temp 4X","station","Calanus finmarchicus","Calanus glacialis","Calanus hyperboreus","Metridia longa","Metridia lucens","Metridia","Temora","Microcalanus","Oithona","Oithona similis","Oithona atlantica","Paracalanus","Pseudocalanus","Centropages typicus","Centropages","Scolecithricella minor","Larvacea","Gastropoda","Bivalvia","Euphausiacea","St. Lawrence river flux","NAO"
1895,NA,NA,NA,NA,NA,NA,NA,NA,NA,NA,NA,NA,NA,NA,NA,NA,NA,NA,NA,NA,NA,NA,NA,NA,NA,NA,NA,NA,NA,NA,NA,NA,NA,NA,NA,NA,NA,NA,NA,NA,NA,NA,2.16
1896,NA,NA,NA,NA,NA,NA,NA,NA,NA,NA,NA,NA,NA,NA,NA,NA,NA,NA,NA,NA,NA,NA,NA,NA,NA,NA,NA,NA,NA,NA,NA,NA,NA,NA,NA,NA,NA,NA,NA,NA,NA,NA,16.62
1897,NA,NA,NA,NA,NA,NA,NA,NA,NA,NA,NA,NA,NA,NA,NA,NA,NA,NA,NA,NA,NA,NA,NA,NA,NA,NA,NA,NA,NA,NA,NA,NA,NA,NA,NA,NA,NA,NA,NA,NA,NA,NA,20.69
1898,NA,NA,NA,NA,NA,NA,NA,NA,NA,NA,NA,NA,NA,NA,NA,NA,NA,NA,NA,NA,NA,NA,NA,NA,NA,NA,NA,NA,NA,NA,NA,NA,NA,NA,NA,NA,NA,NA,NA,NA,NA,NA,26.72
1899,NA,NA,NA,NA,NA,NA,NA,NA,NA,NA,NA,NA,NA,NA,NA,NA,NA,NA,NA,NA,NA,NA,NA,NA,NA,NA,NA,NA,NA,NA,NA,NA,NA,NA,NA,NA,NA,NA,NA,NA,NA,NA,13.76
1900,NA,NA,NA,NA,NA,NA,NA,NA,NA,NA,NA,NA,NA,NA,NA,NA,NA,NA,NA,NA,NA,NA,NA,NA,NA,NA,NA,NA,NA,NA,NA,NA,NA,NA,NA,NA,NA,NA,NA,NA,NA,NA,12.92
1901,NA,NA,NA,NA,NA,NA,NA,NA,NA,NA,NA,NA,NA,NA,NA,NA,NA,NA,NA,NA,NA,NA,NA,NA,NA,NA,NA,NA,NA,NA,NA,NA,NA,NA,NA,NA,NA,NA,NA,NA,NA,NA,14.06
1902,NA,NA,NA,NA,NA,NA,NA,NA,NA,NA,NA,NA,NA,NA,NA,NA,NA,NA,NA,NA,NA,NA,NA,NA,NA,NA,NA,NA,NA,NA,NA,NA,NA,NA,NA,NA,NA,NA,NA,NA,NA,NA,10.69
1903,NA,NA,NA,NA,NA,NA,NA,NA,NA,NA,NA,NA,NA,NA,NA,NA,NA,NA,NA,NA,NA,NA,NA,NA,NA,NA,NA,NA,NA,NA,NA,NA,NA,NA,NA,NA,NA,NA,NA,NA,NA,NA,25.66
1904,NA,NA,NA,NA,NA,NA,NA,NA,NA,NA,NA,NA,NA,NA,NA,NA,NA,NA,NA,NA,NA,NA,NA,NA,NA,NA,NA,NA,NA,NA,NA,NA,NA,NA,NA,NA,NA,NA,NA,NA,NA,NA,26.16
1905,NA,NA,NA,NA,NA,NA,NA,NA,NA,NA,NA,NA,NA,NA,NA,NA,NA,NA,NA,NA,NA,NA,NA,NA,NA,NA,NA,NA,NA,NA,NA,NA,NA,NA,NA,NA,NA,NA,NA,NA,NA,NA,21.09
1906,NA,NA,NA,NA,NA,NA,NA,NA,NA,NA,NA,NA,NA,NA,NA,NA,NA,NA,NA,NA,NA,NA,NA,NA,NA,NA,NA,NA,NA,NA,NA,NA,NA,NA,NA,NA,NA,NA,NA,NA,NA,NA,27.79
1907,NA,NA,NA,NA,NA,NA,NA,NA,NA,NA,NA,NA,NA,NA,NA,NA,NA,NA,NA,NA,NA,NA,NA,NA,NA,NA,NA,NA,NA,NA,NA,NA,NA,NA,NA,NA,NA,NA,NA,NA,NA,NA,25.92
1908,NA,NA,NA,NA,NA,NA,NA,NA,NA,NA,NA,NA,NA,NA,NA,NA,NA,NA,NA,NA,NA,NA,NA,NA,NA,NA,NA,NA,NA,NA,NA,NA,NA,NA,NA,NA,NA,NA,NA,NA,NA,NA,26.46
1909,NA,NA,NA,NA,NA,NA,NA,NA,NA,NA,NA,NA,NA,NA,NA,NA,NA,NA,NA,NA,NA,NA,NA,NA,NA,NA,NA,NA,NA,NA,NA,NA,NA,NA,NA,NA,NA,NA,NA,NA,NA,NA,24.46
1910,NA,NA,NA,NA,NA,NA,NA,NA,NA,NA,NA,NA,NA,NA,NA,NA,NA,NA,NA,NA,NA,NA,NA,NA,NA,NA,NA,NA,NA,NA,NA,NA,NA,NA,NA,NA,NA,NA,NA,NA,NA,NA,28.16
1911,NA,NA,NA,NA,NA,NA,NA,NA,NA,NA,NA,NA,NA,NA,NA,NA,NA,NA,NA,NA,NA,NA,NA,NA,NA,NA,NA,NA,NA,NA,NA,NA,NA,NA,NA,NA,NA,NA,NA,NA,NA,NA,21.79
1912,NA,NA,NA,NA,NA,NA,NA,NA,NA,NA,NA,NA,NA,NA,NA,NA,NA,NA,NA,NA,NA,NA,NA,NA,NA,NA,NA,NA,NA,NA,NA,NA,NA,NA,NA,NA,NA,NA,NA,NA,NA,NA,12.59
1913,NA,NA,NA,NA,NA,NA,NA,NA,NA,NA,NA,NA,NA,NA,NA,NA,NA,NA,NA,NA,NA,NA,NA,NA,NA,NA,NA,NA,NA,NA,NA,NA,NA,NA,NA,NA,NA,NA,NA,NA,NA,NA,24.12
1914,0.0024677151536356,NA,NA,NA,NA,NA,NA,NA,NA,NA,NA,NA,NA,NA,NA,NA,NA,NA,NA,NA,NA,NA,NA,NA,NA,NA,NA,NA,NA,NA,NA,NA,NA,NA,NA,NA,NA,NA,NA,NA,NA,NA,23.36
1915,-0.0109363645537184,NA,NA,NA,NA,NA,NA,NA,NA,NA,NA,NA,NA,NA,NA,NA,NA,NA,NA,NA,NA,NA,NA,NA,NA,NA,NA,NA,NA,NA,NA,NA,NA,NA,NA,NA,NA,NA,NA,NA,NA,NA,24.59
1916,NA,NA,NA,NA,NA,NA,NA,NA,NA,NA,NA,NA,NA,NA,NA,NA,NA,NA,NA,NA,NA,NA,NA,NA,NA,NA,NA,NA,NA,NA,NA,NA,NA,NA,NA,NA,NA,NA,NA,NA,NA,NA,24.12
1917,NA,NA,NA,NA,NA,NA,NA,NA,NA,NA,NA,NA,NA,NA,NA,NA,NA,NA,NA,NA,NA,NA,NA,NA,NA,NA,NA,NA,NA,NA,NA,NA,NA,NA,NA,NA,NA,NA,NA,NA,NA,NA,4.76
1918,NA,NA,NA,NA,NA,NA,NA,NA,NA,NA,NA,NA,NA,NA,NA,NA,NA,NA,NA,NA,NA,NA,NA,NA,NA,NA,NA,NA,NA,NA,NA,NA,NA,NA,NA,NA,NA,NA,NA,NA,NA,NA,11.99
1919,-0.00970870798094994,NA,NA,NA,NA,NA,NA,NA,NA,NA,NA,NA,NA,NA,NA,NA,NA,NA,NA,NA,NA,NA,NA,NA,NA,NA,NA,NA,NA,NA,NA,NA,NA,NA,NA,NA,NA,NA,NA,NA,NA,NA,14.76
1920,-0.0040876733218575,NA,NA,NA,NA,NA,NA,NA,NA,NA,NA,NA,NA,NA,NA,NA,NA,NA,NA,NA,NA,NA,NA,NA,NA,NA,NA,NA,NA,NA,NA,NA,NA,NA,NA,NA,NA,NA,NA,NA,NA,NA,17.43
1921,NA,NA,NA,NA,NA,NA,NA,NA,NA,NA,NA,NA,NA,NA,NA,NA,NA,NA,NA,NA,NA,NA,NA,NA,NA,NA,NA,NA,NA,NA,NA,NA,NA,NA,NA,NA,NA,NA,NA,NA,NA,NA,20.06
1922,NA,NA,NA,NA,NA,NA,NA,NA,NA,NA,NA,NA,NA,NA,NA,NA,NA,NA,NA,NA,NA,NA,NA,NA,NA,NA,NA,NA,NA,NA,NA,NA,NA,NA,NA,NA,NA,NA,NA,NA,NA,NA,32.56
1923,NA,NA,NA,NA,NA,NA,NA,NA,NA,NA,NA,NA,NA,NA,NA,NA,NA,NA,NA,NA,NA,NA,NA,NA,NA,NA,NA,NA,NA,NA,NA,NA,NA,NA,NA,NA,NA,NA,NA,NA,NA,NA,26.39
1924,-0.00524942051885838,NA,NA,NA,NA,NA,NA,NA,NA,NA,NA,NA,NA,NA,NA,NA,NA,NA,NA,NA,NA,NA,NA,NA,NA,NA,NA,NA,NA,NA,NA,NA,NA,NA,NA,NA,NA,NA,NA,NA,NA,NA,20.79
1925,NA,NA,NA,NA,NA,NA,NA,NA,NA,NA,NA,NA,NA,NA,NA,NA,NA,NA,NA,NA,NA,NA,NA,NA,NA,NA,NA,NA,NA,NA,NA,NA,NA,NA,NA,NA,NA,NA,NA,NA,NA,NA,33.42
1926,NA,NA,NA,NA,NA,NA,NA,NA,NA,NA,NA,NA,NA,NA,NA,NA,NA,NA,NA,NA,NA,NA,NA,NA,NA,NA,NA,NA,NA,NA,NA,NA,NA,NA,NA,NA,NA,NA,NA,NA,NA,NA,14.62
1927,NA,NA,NA,NA,NA,NA,NA,NA,NA,NA,NA,NA,NA,NA,NA,NA,NA,NA,NA,NA,NA,NA,NA,NA,NA,NA,NA,NA,NA,NA,NA,NA,NA,NA,NA,NA,NA,NA,NA,NA,NA,NA,21.76
1928,-0.0060144935485247,NA,NA,NA,NA,NA,NA,NA,NA,NA,NA,NA,NA,NA,NA,NA,NA,NA,NA,NA,NA,NA,NA,NA,NA,NA,NA,NA,NA,NA,NA,NA,NA,NA,NA,NA,NA,NA,NA,NA,NA,NA,23.46
1929,-0.00209984583913823,NA,NA,NA,NA,NA,NA,NA,NA,NA,NA,NA,NA,NA,NA,NA,NA,NA,NA,NA,NA,NA,NA,NA,NA,NA,NA,NA,NA,NA,NA,NA,NA,NA,NA,NA,NA,NA,NA,NA,NA,NA,8.26
1930,NA,NA,NA,NA,NA,NA,NA,NA,NA,NA,NA,NA,NA,NA,NA,NA,NA,NA,NA,NA,NA,NA,NA,NA,NA,NA,NA,NA,NA,NA,NA,NA,NA,NA,NA,NA,NA,NA,NA,NA,NA,NA,27.92
1931,NA,NA,NA,NA,NA,NA,NA,NA,NA,NA,NA,NA,NA,NA,NA,NA,NA,NA,NA,NA,NA,NA,NA,NA,NA,NA,NA,NA,NA,NA,NA,NA,NA,NA,NA,NA,NA,NA,NA,NA,NA,NA,26.89
1932,0.0036815944712711,NA,NA,NA,NA,NA,NA,NA,NA,NA,NA,NA,NA,NA,NA,NA,NA,NA,NA,NA,NA,NA,NA,NA,NA,NA,NA,NA,NA,NA,NA,NA,NA,NA,NA,NA,NA,NA,NA,NA,NA,NA,12.09
1933,-0.00341433071169932,NA,NA,NA,NA,NA,NA,NA,NA,NA,NA,NA,NA,NA,NA,NA,NA,NA,NA,NA,NA,NA,NA,NA,NA,NA,NA,NA,NA,NA,NA,NA,NA,NA,NA,NA,NA,NA,NA,NA,NA,NA,19.36
1934,-0.00132348799943551,NA,NA,NA,NA,NA,NA,NA,NA,NA,NA,NA,NA,NA,NA,NA,NA,NA,NA,NA,NA,NA,NA,NA,NA,NA,NA,NA,NA,NA,NA,NA,NA,NA,NA,NA,NA,NA,NA,NA,NA,NA,22.12
1935,-0.00820507191871665,NA,NA,NA,NA,NA,NA,NA,NA,NA,NA,NA,NA,NA,NA,NA,NA,NA,NA,NA,NA,NA,NA,NA,NA,NA,NA,NA,NA,NA,NA,NA,NA,NA,NA,NA,NA,NA,NA,NA,NA,NA,22.66
1936,-0.00470158620548778,NA,NA,NA,NA,NA,NA,NA,NA,NA,NA,NA,NA,NA,NA,NA,NA,NA,NA,NA,NA,NA,NA,NA,NA,NA,NA,NA,NA,NA,NA,NA,NA,NA,NA,NA,NA,NA,NA,NA,NA,NA,2.42
1937,-0.00518258224058494,NA,NA,NA,NA,NA,NA,NA,NA,NA,NA,NA,NA,NA,NA,NA,NA,NA,NA,NA,NA,NA,NA,NA,NA,NA,NA,NA,NA,NA,NA,NA,NA,NA,NA,NA,NA,NA,NA,NA,NA,NA,25.49
1938,0.000664471595116873,NA,NA,NA,NA,NA,NA,NA,NA,NA,NA,NA,NA,NA,NA,NA,NA,NA,NA,NA,NA,NA,NA,NA,NA,NA,NA,NA,NA,NA,NA,NA,NA,NA,NA,NA,NA,NA,NA,NA,NA,NA,19.59
1939,-0.00661037325826055,NA,NA,NA,NA,NA,NA,NA,NA,NA,NA,NA,NA,NA,NA,NA,NA,NA,NA,NA,NA,NA,NA,NA,NA,NA,NA,NA,NA,NA,NA,NA,NA,NA,NA,NA,NA,NA,NA,NA,NA,NA,21.72
1940,NA,NA,NA,NA,NA,NA,NA,NA,NA,NA,NA,NA,NA,NA,NA,NA,NA,NA,NA,NA,NA,NA,NA,NA,NA,NA,NA,NA,NA,NA,NA,NA,NA,NA,NA,NA,NA,NA,NA,NA,NA,NA,3.46
1941,NA,NA,NA,NA,NA,NA,NA,NA,NA,NA,NA,NA,NA,NA,NA,NA,NA,NA,NA,NA,NA,NA,NA,NA,NA,NA,NA,NA,NA,NA,NA,NA,NA,NA,NA,NA,NA,NA,NA,NA,NA,NA,8.02
1942,NA,NA,NA,NA,NA,NA,NA,NA,NA,NA,NA,NA,NA,NA,NA,NA,NA,NA,NA,NA,NA,NA,NA,NA,NA,NA,NA,NA,NA,NA,NA,NA,NA,NA,NA,NA,NA,NA,NA,NA,NA,NA,15.89
1943,NA,NA,NA,NA,NA,NA,NA,NA,NA,NA,NA,NA,NA,NA,NA,NA,NA,NA,NA,NA,NA,NA,NA,NA,NA,NA,NA,NA,NA,NA,NA,NA,NA,NA,NA,NA,NA,NA,NA,NA,NA,NA,24.19
1944,NA,NA,NA,NA,NA,NA,NA,NA,NA,NA,NA,NA,NA,NA,NA,NA,NA,NA,NA,NA,NA,NA,NA,NA,NA,NA,NA,NA,NA,NA,NA,NA,NA,NA,NA,NA,NA,NA,NA,NA,NA,NA,22.22
1945,NA,NA,NA,NA,NA,NA,NA,NA,NA,NA,NA,NA,NA,NA,NA,NA,NA,NA,NA,NA,NA,NA,NA,NA,NA,NA,NA,NA,NA,NA,NA,NA,NA,NA,NA,NA,NA,NA,NA,NA,NA,NA,21.39
1946,NA,NA,NA,NA,NA,NA,NA,NA,NA,NA,NA,NA,NA,NA,NA,NA,NA,NA,NA,NA,NA,NA,NA,NA,NA,NA,NA,NA,NA,NA,NA,NA,NA,NA,NA,NA,NA,NA,NA,NA,NA,NA,17.96
1947,-0.0147371004025141,NA,NA,NA,NA,NA,NA,NA,NA,NA,NA,NA,NA,NA,NA,NA,NA,NA,NA,NA,NA,NA,NA,NA,NA,NA,NA,NA,NA,NA,NA,NA,NA,NA,NA,NA,NA,NA,NA,NA,NA,NA,9.89
1948,-0.00138939949204679,NA,NA,NA,NA,NA,NA,NA,NA,NA,NA,NA,0.009,NA,NA,NA,NA,NA,NA,NA,NA,NA,NA,NA,NA,NA,NA,NA,NA,NA,NA,NA,NA,NA,NA,NA,NA,NA,NA,NA,NA,11.22,15.29
1949,-0.00967597973095961,NA,NA,NA,NA,NA,NA,NA,NA,NA,NA,NA,0.08825,NA,NA,NA,NA,NA,NA,NA,NA,NA,NA,NA,NA,NA,NA,NA,NA,NA,NA,NA,NA,NA,NA,NA,NA,NA,NA,NA,NA,10.6,26.56
1950,-0.0188338077875683,NA,NA,NA,NA,NA,NA,NA,NA,NA,NA,NA,-0.0124166666666667,NA,NA,NA,NA,NA,NA,NA,NA,NA,NA,NA,NA,NA,NA,NA,NA,NA,NA,NA,NA,NA,NA,NA,NA,NA,NA,NA,NA,11.38,22.96
1951,-0.000922379768307961,NA,NA,NA,NA,NA,NA,NA,NA,NA,NA,NA,0.198833333333333,NA,NA,NA,NA,NA,NA,NA,NA,NA,NA,NA,NA,NA,NA,NA,NA,NA,NA,NA,NA,NA,NA,NA,NA,NA,NA,NA,NA,13.21,21.56
1952,0.00155437741949104,NA,NA,NA,NA,NA,NA,NA,NA,NA,NA,NA,0.290166666666667,NA,NA,NA,NA,NA,NA,NA,NA,NA,NA,NA,NA,NA,NA,NA,NA,NA,NA,NA,NA,NA,NA,NA,NA,NA,NA,NA,NA,13.11,25.62
1953,-0.00312749254576615,NA,NA,NA,NA,NA,NA,NA,NA,NA,NA,NA,0.259416666666667,NA,NA,NA,NA,NA,NA,NA,NA,NA,NA,NA,NA,NA,NA,NA,NA,NA,NA,NA,NA,NA,NA,NA,NA,NA,NA,NA,NA,12.05,15.62
1954,-0.00810338445241701,NA,NA,NA,NA,NA,NA,NA,NA,NA,NA,NA,0.03825,NA,NA,NA,NA,NA,NA,NA,NA,NA,NA,NA,NA,NA,NA,NA,NA,NA,NA,NA,NA,NA,NA,NA,NA,NA,NA,NA,NA,12.31,24.29
1955,0.0013764524242681,NA,NA,NA,NA,NA,NA,NA,NA,NA,NA,NA,0.187416666666667,NA,NA,NA,NA,NA,NA,NA,NA,NA,NA,NA,NA,NA,NA,NA,NA,NA,NA,NA,NA,NA,NA,NA,NA,NA,NA,NA,NA,12.09,12.29
1956,-0.0107037357740855,NA,NA,NA,NA,NA,NA,NA,NA,NA,NA,NA,-0.0244166666666667,NA,NA,NA,NA,NA,NA,NA,NA,NA,NA,NA,NA,NA,NA,NA,NA,NA,NA,NA,NA,NA,NA,NA,NA,NA,NA,NA,NA,11.57,9.96
1957,0.00166225786665751,NA,NA,NA,NA,NA,NA,NA,NA,NA,NA,NA,0.0351666666666667,NA,NA,NA,NA,NA,NA,NA,NA,NA,NA,NA,NA,NA,NA,NA,NA,NA,NA,NA,NA,NA,NA,NA,NA,NA,NA,NA,NA,10.99,24.96
1958,-0.0126147604107249,NA,NA,NA,NA,NA,NA,NA,NA,NA,NA,NA,0.208583333333333,NA,NA,NA,NA,NA,NA,NA,NA,NA,NA,NA,NA,NA,NA,NA,NA,NA,NA,NA,NA,NA,NA,NA,NA,NA,NA,NA,NA,11,15.29
1959,-0.00450385947220393,NA,NA,NA,NA,NA,NA,NA,NA,NA,NA,NA,0.04725,NA,NA,NA,NA,NA,NA,NA,NA,NA,NA,NA,NA,NA,NA,NA,NA,NA,NA,NA,NA,NA,NA,NA,NA,NA,NA,NA,NA,10.84,12.62
1960,-0.00675410808892889,NA,NA,NA,NA,NA,NA,NA,NA,NA,NA,NA,0.229583333333333,NA,NA,NA,NA,NA,NA,NA,NA,NA,NA,NA,NA,NA,NA,NA,NA,NA,NA,NA,NA,NA,NA,NA,NA,NA,NA,NA,NA,11.94,9.62
1961,-0.00554190795622814,NA,NA,NA,NA,NA,NA,NA,NA,NA,NA,NA,0.0939166666666667,NA,NA,NA,NA,NA,NA,NA,NA,NA,NA,NA,NA,NA,NA,NA,NA,NA,NA,NA,NA,NA,NA,NA,NA,NA,NA,NA,NA,10.84,26.62
1962,-0.00914018308114508,NA,NA,NA,NA,NA,NA,NA,NA,NA,NA,NA,0.066,NA,NA,NA,NA,NA,NA,NA,NA,NA,NA,NA,NA,NA,NA,NA,NA,NA,NA,NA,NA,NA,NA,NA,NA,NA,NA,NA,NA,9.92,16.62
1963,-0.0046772636880285,NA,NA,NA,NA,NA,NA,NA,NA,NA,NA,NA,-0.00158333333333333,NA,NA,NA,NA,NA,NA,NA,NA,NA,NA,NA,NA,NA,NA,NA,NA,NA,NA,NA,NA,NA,NA,NA,NA,NA,NA,NA,NA,9.71,-0.71
1964,-0.00629848035696602,NA,NA,NA,NA,NA,NA,NA,NA,NA,NA,NA,-0.101833333333333,NA,NA,NA,NA,NA,NA,NA,NA,NA,NA,NA,NA,NA,NA,NA,NA,NA,NA,NA,NA,NA,NA,NA,NA,NA,NA,NA,NA,9.23,5.96
1965,-0.00598625829506388,NA,NA,NA,NA,NA,NA,NA,NA,NA,NA,NA,-0.166,NA,NA,NA,NA,NA,NA,NA,NA,NA,NA,NA,NA,NA,NA,NA,NA,NA,NA,NA,NA,NA,NA,NA,NA,NA,NA,NA,NA,9.56,7.62
1966,-0.0048504316409502,NA,NA,NA,NA,NA,NA,NA,NA,NA,NA,NA,-0.00258333333333333,NA,NA,NA,NA,NA,NA,NA,NA,NA,NA,NA,NA,NA,NA,NA,NA,NA,NA,NA,NA,NA,NA,NA,NA,NA,NA,NA,NA,10.98,4.29
1967,-0.00387042244703147,NA,NA,NA,NA,NA,NA,NA,NA,NA,NA,NA,-0.104916666666667,NA,NA,NA,NA,NA,NA,NA,NA,NA,NA,NA,NA,NA,NA,NA,NA,NA,NA,NA,NA,NA,NA,NA,NA,NA,NA,NA,NA,11.98,21.62
1968,-0.00841085208235548,NA,NA,NA,NA,NA,NA,NA,NA,NA,NA,NA,-0.174083333333333,NA,NA,NA,NA,NA,NA,NA,NA,NA,NA,NA,NA,NA,NA,NA,NA,NA,NA,NA,NA,NA,NA,NA,NA,NA,NA,NA,NA,11.22,12.62
1969,-0.00674423067796031,NA,NA,NA,NA,NA,NA,NA,NA,NA,NA,NA,0.00225,NA,NA,NA,NA,NA,NA,NA,NA,NA,NA,NA,NA,NA,NA,NA,NA,NA,NA,NA,NA,NA,NA,NA,NA,NA,NA,NA,NA,12.61,-0.38
1970,-0.00288647955019072,NA,NA,NA,NA,NA,NA,NA,NA,NA,NA,NA,-0.110416666666667,NA,NA,NA,NA,NA,NA,NA,NA,NA,NA,NA,NA,NA,NA,NA,NA,NA,NA,NA,NA,NA,NA,NA,NA,NA,NA,NA,NA,12.07,16.29
1971,-0.00294087244022145,NA,NA,NA,NA,NA,NA,NA,NA,NA,NA,NA,-0.319833333333333,NA,NA,NA,NA,NA,NA,NA,NA,NA,NA,NA,NA,NA,NA,NA,NA,NA,NA,NA,NA,NA,NA,NA,NA,NA,NA,NA,NA,11.8,15.32
1972,-0.00578339794638266,NA,NA,NA,NA,NA,NA,NA,NA,NA,NA,NA,-0.361833333333333,NA,NA,NA,NA,NA,NA,NA,NA,NA,NA,NA,NA,NA,NA,NA,NA,NA,NA,NA,NA,NA,NA,NA,NA,NA,NA,NA,NA,13.68,22.49
1973,-0.00338506082011965,NA,NA,NA,NA,NA,NA,NA,NA,NA,NA,NA,-0.224333333333333,NA,NA,NA,NA,NA,NA,NA,NA,NA,NA,NA,NA,NA,NA,NA,NA,NA,NA,NA,NA,NA,NA,NA,NA,NA,NA,NA,NA,14.55,29.02
1974,-0.0152895053195983,NA,NA,NA,NA,NA,NA,NA,NA,NA,NA,NA,-0.429583333333333,NA,NA,NA,NA,NA,NA,NA,NA,NA,NA,NA,NA,NA,NA,NA,NA,NA,NA,NA,NA,NA,NA,NA,NA,NA,NA,NA,NA,14.83,27.56
1975,-0.00859299401036685,NA,NA,NA,NA,NA,NA,NA,NA,NA,NA,NA,-0.307833333333333,NA,NA,NA,NA,NA,NA,NA,NA,NA,NA,NA,NA,NA,NA,NA,NA,NA,NA,NA,NA,NA,NA,NA,NA,NA,NA,NA,NA,12.42,24.26
1976,-0.00662086255121015,NA,NA,NA,NA,NA,NA,NA,NA,NA,NA,NA,-0.373166666666667,NA,NA,NA,NA,NA,NA,NA,NA,NA,NA,NA,NA,NA,NA,NA,NA,NA,NA,NA,NA,NA,NA,NA,NA,NA,NA,NA,NA,14.47,22.86
1977,-0.00272442151278735,NA,NA,NA,NA,NA,NA,NA,NA,NA,NA,NA,-0.198583333333333,NA,NA,NA,NA,NA,NA,NA,NA,NA,NA,NA,NA,NA,NA,NA,NA,NA,NA,NA,NA,NA,NA,NA,NA,NA,NA,NA,NA,12.1,5.56
1978,0.000436995242258149,NA,NA,NA,NA,NA,NA,NA,NA,NA,NA,NA,-0.189333333333333,NA,NA,NA,NA,NA,NA,NA,NA,NA,NA,NA,NA,NA,NA,NA,NA,NA,NA,NA,NA,NA,NA,NA,NA,NA,NA,NA,NA,12.09,11.19
1979,-0.00530598537171281,NA,NA,NA,NA,NA,NA,NA,NA,NA,NA,NA,-0.119833333333333,NA,NA,NA,NA,NA,NA,NA,NA,NA,NA,NA,NA,NA,NA,NA,NA,NA,NA,NA,NA,NA,NA,NA,NA,NA,NA,NA,NA,13.24,3.36
1980,-0.00796316224906315,NA,NA,NA,NA,NA,NA,NA,NA,NA,NA,NA,-0.0279166666666667,NA,NA,NA,NA,4.38,7.03,7.64,NA,NA,NA,NA,NA,NA,NA,NA,NA,NA,NA,NA,NA,NA,NA,NA,NA,NA,NA,NA,NA,12.27,17.12
1981,-0.0013991937302918,NA,NA,NA,NA,NA,NA,NA,NA,NA,NA,NA,-0.0859166666666667,NA,NA,NA,NA,4.37,6.94,6.9,NA,NA,NA,NA,NA,NA,NA,NA,NA,NA,NA,NA,NA,NA,NA,NA,NA,NA,NA,NA,NA,13.18,25.32
1982,-0.00485718331249585,NA,NA,NA,NA,NA,NA,NA,NA,NA,NA,NA,-0.22175,NA,NA,NA,NA,2.82,5.71,7.47,NA,NA,NA,NA,NA,NA,NA,NA,NA,NA,NA,NA,NA,NA,NA,NA,NA,NA,NA,NA,NA,11.87,15.09
1983,0.00265413707758662,NA,NA,NA,NA,NA,NA,NA,NA,NA,NA,NA,-0.0799166666666667,NA,NA,NA,NA,3.42,6.31,7.39,NA,NA,NA,NA,NA,NA,NA,NA,NA,NA,NA,NA,NA,NA,NA,NA,NA,NA,NA,NA,NA,12.95,27.06
1984,-0.0027627824095319,NA,NA,NA,NA,NA,NA,NA,NA,NA,NA,NA,-0.21675,NA,NA,NA,NA,5.18,7.65,7.91,NA,NA,NA,NA,NA,NA,NA,NA,NA,NA,NA,NA,NA,NA,NA,NA,NA,NA,NA,NA,NA,12.95,31.02
1985,-0.011933251128651,NA,NA,NA,NA,NA,43.6,NA,NA,NA,NA,4.47,-0.27625,7.71,7.11,7.2,7.69,3.41,7.59,8.47,NA,NA,NA,NA,NA,NA,NA,NA,NA,NA,NA,NA,NA,NA,NA,NA,NA,NA,NA,NA,NA,12.72,9.79
1986,-0.00847139947827786,NA,NA,NA,NA,NA,42.2,NA,NA,NA,NA,4.57,-0.283583333333333,7.93,7.33,7.52,7.9,3.84,7.32,7.78,NA,NA,NA,NA,NA,NA,NA,NA,NA,NA,NA,NA,NA,NA,NA,NA,NA,NA,NA,NA,NA,13.75,11.19
1987,-0.00120672756520333,NA,NA,NA,NA,NA,42.6,NA,NA,NA,NA,5.09,0.0578333333333333,9.12,8.18,7.76,7.34,2.76,5.86,6.31,NA,NA,NA,NA,NA,NA,NA,NA,NA,NA,NA,NA,NA,NA,NA,NA,NA,NA,NA,NA,NA,11.9,11.86
1988,-0.000172587133808858,NA,NA,NA,NA,NA,41.7,NA,NA,NA,NA,NA,-0.0138333333333333,8.53,7.78,6.96,7.28,4.14,5.82,7.12,NA,NA,NA,NA,NA,NA,NA,NA,NA,NA,NA,NA,NA,NA,NA,NA,NA,NA,NA,NA,NA,11.35,16.02
1989,-0.0049270820904979,NA,NA,NA,NA,NA,44.8,NA,NA,NA,NA,NA,-0.0913333333333333,8.68,8.04,7.66,7.46,2.87,6.09,7.25,NA,NA,NA,NA,NA,NA,NA,NA,NA,NA,NA,NA,NA,NA,NA,NA,NA,NA,NA,NA,NA,10.51,34.36
1990,-0.00486269387957218,NA,NA,NA,NA,NA,62.1,NA,NA,NA,NA,5.84,-0.04675,8.29,7.69,7.74,7.63,2.61,6.02,7.14,NA,NA,NA,NA,NA,NA,NA,NA,NA,NA,NA,NA,NA,NA,NA,NA,NA,NA,NA,NA,NA,11.78,29.86
1991,0.0010696447946744,NA,NA,NA,NA,NA,49.3,NA,NA,NA,NA,6.46,-0.140416666666667,8.24,7.77,7.4,7.42,2.58,5.76,6.66,NA,NA,NA,NA,NA,NA,NA,NA,NA,NA,NA,NA,NA,NA,NA,NA,NA,NA,NA,NA,NA,11.89,23.62
1992,-0.00285460511646099,NA,NA,NA,NA,NA,52.2,NA,NA,NA,NA,6.24,-0.2275,8.55,8.05,7.47,6.75,3.26,6.21,7.44,NA,NA,NA,NA,NA,NA,NA,NA,NA,NA,NA,NA,NA,NA,NA,NA,NA,NA,NA,NA,NA,11.46,22.76
1993,-0.00067496862551943,NA,NA,NA,NA,NA,70.5,NA,NA,NA,NA,6.11,-0.219,9.26,8.75,8.31,7.84,3.35,6.69,7.06,NA,NA,NA,NA,NA,NA,NA,NA,NA,NA,NA,NA,NA,NA,NA,NA,NA,NA,NA,NA,NA,12.68,28.29
1994,0.0065015098830342,NA,NA,NA,NA,NA,71.8,NA,NA,NA,NA,5.78,-0.185,10.01,9.48,8.82,9.17,2.96,6.63,8.14,NA,NA,NA,NA,NA,NA,NA,NA,NA,NA,NA,NA,NA,NA,NA,NA,NA,NA,NA,NA,NA,11.95,24.06
1995,-2.21207687272425e-05,NA,NA,NA,NA,NA,52.4,NA,NA,NA,NA,5.87,0.126833333333333,9.47,8.82,8.78,8.29,3.22,6.59,6.78,NA,NA,NA,NA,NA,NA,NA,NA,NA,NA,NA,NA,NA,NA,NA,NA,NA,NA,NA,NA,NA,11.73,31.79
1996,-0.00130331242296759,NA,NA,NA,NA,NA,38.5,NA,NA,NA,NA,5.97,-0.066,9.45,8.55,8.16,7.89,2.91,6.16,7,NA,NA,NA,NA,NA,NA,NA,NA,NA,NA,NA,NA,NA,NA,NA,NA,NA,NA,NA,NA,NA,13.21,8.53
1997,-0.000366100025752763,NA,NA,NA,NA,NA,40,NA,NA,NA,NA,6.3,0.04375,8.77,8.15,7.99,8.22,3.44,6.23,7.42,NA,NA,NA,NA,NA,NA,NA,NA,NA,NA,NA,NA,NA,NA,NA,NA,NA,NA,NA,NA,NA,13.04,15.29
1998,0.0101451792271976,NA,NA,NA,NA,NA,19.6,NA,NA,NA,NA,7.22,0.364333333333333,10.03,8.76,8.21,7.9,3.42,4.94,5.51,NA,NA,NA,NA,NA,NA,NA,NA,NA,NA,NA,NA,NA,NA,NA,NA,NA,NA,NA,NA,NA,12.99,17.83
1999,0.00393871688943316,0.194114822521796,-0.654125260704955,-1.09280425987954,-0.669774410289238,-0.194092419304731,27.6,"Central Scotian Shelf",0.727215500464869,-1.95899088840199,1.17737310464248,4.98,0.109833333333333,10.52,9.8,9.04,9.06,3.97,6.7,7.91,"HL2",1.109237694,-1.882267205,-0.07950487,-0.077590892,0.395977265,-0.361869947,0.136528325,-3.022683401,-0.782362497,0.930020467,0.439238524,0.154596702,0.751930486,1.391352762,-0.748707136,-0.218272434,0.968710556,2.513008382,2.038081186,0.203040962,10.93,30.99
1999,0.00393871688943316,0.194114822521796,-0.654125260704955,-1.09280425987954,-0.669774410289238,-0.194092419304731,27.6,"Western Scotian Shelf",-0.0175891058136763,-1.26945111724418,1.70878439364735,4.98,0.109833333333333,10.52,9.8,9.04,9.06,3.97,6.7,7.91,"BBL",-0.495061297,0.306602483,-1.634235933,0.607996273,1.678529072,-0.431691457,0.670375403,-0.203838719,-0.642018625,1.255368935,1.180209203,0.624251333,0.379644112,0.591801229,-0.746735986,-1.597970339,-0.452654054,1.35896074,2.369255821,-0.99845862,10.93,30.99
1999,0.00393871688943316,0.194114822521796,-0.654125260704955,-1.09280425987954,-0.669774410289238,-0.194092419304731,27.6,"Cabot Strait",-0.578988754489404,-0.533184584461032,0.882647542775555,4.98,0.109833333333333,10.52,9.8,9.04,9.06,3.97,6.7,7.91,"CSL",1.077725861,-2.396787906,-0.091901926,0.129682177,1.153458416,-0.289839149,0.55757528,0.51794648,-0.969691295,1.393472802,-0.813600962,-0.356782846,0.087293086,1.320930482,-1.397939756,0.018466177,1.678075296,0.785656993,-0.665210861,-0.783396099,10.93,30.99
1999,0.00393871688943316,0.194114822521796,-0.654125260704955,-1.09280425987954,-0.669774410289238,-0.194092419304731,27.6,"Central Scotian Shelf",0.727215500464869,-1.95899088840199,1.17737310464248,4.98,0.109833333333333,10.52,9.8,9.04,9.06,3.97,6.7,7.91,"HL",-1.249371816,-1.153055792,-0.997775372,-0.37979532,0.54022902,-0.316359034,-0.183823289,0.401818901,-1.034978388,1.076308911,-1.836874955,0.794527952,0.4149805,1.491010591,-1.537846457,0.41952453,-1.230844517,1.60480355,2.047843683,-0.238303788,10.93,30.99
1999,0.00393871688943316,0.194114822521796,-0.654125260704955,-1.09280425987954,-0.669774410289238,-0.194092419304731,27.6,"Eastern Scotian Shelf",0.0799752857726804,-1.77922013550602,2.20651728657771,4.98,0.109833333333333,10.52,9.8,9.04,9.06,3.97,6.7,7.91,"LL",0.962117314,-0.92606244,-1.45953055,0.506951216,1.108573341,-0.332938722,-0.178055559,1.388660447,-0.816534041,2.042005925,-0.782414631,0.674694635,1.693079367,1.09884026,-1.679204871,1.523397677,-0.222240712,1.594727086,0.918278848,-0.488322749,10.93,30.99
2000,-0.000136750175863522,-0.209632533977161,-0.488756515021118,-0.680136916987963,-0.2361075259293,-0.682212605482304,16.1,"Central Scotian Shelf",-0.522320779473763,1.21370690096935,0.293488729355726,3.46,0.0204166666666667,9.92,9.43,9.07,8.97,4.19,7.35,8.27,"HL2",1.204751048,-1.379252078,-2.3751327,0.841308841,1.464402145,-0.368906034,1.12223531,1.00983795,-0.73805497,0.85511582,1.403113834,2.743857886,0.780049813,1.792339061,-0.784081125,1.864191111,-1.812202759,1.302597985,1.579962978,0.448928162,11.49,30.26
2000,-0.000136750175863522,-0.209632533977161,-0.488756515021118,-0.680136916987963,-0.2361075259293,-0.682212605482304,16.1,"Western Scotian Shelf",-0.908770467039942,1.05373389528491,0.666450902343407,3.46,0.0204166666666667,9.92,9.43,9.07,8.97,4.19,7.35,8.27,"BBL",-0.630936923,-0.253132081,-1.76700154,0.634274443,1.414069565,-0.359088425,0.997992885,0.351860741,-1.164716173,1.582021664,1.475249063,1.439342412,0.874896218,1.50773785,-0.022925634,-0.106132592,-0.247760061,1.993575925,0.179155473,-1.028190908,11.49,30.26
2000,-0.000136750175863522,-0.209632533977161,-0.488756515021118,-0.680136916987963,-0.2361075259293,-0.682212605482304,16.1,"Cabot Strait",-1.02413944079385,-0.0260957972372473,-0.494237603546985,3.46,0.0204166666666667,9.92,9.43,9.07,8.97,4.19,7.35,8.27,"CSL",-1.179935744,-0.969764806,-1.399953086,0.849425975,1.339102575,-0.278428182,-0.249621548,-0.334361885,-1.148401211,-1.053562258,-1.547418064,-0.352125915,-0.774056057,1.593838662,-0.541742958,0.873835211,-1.294828438,-1.373004258,-0.211791255,-0.194944817,11.49,30.26
2000,-0.000136750175863522,-0.209632533977161,-0.488756515021118,-0.680136916987963,-0.2361075259293,-0.682212605482304,16.1,"Central Scotian Shelf",-0.522320779473763,1.21370690096935,0.293488729355726,3.46,0.0204166666666667,9.92,9.43,9.07,8.97,4.19,7.35,8.27,"HL",-0.847352269,-1.702601305,-2.074417283,-0.232283808,1.59678715,-0.326614516,-0.215669633,0.434802495,-0.999050225,0.45973445,1.352982693,0.926895819,0.741366872,0.968498626,-0.311165822,1.002928462,0.54601944,1.881873207,1.179090052,0.771796687,11.49,30.26
2000,-0.000136750175863522,-0.209632533977161,-0.488756515021118,-0.680136916987963,-0.2361075259293,-0.682212605482304,16.1,"Eastern Scotian Shelf",-0.393856783697717,0.759399528070974,0.831231191059788,3.46,0.0204166666666667,9.92,9.43,9.07,8.97,4.19,7.35,8.27,"LL",-1.35682182,-0.581938094,-2.27490434,-0.724276897,0.678485512,-0.236764316,-0.637512826,0.523081223,-0.996165911,-0.470558951,-0.210821473,0.207963921,-1.476579731,1.341986957,0.067522562,-1.169366352,-1.526420176,-0.770078918,-0.216047245,0.370387702,11.49,30.26
2001,-0.0022369766097311,-0.0901137250690431,0.0404234711671604,0.420309330722899,1.46964888588646,0.112040963140467,24.1,"Central Scotian Shelf",2.93195284773437,-1.68429843910577,-0.194898170628747,6.95,0.111333333333333,10.01,8.97,8.51,8.08,3.44,5.75,6.38,"HL2",0.962612195,0.836564153,0.974414415,-0.760423656,-0.50541464,-0.605790546,-0.213336991,0.383335224,-0.768835988,0.869045314,-0.319903704,0.60880232,-0.009338661,0.863376263,-0.248585082,-0.511805029,-0.620349706,-0.388331766,0.13717703,0.725328879,10.45,12.46
2001,-0.0022369766097311,-0.0901137250690431,0.0404234711671604,0.420309330722899,1.46964888588646,0.112040963140467,24.1,"Western Scotian Shelf",-0.314649559555765,1.18594767648576,0.794212762763964,6.95,0.111333333333333,10.01,8.97,8.51,8.08,3.44,5.75,6.38,"BBL",0.942401592,0.142564807,1.111034403,-1.33165316,0.701688523,-0.481228211,0.904795134,-0.331721814,-1.020055494,0.921771945,-0.209885822,-0.537800293,1.23894758,1.858180518,-1.769309836,1.229012842,1.506261083,0.603375847,1.543431559,-1.219007498,10.45,12.46
2001,-0.0022369766097311,-0.0901137250690431,0.0404234711671604,0.420309330722899,1.46964888588646,0.112040963140467,24.1,"Cabot Strait",0.400342755380382,0.604948026863463,-0.591828744344234,6.95,0.111333333333333,10.01,8.97,8.51,8.08,3.44,5.75,6.38,"CSL",-1.291707249,0.940025376,0.056379013,0.086866488,-0.427913554,-0.289839149,-0.305997337,-1.6308047,-1.135886155,-0.807893574,-1.077511849,1.336389189,-0.832320051,0.262680632,-1.562425171,-0.9628153,1.399595492,0.980400007,-0.730963439,-0.354705694,10.45,12.46
2001,-0.0022369766097311,-0.0901137250690431,0.0404234711671604,0.420309330722899,1.46964888588646,0.112040963140467,24.1,"Central Scotian Shelf",2.93195284773437,-1.68429843910577,-0.194898170628747,6.95,0.111333333333333,10.01,8.97,8.51,8.08,3.44,5.75,6.38,"HL",-1.184145443,-0.091203067,0.735067317,-1.782921604,-0.382001386,-0.262714567,-2.486561997,-0.440075771,-1.04070777,1.207984909,0.013271044,-0.285827451,0.406941031,1.848288817,-1.325019681,-0.434984686,-0.568348811,-0.90402993,1.019796452,-2.054733797,10.45,12.46
2001,-0.0022369766097311,-0.0901137250690431,0.0404234711671604,0.420309330722899,1.46964888588646,0.112040963140467,24.1,"Eastern Scotian Shelf",-0.82684126097239,1.63637723003393,-0.88143733728209,6.95,0.111333333333333,10.01,8.97,8.51,8.08,3.44,5.75,6.38,"LL",-0.770423009,1.46357585,0.769364389,-1.101457433,-1.647363903,-0.316791227,0.716697143,-0.800221242,-1.065695917,-0.282873403,-0.52511007,0.955668311,0.892497597,0.789662804,-0.499912182,0.130603067,1.697146882,1.09321616,1.146632103,0.588392886,10.45,12.46
2002,-0.00477856719243446,0.236627020760668,2.91783964606592,1.03931034506026,2.77064953896628,0.0492531955164638,22.7,"Central Scotian Shelf",-0.0780412132733604,-0.166622656744154,-0.968409504984431,5.21,0.0573333333333333,8.87,8.63,8.7,8.8,3.8,6.65,8.12,"HL2",-1.742116715,-0.213756856,-0.627779765,-1.280365432,-0.608583382,-0.252003695,-1.528481648,0.385025884,-0.840593693,-2.272704982,-1.415656723,-0.289740831,-0.495690643,-0.806706383,-1.646392797,0.206657046,-0.121934528,-0.594010107,-1.070678297,-0.247304661,11.06,17.56
2002,-0.00477856719243446,0.236627020760668,2.91783964606592,1.03931034506026,2.77064953896628,0.0492531955164638,22.7,"Western Scotian Shelf",0.866165744069037,-1.01131944918539,0.132310570216283,5.21,0.0573333333333333,8.87,8.63,8.7,8.8,3.8,6.65,8.12,"BBL",0.641140447,-1.220127985,0.126307811,-1.960446664,0.863409534,-0.121774688,0.489005167,1.943539414,-0.857382339,0.773981263,-0.431321401,1.056828319,0.082891768,0.24606893,-0.152522574,-0.625279345,0.835193526,-1.525348192,-0.172165628,0.387949147,11.06,17.56
2002,-0.00477856719243446,0.236627020760668,2.91783964606592,1.03931034506026,2.77064953896628,0.0492531955164638,22.7,"Central Scotian Shelf",-0.0780412132733604,-0.166622656744154,-0.968409504984431,5.21,0.0573333333333333,8.87,8.63,8.7,8.8,3.8,6.65,8.12,"HL",0.918652976,-0.162124404,-0.60164119,-0.477770892,0.97441493,-0.704722297,0.565686187,-0.27335426,-0.853903115,-1.794452178,-1.402396686,0.227665854,1.259523066,-1.242036304,-0.711053749,-0.614911018,1.690341876,-0.11364289,-0.466277744,-0.559205007,11.06,17.56
2002,-0.00477856719243446,0.236627020760668,2.91783964606592,1.03931034506026,2.77064953896628,0.0492531955164638,22.7,"Eastern Scotian Shelf",-0.769654631898377,0.722474151146217,-0.904586055887096,5.21,0.0573333333333333,8.87,8.63,8.7,8.8,3.8,6.65,8.12,"LL",2.187580899,-0.440078266,0.724135472,-1.823368514,-1.142539276,-0.317034586,1.162353962,-1.62383411,-1.028495403,-0.679070361,-2.049426329,-0.985095527,1.368560489,0.871397197,-1.504049745,-0.592171798,0.57188128,1.269340179,1.881240574,2.352553208,11.06,17.56
2003,0.000901534762739891,1.73398093498236,0.271939715124532,1.45197768795183,0.284292735302627,1.27547259312712,58.6,"Central Scotian Shelf",-0.777781530038994,0.657454691144507,1.58336199629773,6.84,0.223583333333333,9.61,8.68,7.89,7.78,2.73,5.71,7.45,"HL2",0.27422878,0.142388578,0.85728198,-0.47343906,-0.175462169,0.60538235,-0.35738219,-0.237168633,-0.821442245,-1.018547629,-1.115462084,0.306826398,1.156211187,0.745712383,-0.729779552,0.319069543,0.838482581,0.523563135,-1.036578619,1.151733205,10.85,17.46
2003,0.000901534762739891,1.73398093498236,0.271939715124532,1.45197768795183,0.284292735302627,1.27547259312712,58.6,"Western Scotian Shelf",-0.381488161647735,0.468215721395466,1.09482230628045,6.84,0.223583333333333,9.61,8.68,7.89,7.78,2.73,5.71,7.45,"BBL",1.363014181,1.260542213,0.73263522,-0.298469033,-1.012446066,-0.443763588,-1.336634082,0.440260756,-0.852366735,0.635247224,-0.398857208,0.849694681,0.592602027,0.295446237,-0.502053429,0.416133961,1.755198389,-0.285143111,-0.719709095,1.363664994,10.85,17.46
2003,0.000901534762739891,1.73398093498236,0.271939715124532,1.45197768795183,0.284292735302627,1.27547259312712,58.6,"Cabot Strait",-1.09647642731832,0.745806023314514,-0.0340839840169294,6.84,0.223583333333333,9.61,8.68,7.89,7.78,2.73,5.71,7.45,"CSL",1.208928194,0.126002917,-1.371555417,-0.545108158,0.826555649,-0.93472697,1.460912983,-1.414594496,-1.036490213,0.406168809,-0.589891409,-1.318265612,1.821301417,-0.006097952,-0.435174087,0.012025656,0.625945725,0.845928594,1.887462102,0.723825132,10.85,17.46
2003,0.000901534762739891,1.73398093498236,0.271939715124532,1.45197768795183,0.284292735302627,1.27547259312712,58.6,"Central Scotian Shelf",-0.777781530038994,0.657454691144507,1.58336199629773,6.84,0.223583333333333,9.61,8.68,7.89,7.78,2.73,5.71,7.45,"HL",1.102969323,0.888967249,0.153713876,-0.823804382,-0.266999478,-0.329086581,0.179865993,-2.1493948,-1.029973645,-1.922513238,0.168452176,0.517015886,0.157932608,-0.382703548,-0.364297629,-1.250735471,1.400635139,0.436927068,-0.080590812,0.57351976,10.85,17.46
2003,0.000901534762739891,1.73398093498236,0.271939715124532,1.45197768795183,0.284292735302627,1.27547259312712,58.6,"Eastern Scotian Shelf",-0.671620410628639,1.23942942809281,-0.26762929227358,6.84,0.223583333333333,9.61,8.68,7.89,7.78,2.73,5.71,7.45,"LL",-1.052614328,0.958174712,0.305020943,0.594349483,-0.367806522,-0.801192081,-0.26089469,-0.074536641,-1.03646735,0.648188202,0.480600599,0.967754551,0.204510551,0.996144425,-0.637323494,0.42271466,-1.110217198,-0.162199075,-0.562502278,-0.514873175,10.85,17.46
2004,-0.00395998683413541,0.260972682948311,-0.0918715253799092,-0.26746957409639,-0.640863284665243,0.596725987319827,31.4,"Central Scotian Shelf",0.399559320392073,-0.166622656744154,0.504910215885125,7.97,0.19875,9.05,8.34,8.14,7.35,2.77,4.67,6.05,"HL2",-0.155096817,0.398207188,0.486058326,-0.063108238,-1.761552817,-0.37388919,1.246955986,0.413566694,-0.748558012,0.643990349,-0.958849459,-0.395468411,0.889034432,-0.340062438,-0.52476696,-1.192902572,1.68964523,0.053268253,-0.01534309,-1.865177038,11.41,11.73
2004,-0.00395998683413541,0.260972682948311,-0.0918715253799092,-0.26746957409639,-0.640863284665243,0.596725987319827,31.4,"Western Scotian Shelf",-0.336929093586421,0.405256777966494,1.09502640617576,7.97,0.19875,9.05,8.34,8.14,7.35,2.77,4.67,6.05,"BBL",-1.58850442,0.280646207,0.731026736,-0.112307318,-0.869187912,0.3293155,0.761924599,-1.289115993,-0.963991768,-1.21752135,-0.866154232,-0.326672252,-0.889978269,-0.713917883,-0.353676342,0.084733524,-0.708617796,-0.134652265,-0.32653943,-0.408875081,11.41,11.73
2004,-0.00395998683413541,0.260972682948311,-0.0918715253799092,-0.26746957409639,-0.640863284665243,0.596725987319827,31.4,"Cabot Strait",-0.12827368460615,0.633119626153673,-1.55255323389206,7.97,0.19875,9.05,8.34,8.14,7.35,2.77,4.67,6.05,"CSL",-0.009097084,-0.265619304,0.460788068,-0.317669149,-1.5986746,-0.289839149,1.651019164,1.142487304,-0.798865712,0.358327869,0.397080744,-0.130820735,0.590105746,-1.248470002,-0.270935596,-0.285610144,0.390956345,1.200597813,1.012288624,1.738321597,11.41,11.73
2004,-0.00395998683413541,0.260972682948311,-0.0918715253799092,-0.26746957409639,-0.640863284665243,0.596725987319827,31.4,"Central Scotian Shelf",0.399559320392073,-0.166622656744154,0.504910215885125,7.97,0.19875,9.05,8.34,8.14,7.35,2.77,4.67,6.05,"HL",-0.483357256,0.051918579,0.869524153,0.605068455,-1.696184204,-0.329086581,0.517246682,-0.336052572,-0.725833438,-0.282853491,-1.004064097,-0.398559862,-0.361760554,-0.147463579,-0.211472254,-0.56425297,0.294410045,0.202411392,-1.307282581,0.563691477,11.41,11.73
2004,-0.00395998683413541,0.260972682948311,-0.0918715253799092,-0.26746957409639,-0.640863284665243,0.596725987319827,31.4,"Eastern Scotian Shelf",0.586485428999657,0.353220381898655,-0.284290630089419,7.97,0.19875,9.05,8.34,8.14,7.35,2.77,4.67,6.05,"LL",-0.095100845,-0.849487303,0.29219684,0.17219296,-0.751083851,-0.315252685,0.012093767,-0.04099994,-0.645834722,1.198058087,-0.454476303,-0.712762902,0.409378519,-1.615958086,0.509909424,1.007987996,-0.047206879,0.530393172,-0.219772766,-1.006130118,11.41,11.73
2005,0.000676469631778022,0.619289284185519,-1.08408399948293,0.626643002168685,-0.640863284665243,0.294058397973195,36.3,"Central Scotian Shelf",-0.372376425881127,-0.0636129882580718,0.356995705910603,4.94,0.284666666666667,9.99,9.17,8.57,7.84,3.87,6.29,7.28,"HL2",-1.320191435,0.413933966,-0.226173854,0.462893031,0.04207884,-0.212633235,1.064199169,-0.072713802,0.980890257,0.964129798,-0.675823992,-0.88713012,-1.762361682,-0.541592964,0.21710751,-0.7544186,0.775728378,-0.302337211,0.343053438,-0.935261684,11.94,24.86
2005,0.000676469631778022,0.619289284185519,-1.08408399948293,0.626643002168685,-0.640863284665243,0.294058397973195,36.3,"Western Scotian Shelf",-0.396341184334839,0.115645638193218,-0.89835183470777,4.94,0.284666666666667,9.99,9.17,8.57,7.84,3.87,6.29,7.28,"BBL",-0.468914369,-0.532602331,-0.233408375,-0.283123058,-1.215444098,0.694314556,0.874502746,-0.095935483,0.150254021,-0.27688204,-1.447751088,-0.047457142,-0.05187681,-1.134322142,0.386555374,-0.955735734,-0.251202678,-1.387027163,-0.712105452,-0.755799036,11.94,24.86
2005,0.000676469631778022,0.619289284185519,-1.08408399948293,0.626643002168685,-0.640863284665243,0.294058397973195,36.3,"Cabot Strait",0.144381110755324,0.15983675807814,0.305496863601943,4.94,0.284666666666667,9.99,9.17,8.57,7.84,3.87,6.29,7.28,"CSL",0.575961432,0.526845263,-0.692472601,-1.391629182,-0.146349919,-0.289839149,-1.05687418,1.690585756,0.559570802,0.201853686,0.40401893,1.83555782,0.475119678,-1.248470002,0.530893618,-1.411855847,-0.394392652,-0.37710562,-0.749052921,-0.864460936,11.94,24.86
2005,0.000676469631778022,0.619289284185519,-1.08408399948293,0.626643002168685,-0.640863284665243,0.294058397973195,36.3,"Central Scotian Shelf",-0.372376425881127,-0.0636129882580718,0.356995705910603,4.94,0.284666666666667,9.99,9.17,8.57,7.84,3.87,6.29,7.28,"HL",-0.243601854,1.211735043,-0.153342774,1.116648394,0.504513697,-0.329086581,1.029032654,0.935625038,0.68371458,0.621080941,1.1183473,-0.049682233,-0.387090676,-0.424103487,0.351363766,-0.478189606,0.358534422,-0.450890808,-0.959478165,-0.16037587,11.94,24.86
2005,0.000676469631778022,0.619289284185519,-1.08408399948293,0.626643002168685,-0.640863284665243,0.294058397973195,36.3,"Eastern Scotian Shelf",0.374077949581892,-0.883779745080679,0.438689465047749,4.94,0.284666666666667,9.99,9.17,8.57,7.84,3.87,6.29,7.28,"LL",-0.0728227,1.072751268,-0.72972463,0.835173697,1.00786104,-0.234096168,-0.581921477,-0.454857954,0.3365847,0.543607693,1.126295129,0.845917296,-0.224442731,-0.589189725,-0.127996092,-0.138063809,1.144558043,0.760501001,-0.669134815,-0.204963573,11.94,24.86
2006,0.00373881139530991,-0.993311609241886,-0.0918715253799092,-1.02402636939761,-0.00481852093733238,-0.825216314219892,9.9,"Central Scotian Shelf",0.238507977644427,-0.592395953153296,0.371057395128935,4.01,0.259416666666667,10.19,9.46,8.94,8.84,4.2,7.36,8.15,"HL2",-0.702707923,-0.701319789,-0.192051318,0.807664207,1.770295425,-0.479358985,-0.629409439,0.26907033,0.414485791,-0.585854204,0.947683895,-0.564947101,-1.351315622,-0.556107883,0.062235114,1.502029838,-0.725627872,-0.939531823,-0.337737107,-1.308241764,12.49,17.46
2006,0.00373881139530991,-0.993311609241886,-0.0918715253799092,-1.02402636939761,-0.00481852093733238,-0.825216314219892,9.9,"Western Scotian Shelf",0.153220655088025,-0.230628550666132,-0.727781968764057,4.01,0.259416666666667,10.19,9.46,8.94,8.84,4.2,7.36,8.15,"BBL",0.806912965,0.398104947,-0.035479666,0.512784086,0.38978911,-0.443763588,0.020044428,-1.048360056,1.040569463,-0.401383847,-1.131040787,0.10946176,-1.052071826,-0.565609521,0.024942116,0.351309659,-1.556410164,-0.464068745,-0.10105689,0.770370158,12.49,17.46
2006,0.00373881139530991,-0.993311609241886,-0.0918715253799092,-1.02402636939761,-0.00481852093733238,-0.825216314219892,9.9,"Cabot Strait",-0.0281147801876495,-0.302177470281308,1.74678538005627,4.01,0.259416666666667,10.19,9.46,8.94,8.84,4.2,7.36,8.15,"CSL",0.201715946,0.621230941,1.188234706,1.153468676,0.589369978,-0.289839149,0.740311916,-0.233863584,0.8046791,-1.404403488,-0.104518719,0.813204872,0.392099673,0.149124572,-0.283649409,2.066753551,0.413994785,0.192797269,-0.723244533,-0.144777539,12.49,17.46
2006,0.00373881139530991,-0.993311609241886,-0.0918715253799092,-1.02402636939761,-0.00481852093733238,-0.825216314219892,9.9,"Central Scotian Shelf",0.238507977644427,-0.592395953153296,0.371057395128935,4.01,0.259416666666667,10.19,9.46,8.94,8.84,4.2,7.36,8.15,"HL",-0.50747494,-0.997866192,0.218681473,0.257501626,0.259334742,-0.277658578,-1.215474901,-1.389507532,0.829400069,-0.373074642,0.034543651,1.322276131,-2.44380482,0.143603061,0.288538095,1.229556158,-1.271466345,-1.292732914,-0.054304826,-0.359777785,12.49,17.46
2006,0.00373881139530991,-0.993311609241886,-0.0918715253799092,-1.02402636939761,-0.00481852093733238,-0.825216314219892,9.9,"Eastern Scotian Shelf",-1.23531718292963,0.69478011845265,0.3184756223934,4.01,0.259416666666667,10.19,9.46,8.94,8.84,4.2,7.36,8.15,"LL",0.29094106,-0.280545003,0.122526125,1.740150415,1.385041255,-0.234096168,-0.034736812,1.793000904,1.053309665,0.098183254,-0.569734324,0.414236098,-0.618463349,-0.571486045,-0.022511271,-0.952988319,-0.556677583,-1.192039012,-0.374480629,-0.348261524,12.49,17.46
2007,0.00152569679120198,-0.392752079805897,0.238865965987765,0.695420892650614,-0.0626407721853242,0.199531274902444,17.9,"Central Scotian Shelf",-0.822209486659035,0.602516201285262,0.757862303151125,6.8,0.140416666666667,9.04,8.29,7.87,7.82,3.24,5.6,6.25,"HL2",-0.481011056,1.187685724,0.612729209,-0.355147967,0.239368967,-0.414056588,-1.84875939,0.193190756,1.274350976,-0.276797025,-0.654262254,-1.023595231,0.113264598,-1.452206663,1.103601371,0.930863782,-1.022494516,-0.74975916,-1.226778966,-0.508711596,10.93,23.26
2007,0.00152569679120198,-0.392752079805897,0.238865965987765,0.695420892650614,-0.0626407721853242,0.199531274902444,17.9,"Western Scotian Shelf",-0.418620718365496,0.241563525051164,-0.0253262176284419,6.8,0.140416666666667,9.04,8.29,7.87,7.82,3.24,5.6,6.25,"BBL",-0.818510383,1.878471475,1.162756131,-0.660768947,-0.358737506,-0.443763588,-2.038675782,0.567036699,0.949104447,-1.34167523,-0.324175494,-0.575418013,0.31426683,-1.479313971,0.823233619,1.007841291,-1.013961565,0.352456674,-0.808068058,0.952496171,10.93,23.26
2007,0.00152569679120198,-0.392752079805897,0.238865965987765,0.695420892650614,-0.0626407721853242,0.199531274902444,17.9,"Cabot Strait",0.161074261491741,0.221814276516603,0.132310741905361,6.8,0.140416666666667,9.04,8.29,7.87,7.82,3.24,5.6,6.25,"CSL",0.546523837,0.504200437,0.580860095,-0.191786052,0.702936241,-0.289839149,-0.635018697,0.102836573,0.754710511,0.435200586,0.339045519,-1.014412529,-1.949307759,-1.248470002,0.322453974,1.094891245,-1.358999818,-0.848619688,-0.826211606,0.012094225,10.93,23.26
2007,0.00152569679120198,-0.392752079805897,0.238865965987765,0.695420892650614,-0.0626407721853242,0.199531274902444,17.9,"Central Scotian Shelf",-0.822209486659035,0.602516201285262,0.757862303151125,6.8,0.140416666666667,9.04,8.29,7.87,7.82,3.24,5.6,6.25,"HL",-0.773459366,1.384769502,0.733251896,-0.267562295,-0.419195344,-0.386300172,0.788444456,0.455214524,0.919892777,0.553543576,0.176157753,0.088464185,0.315938541,-0.709382571,0.761908921,0.79677269,-0.384532319,-0.922392956,-1.202653171,1.55507166,10.93,23.26
2007,0.00152569679120198,-0.392752079805897,0.238865965987765,0.695420892650614,-0.0626407721853242,0.199531274902444,17.9,"Eastern Scotian Shelf",1.56682764169703,-0.634533450838574,0.115882253545957,6.8,0.140416666666667,9.04,8.29,7.87,7.82,3.24,5.6,6.25,"LL",-0.632940883,0.790601566,0.424416095,0.582909605,0.487990421,-0.315252685,-0.988374421,0.167364636,1.136939458,-1.379237719,-0.321772615,-0.616598063,-1.267488445,-1.417799868,1.091744744,1.834510856,-0.54754079,-0.756398298,-1.488335551,-0.077722439,10.93,23.26
2008,0.00379120756951076,0.87886322373275,0.17271846771423,1.65831135939762,0.54449286591859,1.1918770237342,32.7,"Central Scotian Shelf",-0.93883287278664,0.849739405651861,-1.70137630209392,6.58,0.131416666666667,9.36,8.41,8.38,8.23,3.48,5.36,6.88,"HL2",1.123590399,1.381903205,1.417298681,-1.788138909,-1.053746494,-0.295746384,0.757535573,0.089841124,1.511920507,0.301463077,-0.009892327,-0.600331417,0.896748378,-0.839436158,1.972043539,-0.398663304,0.280067838,-0.473393207,0.29713295,0.949017069,12.51,25.06
2008,0.00379120756951076,0.87886322373275,0.17271846771423,1.65831135939762,0.54449286591859,1.1918770237342,32.7,"Western Scotian Shelf",0.0938085643396069,0.657092551682385,-2.11941918776781,6.58,0.131416666666667,9.36,8.41,8.38,8.23,3.48,5.36,6.88,"BBL",0.580426336,-1.136940711,0.133661878,0.348726747,-0.009075259,-0.443763588,-1.081814786,0.82812562,1.139072904,-0.495181631,0.570883428,0.282539897,0.994067613,0.25580203,1.722447627,0.017973097,0.537206913,-0.236525742,-0.495161015,0.651381563,12.51,25.06
2008,0.00379120756951076,0.87886322373275,0.17271846771423,1.65831135939762,0.54449286591859,1.1918770237342,32.7,"Cabot Strait",-0.679147658907904,1.46136464528585,0.42701947248319,6.58,0.131416666666667,9.36,8.41,8.38,8.23,3.48,5.36,6.88,"CSL",0.245586777,0.292771612,-0.695566838,-1.837609348,-0.431478801,-0.289839149,-1.295303282,-0.192687346,0.889875631,0.39124946,0.968738279,0.323166898,-0.307417817,-0.357860105,0.973220096,-0.251058444,-0.212517492,-1.600002578,0.048970597,-1.142525612,12.51,25.06
2008,0.00379120756951076,0.87886322373275,0.17271846771423,1.65831135939762,0.54449286591859,1.1918770237342,32.7,"Central Scotian Shelf",-0.93883287278664,0.849739405651861,-1.70137630209392,6.58,0.131416666666667,9.36,8.41,8.38,8.23,3.48,5.36,6.88,"HL",0.924888674,0.441067332,1.646475478,-0.896570356,-1.781343771,-0.397364829,0.361367175,0.944203144,1.107307087,0.337623127,-0.140330193,0.051082014,0.536084645,-0.315185323,1.825378212,1.260434663,0.204833739,0.302092133,-0.263535412,1.263707403,12.51,25.06
2008,0.00379120756951076,0.87886322373275,0.17271846771423,1.65831135939762,0.54449286591859,1.1918770237342,32.7,"Eastern Scotian Shelf",0.561976873682223,0.00242930111347053,-0.984799442599346,6.58,0.131416666666667,9.36,8.41,8.38,8.23,3.48,5.36,6.88,"LL",0.338211526,1.074771706,0.005983601,-0.189630612,0.248498255,-0.511596843,2.285990438,0.188599283,1.100817311,0.199624969,1.164671757,0.683341698,-0.093716758,-0.121947404,1.369890937,-0.55969865,1.06691243,-0.699004017,1.014173334,1.133790627,12.51,25.06
2009,-0.00242014039784262,1.19165468788082,-0.687199009841722,0.213975659277112,-0.87215228965721,0.635384418655535,38.7,"Central Scotian Shelf",0.216293999334407,0.0806005476224436,0.387453972991421,4.95,0.0325,9.37,8.69,8.52,8.44,3.75,6.6,7.24,"HL2",-0.63134044,0.469191898,-0.744983745,1.198127734,-0.459156679,-0.272319718,0.355046194,0.405642125,-0.773442324,0.298551046,1.20122939,0.310097466,0.301587964,0.280725669,0.98420546,-0.504981128,0.392860711,-0.487887809,-0.223423129,0.119925272,12.17,21.86
2009,-0.00242014039784262,1.19165468788082,-0.687199009841722,0.213975659277112,-0.87215228965721,0.635384418655535,38.7,"Western Scotian Shelf",-0.886490933009285,0.613021291282104,-0.729972537106081,4.95,0.0325,9.37,8.69,8.52,8.44,3.75,6.6,7.24,"BBL",1.005244459,0.378647449,0.674893786,0.838500318,-0.513582088,2.910959561,-0.086981573,0.491705587,0.991233538,-0.348486173,0.006433702,-2.37185595,-0.210861254,-0.299925619,1.507938765,1.552725838,-0.589542108,-0.012621442,0.17649541,-1.029505257,12.17,21.86
2009,-0.00242014039784262,1.19165468788082,-0.687199009841722,0.213975659277112,-0.87215228965721,0.635384418655535,38.7,"Cabot Strait",0.366956453907548,0.052784680775341,0.125226899560717,4.95,0.0325,9.37,8.69,8.52,8.44,3.75,6.6,7.24,"CSL",-1.836428548,1.068366643,1.786149619,0.88292157,-1.445751877,2.886980525,-0.958421746,0.738129208,0.685421087,-1.309917915,0.011801688,-1.014412529,-0.316083421,0.897887553,1.536334347,-0.446686906,-0.680658852,-0.574574024,-0.561137207,-0.738177282,12.17,21.86
2009,-0.00242014039784262,1.19165468788082,-0.687199009841722,0.213975659277112,-0.87215228965721,0.635384418655535,38.7,"Central Scotian Shelf",0.216293999334407,0.0806005476224436,0.387453972991421,4.95,0.0325,9.37,8.69,8.52,8.44,3.75,6.6,7.24,"HL",1.676676001,0.888709233,0.263984697,1.510860128,0.666309438,3.017847623,0.88246697,1.316577316,1.02483081,0.392021289,1.168753609,-2.618746605,0.589960135,0.143589969,1.397636749,0.428435909,0.341251877,0.230903852,0.041588819,-0.87431708,12.17,21.86
2009,-0.00242014039784262,1.19165468788082,-0.687199009841722,0.213975659277112,-0.87215228965721,0.635384418655535,38.7,"Eastern Scotian Shelf",0.561976873682223,-0.117578173891987,0.710066730505893,4.95,0.0325,9.37,8.69,8.52,8.44,3.75,6.6,7.24,"LL",-0.644695745,-1.469056113,0.823495612,0.417799078,0.148251374,3.008767032,-0.052120308,0.321213563,0.93055417,-1.209584699,0.868182766,-2.329769926,-1.005987081,-0.370341279,1.381861291,-0.69007188,-0.945708709,-0.448280845,-0.851693682,-0.464996882,12.17,21.86
2010,0.00594399975813731,-1.68061809637376,-0.951789002935861,0.145197768795183,-1.56601930463311,-2.46792485411041,3.7,"Central Scotian Shelf",0.0885636240517906,-0.612997886850513,-0.819734566780906,4.84,0.343166666666667,10.02,9.22,8.92,8.62,3.83,6.86,7.57,"HL2",0.35804427,-0.653278782,-0.102156359,1.48822034,0.651793538,3.031191973,-0.105130899,0.183055748,1.291642199,-0.708412031,1.1585849,-0.362967662,-1.270120249,-0.537393648,0.343119657,-1.241768254,-0.642885913,-0.457186671,-0.484868374,1.266723194,11.69,-4.64
2010,0.00594399975813731,-1.68061809637376,-0.951789002935861,0.145197768795183,-1.56601930463311,-2.46792485411041,3.7,"Western Scotian Shelf",0.0715290303089502,-0.331362860152488,0.44573634074668,4.84,0.343166666666667,10.02,9.22,8.92,8.62,3.83,6.86,7.57,"BBL",-1.337212589,-1.502776474,-1.00219045,1.704486313,-1.069012875,-0.765752487,-0.174534139,-1.653556752,1.230296761,-1.087260761,1.576410637,-0.502914752,-2.27252799,-0.561947658,-0.9178937,-1.374612201,0.186288515,-0.262982525,-0.933532696,1.313974367,11.69,-4.64
2010,0.00594399975813731,-1.68061809637376,-0.951789002935861,0.145197768795183,-1.56601930463311,-2.46792485411041,3.7,"Cabot Strait",0.934523578945719,-1.78963791280441,-1.27797229425714,4.84,0.343166666666667,10.02,9.22,8.92,8.62,3.83,6.86,7.57,"CSL",0.460726579,-0.447271174,0.179038365,1.181437005,-0.561254108,0.355048671,0.091417447,-0.385673307,1.395077457,1.389504023,2.012255843,-0.121498612,0.813265504,-0.115093838,1.128964942,-0.707945199,-0.567170391,0.767925492,1.518890499,1.748747024,11.69,-4.64
2010,0.00594399975813731,-1.68061809637376,-0.951789002935861,0.145197768795183,-1.56601930463311,-2.46792485411041,3.7,"Central Scotian Shelf",0.0885636240517906,-0.612997886850513,-0.819734566780906,4.84,0.343166666666667,10.02,9.22,8.92,8.62,3.83,6.86,7.57,"HL",0.66557597,-0.760316178,-0.793522271,1.370630054,0.004135206,0.641146112,-0.222580296,0.100143516,1.119301259,-0.275403655,0.351157705,-0.57511169,-1.230071349,-1.374116253,-0.163970151,-1.794578661,-1.380834546,-0.975321704,0.045803705,-0.481073661,11.69,-4.64
2010,0.00594399975813731,-1.68061809637376,-0.951789002935861,0.145197768795183,-1.56601930463311,-2.46792485411041,3.7,"Eastern Scotian Shelf",-1.08826585102502,-0.652996139300952,-0.390012033822128,4.84,0.343166666666667,10.02,9.22,8.92,8.62,3.83,6.86,7.57,"LL",0.846568532,-0.812707884,0.997020444,-1.010792998,-1.155907645,0.606248448,-1.443519217,-1.38747017,1.030988042,-0.708342995,1.274005492,-0.105350092,0.118651573,-0.411309236,0.050068697,-0.816853448,0.475513411,-1.220177433,-0.578357894,-1.339853962,11.69,-4.64
2011,-0.00528884020914769,-1.40373640275593,-0.191092772790211,0.213975659277112,-0.207196400305304,-0.763384861465584,5.2,"Central Scotian Shelf",-1.07767023722427,1.23430883466657,-0.0854825213040484,4.85,0.0956666666666667,9.21,8.81,8.75,8.65,4.22,6.52,7.7,"HL2",-2.558659077,-1.18195561,-0.721856803,0.448462655,-1.032548831,8.264877971,0.96983842,0.663454971,1.208918159,-0.51319429,0.576884114,0.397860215,-0.686642718,-0.082654954,1.478675679,-0.1567459,-0.529879989,1.348601401,0.49889034,0.838405592,13.22,10.2
2011,-0.00528884020914769,-1.40373640275593,-0.191092772790211,0.213975659277112,-0.207196400305304,-0.763384861465584,5.2,"Western Scotian Shelf",-0.663695592702719,0.694867917739768,-0.375014774901856,4.85,0.0956666666666667,9.21,8.81,8.75,8.65,4.22,6.52,7.7,"BBL",-1.384493658,-1.884079469,0.473792502,-0.856168144,-1.470937974,6.997835279,-0.290515397,-1.196194203,1.121187808,-0.885581966,0.358115544,-0.702776184,-1.494519977,-0.471504025,0.519419101,-0.411779171,0.177966361,-0.238668191,-0.890773653,-0.579867733,13.22,10.2
2011,-0.00528884020914769,-1.40373640275593,-0.191092772790211,0.213975659277112,-0.207196400305304,-0.763384861465584,5.2,"Cabot Strait",-0.534473685858959,0.554239148141084,-1.29366979398876,4.85,0.0956666666666667,9.21,8.81,8.75,8.65,4.22,6.52,7.7,"CSL",-4.319749917,-0.706643332,-1.375398784,-0.346997561,-0.034272351,4.10059767,0.101782851,-0.037290352,0.848251935,-2.170416434,0.923272605,0.309199953,-0.4765722,0.99462216,1.597099681,0.860446993,-0.7304692,0.195339557,0.775681858,0.994824354,13.22,10.2
2011,-0.00528884020914769,-1.40373640275593,-0.191092772790211,0.213975659277112,-0.207196400305304,-0.763384861465584,5.2,"Central Scotian Shelf",-1.07767023722427,1.23430883466657,-0.0854825213040484,4.85,0.0956666666666667,9.21,8.81,8.75,8.65,4.22,6.52,7.7,"HL",-0.032700714,-0.08577887,0.52536198,-0.325550142,-0.341879572,8.469095455,3.536758197,1.073653251,1.081061293,-0.730990422,0.578773995,0.232509861,-1.145047761,-0.096157455,1.368410699,-1.916923701,0.456254112,0.762172187,1.405849387,3.54197807,13.22,10.2
2011,-0.00528884020914769,-1.40373640275593,-0.191092772790211,0.213975659277112,-0.207196400305304,-0.763384861465584,5.2,"Eastern Scotian Shelf",-0.663450892189495,0.510153233828869,-1.38011989785626,4.85,0.0956666666666667,9.21,8.81,8.75,8.65,4.22,6.52,7.7,"LL",-1.73082139,-0.008706249,0.294121235,-0.038877563,-0.991702779,12.6926174,0.070172355,0.601288599,1.119028597,-0.760360015,1.263949653,0.519221037,0.022539968,0.515269594,1.448438993,0.012302514,1.172580847,1.831988484,0.194083481,0.125749197,13.22,10.2
2012,0.00596032288900346,-0.85205073355757,-0.852567755525559,-2.12447261710847,0.197559358430639,-0.708801838792032,9.1,"Central Scotian Shelf",-0.81665599208153,-0.0361437433284503,1.16018119364868,2.89,0.2075,10.83,10.2,10.07,9.82,4.51,8.07,9.36,"HL2",-4.144041853,-2.602585156,-2.451550969,-1.392833707,0.391019224,5.438399638,-0.862424308,0.464626486,1.207488638,-1.490585949,1.713086568,1.633057944,-1.708813015,-0.114698925,1.684781063,0.044085789,-0.770658035,0.057452951,0.06082347,-0.693796657,11.29,32.2
2012,0.00596032288900346,-0.85205073355757,-0.852567755525559,-2.12447261710847,0.197559358430639,-0.708801838792032,9.1,"Western Scotian Shelf",-0.975609069131912,-1.64090888347512,1.21963017126965,2.89,0.2075,10.83,10.2,10.07,9.82,4.51,8.07,9.36,"BBL",-2.584743265,-1.438153698,-0.884600365,-1.042376437,-1.843939198,0.009889515,-0.131884571,-1.298726375,1.500164426,1.213939179,1.019746585,0.539736455,-2.49048586,0.059285316,1.784529164,-1.189256301,-1.210115416,1.947198496,1.773753188,-0.185696788,11.29,32.2
2012,0.00596032288900346,-0.85205073355757,-0.852567755525559,-2.12447261710847,0.197559358430639,-0.708801838792032,9.1,"Cabot Strait",1.76918111576656,-1.23747456671629,1.00802110775534,2.89,0.2075,10.83,10.2,10.07,9.82,4.51,8.07,9.36,"CSL",-2.510900718,-4.072333057,0.513944338,0.511400436,1.629841035,7.623029569,-1.190247775,2.921489487,1.127938041,-1.82489663,1.205587977,2.477642387,-1.127322765,1.68450248,1.929196568,2.210782339,-0.094699128,0.81768339,-1.30861197,-1.734881725,11.29,32.2
2012,0.00596032288900346,-0.85205073355757,-0.852567755525559,-2.12447261710847,0.197559358430639,-0.708801838792032,9.1,"Central Scotian Shelf",-0.81665599208153,-0.0361437433284503,1.16018119364868,2.89,0.2075,10.83,10.2,10.07,9.82,4.51,8.07,9.36,"HL",-1.875893464,-2.493717911,-2.857669927,-1.376573094,0.82396719,10.09811353,-2.699307564,-0.095872109,1.094849572,0.019179524,1.509344693,0.986603777,-1.389113062,-0.677579846,1.821015096,-2.563110158,-1.014674572,0.611057293,-0.711073937,-0.66881704,11.29,32.2
2012,0.00596032288900346,-0.85205073355757,-0.852567755525559,-2.12447261710847,0.197559358430639,-0.708801838792032,9.1,"Eastern Scotian Shelf",-0.516399560284889,-0.77300361430641,1.52771677890335,2.89,0.2075,10.83,10.2,10.07,9.82,4.51,8.07,9.36,"LL",-3.775960722,-1.726155138,1.513523094,-1.09962701,0.15507891,10.54459215,-3.530770141,0.818008124,1.192443983,-1.402586022,0.672133944,1.146161205,-5.315637816,0.785679043,1.43979822,-3.916550091,-1.797959976,-0.276467595,-2.622109848,0.292738815,11.29,32.2
2013,0.0060280912783989,-0.907992046907971,-0.621051511568187,-1.43669371228918,-1.19017467152116,-1.00681101961256,13.3,"Central Scotian Shelf",-1.06100975349175,1.68068406477293,-1.46673682250677,5.04,0.160583333333333,10.26,9.41,8.9,9.06,4.09,6.91,8.29,"HL2",-1.123385232,-0.723076607,-1.311464724,-0.85968322,-0.515544029,8.553448721,-1.268181752,7.28e-05,1.111401622,-0.73035104,1.535860704,-0.07187259,0.423303901,0.02479318,0.715872295,-0.629722911,1.658638773,1.474376706,0.719116017,-1.349685688,12.09,17.1
2013,0.0060280912783989,-0.907992046907971,-0.621051511568187,-1.43669371228918,-1.19017467152116,-1.00681101961256,13.3,"Western Scotian Shelf",-0.492885831801018,1.0726215783136,-0.342569123605455,5.04,0.160583333333333,10.26,9.41,8.9,9.06,4.09,6.91,8.29,"BBL",0.246995126,-1.446991797,-1.049282957,-1.682394225,0.563283223,9.748842066,-1.316505967,0.582540885,1.10019647,0.584561418,0.750706373,-0.7313861,0.235430059,0.10657481,1.256041493,0.077583501,-0.809658507,0.942065133,0.559454284,-2.301649946,12.09,17.1
2013,0.0060280912783989,-0.907992046907971,-0.621051511568187,-1.43669371228918,-1.19017467152116,-1.00681101961256,13.3,"Cabot Strait",0.639611249269022,-0.52755026460299,1.69480730286274,5.04,0.160583333333333,10.26,9.41,8.9,9.06,4.09,6.91,8.29,"CSL",-3.828531224,-1.588071883,-0.312604204,-1.342901841,-0.381018386,2.619548036,-1.047351454,0.875685361,0.209399032,-2.078091299,0.329301933,-1.014412529,-0.838509297,-1.248470002,-0.165942249,-0.082713667,0.32387404,-0.513333318,0.654118197,1.025240278,12.09,17.1
2013,0.0060280912783989,-0.907992046907971,-0.621051511568187,-1.43669371228918,-1.19017467152116,-1.00681101961256,13.3,"Central Scotian Shelf",-1.06100975349175,1.68068406477293,-1.46673682250677,5.04,0.160583333333333,10.26,9.41,8.9,9.06,4.09,6.91,8.29,"HL",1.123456412,-0.052510732,-0.259774287,0.002041963,0.541783788,7.155279821,-1.80782045,-0.080837802,1.076305733,-0.453162454,0.889078434,-0.567459111,0.957012442,0.671605665,1.386119349,-0.501186428,-0.220728574,0.771756836,0.487854628,-3.325120504,12.09,17.1
2013,0.0060280912783989,-0.907992046907971,-0.621051511568187,-1.43669371228918,-1.19017467152116,-1.00681101961256,13.3,"Eastern Scotian Shelf",-0.410195820576007,0.860944314614053,0.556768901474768,5.04,0.160583333333333,10.26,9.41,8.9,9.06,4.09,6.91,8.29,"LL",-2.220801883,-1.009923603,-0.866106212,-1.859345203,-1.086761199,10.0079531,-0.269724806,0.17781543,0.764581771,-1.489968481,0.884480726,-1.524408554,-1.335546231,-1.173368549,-0.167476958,0.092210396,-0.530397777,0.475072376,-0.299533073,-0.929590494,12.09,17.1
2014,0.00142939449522184,1.37700078705107,-0.257240271063746,0.35153144024097,-0.00481852093733238,1.29960824132989,57.9,"Central Scotian Shelf",1.21592302328531,-0.784680667660651,0.486901779497884,3.3,0.09625,10.31,9.5,8.76,9.08,4.56,8.31,8.91,"HL2",-0.91731189,-0.917531448,-1.006894584,-0.120449382,0.314501082,9.384790281,0.959785267,0.579383822,1.29880952,-0.180382633,2.313772335,-0.867322155,-0.406300818,-0.081698854,1.379432958,0.491356804,1.702422489,1.385665846,-0.593937403,0.517013221,12.56,31.97
2014,0.00142939449522184,1.37700078705107,-0.257240271063746,0.35153144024097,-0.00481852093733238,1.29960824132989,57.9,"Western Scotian Shelf",-0.0621481738749897,0.291930679794343,-0.188349061489097,3.3,0.09625,10.31,9.5,8.76,9.08,4.56,8.31,8.91,"BBL",-1.289338479,-2.0245832,-1.26850083,-0.877863756,-0.087407789,8.903695746,-0.823743424,-1.46525455,0.618739031,-0.318481744,1.509061728,-0.025288995,5.1e-05,-0.164963328,0.357778561,-1.022756836,0.627570082,0.334167559,0.265205328,-0.520887605,12.56,31.97
2014,0.00142939449522184,1.37700078705107,-0.257240271063746,0.35153144024097,-0.00481852093733238,1.29960824132989,57.9,"Cabot Strait",-1.05196135868788,0.802149221894935,0.973119206982192,3.3,0.09625,10.31,9.5,8.76,9.08,4.56,8.31,8.91,"CSL",-4.386886271,-1.831442862,-0.415092123,-0.957073293,1.789032174,3.752344517,1.052588098,1.26151674,0.472745342,1.088168702,1.616073794,-1.014412529,1.027064456,-1.248470002,0.472913082,0.428675482,1.52391721,1.352335376,1.668172744,-1.82961008,12.56,31.97
2014,0.00142939449522184,1.37700078705107,-0.257240271063746,0.35153144024097,-0.00481852093733238,1.29960824132989,57.9,"Central Scotian Shelf",1.21592302328531,-0.784680667660651,0.486901779497884,3.3,0.09625,10.31,9.5,8.76,9.08,4.56,8.31,8.91,"HL",0.929681748,-0.10601949,-0.868606124,-2.287311389,-0.559469917,12.25121694,-0.348228834,-0.225107134,0.556453919,-1.042006515,1.184847892,-0.755452036,-0.875451979,0.189956952,0.966828299,0.02298686,-0.980931837,1.445978041,-1.007010518,0.858694534,12.56,31.97
2014,0.00142939449522184,1.37700078705107,-0.257240271063746,0.35153144024097,-0.00481852093733238,1.29960824132989,57.9,"Eastern Scotian Shelf",2.46547467000296,-1.1237946950916,0.562359472924734,3.3,0.09625,10.31,9.5,8.76,9.08,4.56,8.31,8.91,"LL",-2.384398744,-1.603114101,-0.653758475,-2.257754822,0.43375682,10.13990966,-1.127578413,0.897004589,0.794745315,-0.290924845,1.022940887,-0.543406444,-0.567174202,-1.378103652,-0.156597007,-0.568489984,0.027154543,1.136423195,0.576081768,-0.696705813,12.56,31.97
2015,-0.00127754097353338,0.972881848009835,0.404234711671602,0.35153144024097,0.862515247782545,0.994491817288376,40,"Central Scotian Shelf",-0.178004115668451,0.849739405651861,0.0255437399417775,4.08,0.108583333333333,9.58,9.33,9.05,8.74,5.15,7.92,8.15,"HL2",-4.290011301,-0.841458442,-0.572326206,-0.041477397,0.464020663,7.493228134,-0.146691815,0.732875301,1.318234989,0.470666525,2.337953715,0.490529137,0.125235079,-0.130691859,1.819513714,0.805884486,1.896716026,0.627744361,0.383215525,-0.049091841,11.13,38.27
2015,-0.00127754097353338,0.972881848009835,0.404234711671602,0.35153144024097,0.862515247782545,0.994491817288376,40,"Western Scotian Shelf",-0.00273608312657193,0.940407797112762,-0.276540470451034,4.08,0.108583333333333,9.58,9.33,9.05,8.74,5.15,7.92,8.15,"BBL",-1.757102481,-0.246707132,0.064986526,0.140020044,-0.643509956,4.312772595,0.802896645,-0.738794409,0.895586341,0.672471794,1.078762533,0.033893464,-0.37062894,-0.428493399,2.176139034,-1.374281382,1.46833384,0.739082393,-0.790770453,-1.65443691,11.13,38.27
2015,-0.00127754097353338,0.972881848009835,0.404234711671602,0.35153144024097,0.862515247782545,0.994491817288376,40,"Cabot Strait",-0.768177796168794,1.58531968216278,-0.669300052608756,4.08,0.108583333333333,9.58,9.33,9.05,8.74,5.15,7.92,8.15,"CSL",-10.26497751,-1.463060285,-5.08880373,2.226044502,-2.324360565,4.309176884,1.11365957,0.147130186,1.050982077,-1.065083455,0.219522825,-1.726045312,1.036081245,-1.274242717,-0.019835488,0.93063312,-5.313712944,-0.368510113,3.105453712,0.775870761,11.13,38.27
2015,-0.00127754097353338,0.972881848009835,0.404234711671602,0.35153144024097,0.862515247782545,0.994491817288376,40,"Central Scotian Shelf",-0.178004115668451,0.849739405651861,0.0255437399417775,4.08,0.108583333333333,9.58,9.33,9.05,8.74,5.15,7.92,8.15,"HL",-1.501954366,-0.74360814,-0.100688345,1.916678968,1.235197242,4.539039829,1.61759565,0.344944083,0.940909668,-0.209687761,-0.20101192,0.351328324,-0.031086481,0.114002034,2.232959777,-2.090171835,0.734386592,1.253699519,0.045615003,1.256814525,11.13,38.27
2015,-0.00127754097353338,0.972881848009835,0.404234711671602,0.35153144024097,0.862515247782545,0.994491817288376,40,"Eastern Scotian Shelf",0.651841576512815,0.131668120350118,-0.572923886940625,4.08,0.108583333333333,9.58,9.33,9.05,8.74,5.15,7.92,8.15,"LL",-1.99246575,-0.899450011,-1.323793495,1.45440704,1.859364975,11.39393441,0.432259788,0.508302407,0.275725745,0.58032596,1.338735434,0.734958046,-0.941911069,-0.666162811,0.090279492,-0.272524599,0.140102497,0.731607251,0.812040854,0.643080217,11.13,38.27
2016,0.003914953739436,-0.935178064383915,1.9256271719629,-0.542581136024105,-0.0337296465613283,0.0514205010013509,7.2,"Central Scotian Shelf",-0.366822931303622,0.23854870596777,-1.86849224815267,4.25,0.337166666666667,10,9.65,9.41,9.59,4.78,8.09,9.1,"HL2",-1.361199998,-1.97471358,-1.343595994,0.571097237,1.464649998,9.096165477,0.617367407,0.191037218,1.400853792,0.419046644,3.129547082,1.123329622,-0.83095328,-0.485839962,1.247853462,-0.83982511,-0.26914823,0.817841411,0.78110593,0.913378616,12.42,25.1
2016,0.003914953739436,-0.935178064383915,1.9256271719629,-0.542581136024105,-0.0337296465613283,0.0514205010013509,7.2,"Western Scotian Shelf",3.420885646251,-2.27049831776485,-1.47364867702195,4.25,0.337166666666667,10,9.65,9.41,9.59,4.78,8.09,9.1,"BBL",-2.41906746,-2.572959949,-1.147930034,0.892849456,0.245151269,11.35054993,0.597667366,-2.278398527,0.756798548,-0.287865164,1.087822562,0.624684722,-3.065137478,0.995391156,1.742119417,-1.654642085,-0.338924713,1.659459181,0.584625759,0.32665599,12.42,25.1
2016,0.003914953739436,-0.935178064383915,1.9256271719629,-0.542581136024105,-0.0337296465613283,0.0514205010013509,7.2,"Cabot Strait",2.66504687195426,-2.31926397946036,-0.297301871297543,4.25,0.337166666666667,10,9.65,9.41,9.59,4.78,8.09,9.1,"CSL",-5.641637182,-1.762312627,-1.727377629,0.933467436,-1.756648081,7.576786486,-1.725817824,0.297504219,1.044280409,-0.937062973,1.486346367,-0.036982026,-0.772381499,-2.381846167,-0.582980208,0.866224391,0.328957012,-0.745102237,1.334407179,-0.656018394,12.42,25.1
2016,0.003914953739436,-0.935178064383915,1.9256271719629,-0.542581136024105,-0.0337296465613283,0.0514205010013509,7.2,"Central Scotian Shelf",-0.366822931303622,0.23854870596777,-1.86849224815267,4.25,0.337166666666667,10,9.65,9.41,9.59,4.78,8.09,9.1,"HL",-0.081930739,-0.535724027,-0.80680587,-0.582968944,0.69646785,11.79357222,1.446217976,-0.39633646,0.611511334,-0.573644822,1.765477574,0.007429129,-1.968917997,0.506492256,1.419038801,-2.516814952,-0.941405043,0.720498745,0.533611848,-2.038236771,12.42,25.1
2016,0.003914953739436,-0.935178064383915,1.9256271719629,-0.542581136024105,-0.0337296465613283,0.0514205010013509,7.2,"Eastern Scotian Shelf",0.962283277200317,-1.8807649220491,-1.60190912568282,4.25,0.337166666666667,10,9.65,9.41,9.59,4.78,8.09,9.1,"LL",-1.176454161,-2.906347404,-0.975608075,1.020394142,0.960090451,13.64625447,1.773896312,-0.20600544,0.438902119,0.864048449,1.613890193,1.147033299,0.681236753,-0.343593915,1.281768429,-0.644732406,1.608663405,2.018870589,2.830477117,1.446709399,12.42,25.1
