"year","Ice area GSL+SS","Zooplankton max yearday HL2","Cfin I+II+III max yearday HL2","Cfin max yearday HL2","Ice end day GSL+SS","region","Bloom duration","Bloom start","SST warming","Stratification","Ice volume GSL+SS","CIL volume SS","AMO","SST 4Vn","SST 4Vs","SST 4W","SST 4XSS","SST 4eGoM + BoF","Bottom temp 4V","Bottom temp 4W","Bottom temp 4X","station","Calanus finmarchicus","Calanus glacialis","Calanus hyperboreus","Metridia longa","Metridia lucens","Metridia","Temora","Microcalanus","Oithona","Oithona similis","Oithona atlantica","Paracalanus","Pseudocalanus","Centropages typicus","Centropages","Scolecithricella minor","Larvacea","Gastropoda","Bivalvia","Euphausiacea","St. Lawrence river flux","NAO"
1951,NA,NA,NA,NA,NA,NA,NA,NA,NA,NA,NA,NA,0.194,NA,NA,NA,NA,NA,NA,NA,NA,NA,NA,NA,NA,NA,NA,NA,NA,NA,NA,NA,NA,NA,NA,NA,NA,NA,NA,NA,NA,NA,NA,-0.32
1952,NA,NA,NA,NA,NA,NA,NA,NA,NA,NA,NA,NA,0.285083333333333,NA,NA,NA,NA,NA,NA,NA,NA,NA,NA,NA,NA,NA,NA,NA,NA,NA,NA,NA,NA,NA,NA,NA,NA,NA,NA,NA,NA,NA,NA,-0.02
1953,NA,NA,NA,NA,NA,NA,NA,NA,NA,NA,NA,NA,0.254333333333333,NA,NA,NA,NA,NA,NA,NA,NA,NA,NA,NA,NA,NA,NA,NA,NA,NA,NA,NA,NA,NA,NA,NA,NA,NA,NA,NA,NA,NA,NA,-0.16
1954,NA,NA,NA,NA,NA,NA,NA,NA,NA,NA,NA,NA,0.0329166666666667,NA,NA,NA,NA,NA,NA,NA,NA,NA,NA,NA,NA,NA,NA,NA,NA,NA,NA,NA,NA,NA,NA,NA,NA,NA,NA,NA,NA,NA,NA,-0.05
1955,NA,NA,NA,NA,NA,NA,NA,NA,NA,NA,NA,NA,0.18225,NA,NA,NA,NA,NA,NA,NA,NA,NA,NA,NA,NA,NA,NA,NA,NA,NA,NA,NA,NA,NA,NA,NA,NA,NA,NA,NA,NA,NA,12.0946666666667,-0.7
1956,NA,NA,NA,NA,NA,NA,NA,NA,NA,NA,NA,NA,-0.0299166666666667,NA,NA,NA,NA,NA,NA,NA,NA,NA,NA,NA,NA,NA,NA,NA,NA,NA,NA,NA,NA,NA,NA,NA,NA,NA,NA,NA,NA,NA,11.5686666666667,-0.31
1957,NA,NA,NA,NA,NA,NA,NA,NA,NA,NA,NA,NA,0.0294166666666667,NA,NA,NA,NA,NA,NA,NA,NA,NA,NA,NA,NA,NA,NA,NA,NA,NA,NA,NA,NA,NA,NA,NA,NA,NA,NA,NA,NA,NA,10.9940833333333,0
1958,NA,NA,NA,NA,NA,NA,NA,NA,NA,NA,NA,NA,0.20275,NA,NA,NA,NA,NA,NA,NA,NA,NA,NA,NA,NA,NA,NA,NA,NA,NA,NA,NA,NA,NA,NA,NA,NA,NA,NA,NA,NA,NA,10.9966666666667,-0.86
1959,NA,NA,NA,NA,NA,NA,NA,NA,NA,NA,NA,NA,0.0413333333333333,NA,NA,NA,NA,NA,NA,NA,NA,NA,NA,NA,NA,NA,NA,NA,NA,NA,NA,NA,NA,NA,NA,NA,NA,NA,NA,NA,NA,NA,10.8356666666667,-0.26
1960,NA,NA,NA,NA,NA,NA,NA,NA,NA,-0.882781909435111,NA,NA,0.223666666666667,NA,NA,NA,NA,NA,NA,NA,NA,NA,NA,NA,NA,NA,NA,NA,NA,NA,NA,NA,NA,NA,NA,NA,NA,NA,NA,NA,NA,NA,11.94225,-0.81
1961,NA,NA,NA,NA,NA,NA,NA,NA,NA,-1.13531970714824,NA,NA,0.08775,NA,NA,NA,NA,NA,NA,NA,NA,NA,NA,NA,NA,NA,NA,NA,NA,NA,NA,NA,NA,NA,NA,NA,NA,NA,NA,NA,NA,NA,10.8443333333333,0.37
1962,NA,NA,NA,NA,NA,NA,NA,NA,NA,-1.41756783400409,NA,NA,0.0598333333333333,NA,NA,NA,NA,NA,NA,NA,NA,NA,NA,NA,NA,NA,NA,NA,NA,NA,NA,NA,NA,NA,NA,NA,NA,NA,NA,NA,NA,NA,9.91525,-0.7
1963,NA,NA,NA,NA,NA,NA,NA,NA,NA,-1.03133355514872,NA,NA,-0.008,NA,NA,NA,NA,NA,NA,NA,NA,NA,NA,NA,NA,NA,NA,NA,NA,NA,NA,NA,NA,NA,NA,NA,NA,NA,NA,NA,NA,NA,9.71475,-1.21
1964,NA,NA,NA,NA,NA,NA,NA,NA,NA,-0.154878845438444,NA,NA,-0.108166666666667,NA,NA,NA,NA,NA,NA,NA,NA,NA,NA,NA,NA,NA,NA,NA,NA,NA,NA,NA,NA,NA,NA,NA,NA,NA,NA,NA,NA,NA,9.22516666666667,-1.38
1965,NA,NA,NA,NA,NA,NA,NA,NA,NA,-1.98206408771579,NA,NA,-0.172583333333333,NA,NA,NA,NA,NA,NA,NA,NA,NA,NA,NA,NA,NA,NA,NA,NA,NA,NA,NA,NA,NA,NA,NA,NA,NA,NA,NA,NA,NA,9.5565,-0.83
1966,NA,NA,NA,NA,NA,NA,NA,NA,NA,-0.882781909435111,NA,NA,-0.009,NA,NA,NA,NA,NA,NA,NA,NA,NA,NA,NA,NA,NA,NA,NA,NA,NA,NA,NA,NA,NA,NA,NA,NA,NA,NA,NA,NA,NA,10.9803333333333,-0.3
1967,NA,NA,NA,NA,NA,NA,NA,NA,NA,-0.362851149437492,NA,NA,-0.111666666666667,NA,NA,NA,NA,NA,NA,NA,NA,NA,NA,NA,NA,NA,NA,NA,NA,NA,NA,NA,NA,NA,NA,NA,NA,NA,NA,NA,NA,NA,11.9838333333333,0.38
1968,NA,NA,NA,NA,NA,NA,NA,NA,NA,-0.451982136865655,NA,NA,-0.180916666666667,NA,NA,NA,NA,NA,NA,NA,NA,NA,NA,NA,NA,NA,NA,NA,NA,NA,NA,NA,NA,NA,NA,NA,NA,NA,NA,NA,NA,NA,11.2209166666667,-0.3
1969,-1.75472526748047,NA,NA,NA,NA,NA,NA,NA,NA,-0.689664770007424,7.2,NA,-0.00475,NA,NA,NA,NA,NA,NA,NA,NA,NA,NA,NA,NA,NA,NA,NA,NA,NA,NA,NA,NA,NA,NA,NA,NA,NA,NA,NA,NA,NA,12.6105833333333,-1.33
1970,-0.78017278700195,NA,NA,NA,NA,NA,NA,NA,NA,-0.466837301437015,18,NA,-0.11775,NA,NA,NA,NA,NA,3.98,5.62,6.33,NA,NA,NA,NA,NA,NA,NA,NA,NA,NA,NA,NA,NA,NA,NA,NA,NA,NA,NA,NA,NA,12.0656666666667,-0.53
1971,0.199193714396263,NA,NA,NA,NA,NA,NA,NA,NA,0.0679486231319639,39.7,NA,-0.327,NA,NA,NA,NA,NA,3.59,6.56,7.11,NA,NA,NA,NA,NA,NA,NA,NA,NA,NA,NA,NA,NA,NA,NA,NA,NA,NA,NA,NA,NA,11.805,-0.73
1972,1.17435446466608,NA,NA,NA,NA,NA,NA,NA,NA,NA,59.2,4.86,-0.36925,NA,NA,NA,NA,NA,3.68,6.58,6.3,NA,NA,NA,NA,NA,NA,NA,NA,NA,NA,NA,NA,NA,NA,NA,NA,NA,NA,NA,NA,NA,13.6805,0.48
1973,1.22658812902991,NA,NA,NA,NA,NA,NA,NA,NA,-1.26901618829048,66.2,5.01,-0.232,NA,NA,NA,NA,NA,3.12,5.98,7.84,NA,NA,NA,NA,NA,NA,NA,NA,NA,NA,NA,NA,NA,NA,NA,NA,NA,NA,NA,NA,NA,14.5545833333333,0.35
1974,0.90418642364913,NA,NA,NA,NA,NA,NA,NA,NA,-0.377706314008852,53.9,4.86,-0.436833333333333,NA,NA,NA,NA,NA,3.79,7.23,8.08,NA,NA,NA,NA,NA,NA,NA,NA,NA,NA,NA,NA,NA,NA,NA,NA,NA,NA,NA,NA,NA,14.83475,0.37
1975,0.865040586223312,NA,NA,NA,NA,NA,NA,NA,NA,1.40491343455441,53.2,4.78,-0.315583333333333,NA,NA,NA,NA,NA,4.39,6.34,7.32,NA,NA,NA,NA,NA,NA,NA,NA,NA,NA,NA,NA,NA,NA,NA,NA,NA,NA,NA,NA,NA,12.4220833333333,0.21
1976,0.545785841477066,NA,NA,NA,NA,NA,NA,NA,NA,0.0382382939892428,45.3,4.66,-0.380833333333333,NA,NA,NA,NA,NA,3.62,7.05,8.64,NA,NA,NA,NA,NA,NA,NA,NA,NA,NA,NA,NA,NA,NA,NA,NA,NA,NA,NA,NA,NA,14.4705833333333,0.36
1977,1.27739536731173,NA,NA,NA,NA,NA,NA,NA,NA,-0.0954581871530019,69.3,4.55,-0.2065,NA,NA,NA,NA,NA,4.43,7.51,7.1,NA,NA,NA,NA,NA,NA,NA,NA,NA,NA,NA,NA,NA,NA,NA,NA,NA,NA,NA,NA,NA,12.1046666666667,-0.98
1978,-0.38471453754474,NA,NA,NA,NA,NA,NA,NA,NA,0.76614135798591,44.2,4.35,-0.197333333333333,NA,NA,NA,NA,NA,4.16,6.18,7.15,NA,NA,NA,NA,NA,NA,NA,NA,NA,NA,NA,NA,NA,NA,NA,NA,NA,NA,NA,NA,NA,12.0924166666667,-0.46
1979,0.364173860932795,NA,NA,NA,NA,NA,NA,NA,NA,-0.451982136865655,53.2,4.03,-0.128166666666667,NA,NA,NA,NA,NA,4.19,7.2,7.9,NA,NA,NA,NA,NA,NA,NA,NA,NA,NA,NA,NA,NA,NA,NA,NA,NA,NA,NA,NA,NA,13.2383333333333,-0.71
1980,-0.600531333210143,NA,NA,NA,NA,NA,NA,NA,NA,0.305631256273733,28,4.38,-0.0363333333333333,NA,NA,NA,NA,NA,4.38,7.07,7.64,NA,NA,NA,NA,NA,NA,NA,NA,NA,NA,NA,NA,NA,NA,NA,NA,NA,NA,NA,NA,NA,12.26525,0
1981,-0.563473665924996,NA,NA,NA,NA,NA,NA,NA,NA,-0.60053378257926,24.8,4.14,-0.09425,NA,NA,NA,NA,NA,4.37,6.98,6.9,NA,NA,NA,NA,NA,NA,NA,NA,NA,NA,NA,NA,NA,NA,NA,NA,NA,NA,NA,NA,NA,13.1810833333333,0.22
1982,-0.156015790870691,NA,NA,NA,NA,NA,NA,NA,NA,1.21179629512673,37.8,4.05,-0.230416666666667,NA,NA,NA,NA,NA,2.82,5.73,7.47,NA,NA,NA,NA,NA,NA,NA,NA,NA,NA,NA,NA,NA,NA,NA,NA,NA,NA,NA,NA,NA,11.8666666666667,0.35
1983,-0.669882110558061,NA,NA,NA,NA,NA,NA,NA,NA,2.60818176483462,23.2,4.35,-0.0885,8.53,9.52,8.76,8.98,7.73,3.42,6.43,7.39,NA,NA,NA,NA,NA,NA,NA,NA,NA,NA,NA,NA,NA,NA,NA,NA,NA,NA,NA,NA,NA,12.95475,0.95
1984,0.602078202734027,NA,NA,NA,NA,NA,NA,NA,NA,3.91543624711434,37.5,4.33,-0.225583333333333,-99,-99,8.66,8.17,7.86,5.18,7.96,7.91,NA,NA,NA,NA,NA,NA,NA,NA,NA,NA,NA,NA,NA,NA,NA,NA,NA,NA,NA,NA,NA,12.9454166666667,0.57
1985,0.75419110368544,NA,NA,NA,NA,NA,NA,NA,NA,0.261065762559651,43.7,4.47,-0.28525,-99,7.76,7.33,7.24,7.56,3.41,7.63,8.47,NA,NA,NA,NA,NA,NA,NA,NA,NA,NA,NA,NA,NA,NA,NA,NA,NA,NA,NA,NA,NA,12.7228333333333,-0.47
1986,0.848246992556789,NA,NA,NA,NA,NA,NA,NA,NA,-1.2244506945764,42,4.57,-0.292666666666667,7.61,8.14,7.46,7.56,7.76,3.84,7.37,7.78,NA,NA,NA,NA,NA,NA,NA,NA,NA,NA,NA,NA,NA,NA,NA,NA,NA,NA,NA,NA,NA,13.7534166666667,0.51
1987,0.497228532994704,NA,NA,NA,NA,NA,NA,NA,NA,2.19223715683652,42.7,5.09,0.04875,8.18,8.92,8.08,7.6,7.09,2.76,5.89,6.31,NA,NA,NA,NA,NA,NA,NA,NA,NA,NA,NA,NA,NA,NA,NA,NA,NA,NA,NA,NA,NA,11.9034166666667,-0.19
1988,0.416613401225983,NA,NA,NA,NA,NA,NA,NA,NA,NA,42.3,NA,-0.023,7.65,8.73,7.73,7.06,7.19,4.14,5.84,7.12,NA,NA,NA,NA,NA,NA,NA,NA,NA,NA,NA,NA,NA,NA,NA,NA,NA,NA,NA,NA,NA,11.3543333333333,0.48
1989,0.822130160374876,NA,NA,NA,NA,NA,NA,NA,NA,NA,44.1,NA,-0.100666666666667,7.49,8.68,7.98,7.49,7.21,2.87,6.12,7.25,NA,NA,NA,NA,NA,NA,NA,NA,NA,NA,NA,NA,NA,NA,NA,NA,NA,NA,NA,NA,NA,10.51325,1.41
1990,1.63069316752032,NA,NA,NA,NA,NA,NA,NA,NA,NA,62.5,5.84,-0.0564166666666667,7.53,8.07,7.5,7.6,7.33,2.61,6.05,7.14,NA,NA,NA,NA,NA,NA,NA,NA,NA,NA,NA,NA,NA,NA,NA,NA,NA,NA,NA,NA,NA,11.7806666666667,0.69
1991,1.28829208614438,NA,NA,NA,NA,NA,NA,NA,NA,NA,49.3,6.46,-0.150333333333333,7.37,8.22,7.85,7.45,7.26,2.58,5.8,6.66,NA,NA,NA,NA,NA,NA,NA,NA,NA,NA,NA,NA,NA,NA,NA,NA,NA,NA,NA,NA,NA,11.888,0.48
1992,1.2006477619303,NA,NA,NA,NA,NA,NA,NA,NA,NA,52.2,6.24,-0.23725,6.98,8.28,7.71,7.09,6.52,3.26,6.23,7.44,NA,NA,NA,NA,NA,NA,NA,NA,NA,NA,NA,NA,NA,NA,NA,NA,NA,NA,NA,NA,NA,11.4643333333333,0.57
1993,1.82498122314387,NA,NA,NA,NA,NA,NA,NA,NA,1.61288573855346,70.2,6.11,-0.22875,7.87,9.04,8.67,8.12,7.62,3.35,6.74,7.06,NA,NA,NA,NA,NA,NA,NA,NA,NA,NA,NA,NA,NA,NA,NA,NA,NA,NA,NA,NA,NA,12.6803333333333,0.81
1994,1.56751866805326,NA,NA,NA,NA,NA,NA,NA,NA,0.825562016271352,72.4,5.78,-0.195,8.75,9.7,9.2,8.58,8.92,2.96,6.78,8.14,NA,NA,NA,NA,NA,NA,NA,NA,NA,NA,NA,NA,NA,NA,NA,NA,NA,NA,NA,NA,NA,11.94875,1.08
1995,0.508198778944989,NA,NA,NA,NA,NA,NA,NA,NA,-0.570823453436539,52.5,5.87,0.116833333333333,8.33,9.06,8.59,8.49,8.1,3.22,6.65,6.78,NA,NA,NA,NA,NA,NA,NA,NA,NA,NA,NA,NA,NA,NA,NA,NA,NA,NA,NA,NA,NA,11.7295833333333,1.33
1996,-0.0642539480693748,NA,NA,NA,NA,NA,NA,NA,NA,0.558169053986862,39.8,5.97,-0.0763333333333333,8.24,8.79,8.23,7.87,7.62,2.91,6.21,7,NA,NA,NA,NA,NA,NA,NA,NA,NA,NA,NA,NA,NA,NA,NA,NA,NA,NA,NA,NA,NA,13.2058333333333,-0.53
1997,0.320792861531532,NA,NA,NA,NA,NA,NA,NA,NA,0.275920927131012,40.1,6.3,0.0334166666666667,7.49,8.32,7.92,7.77,7.95,3.44,6.28,7.42,NA,NA,NA,NA,NA,NA,NA,NA,NA,NA,NA,NA,NA,NA,NA,NA,NA,NA,NA,NA,NA,13.0406666666667,0.32
1998,-0.737291772000566,NA,NA,NA,NA,NA,NA,NA,NA,1.34549277626897,20.1,7.22,0.353833333333333,8.76,9.73,8.56,8.03,7.66,3.43,4.98,5.23,NA,NA,NA,NA,NA,NA,NA,NA,NA,NA,NA,NA,NA,NA,NA,NA,NA,NA,NA,NA,NA,12.9899166666667,0.05
1999,-0.339715941555633,-0.757415784370522,-1.11150460704649,-0.660120062097642,-0.206364145560014,"Western Scotian Shelf",-0.261993026191312,-0.987984728195685,1.78513392813469,-0.0508926934389202,27.5,4.98,0.0994166666666667,9.13,10.36,9.56,8.84,8.8,3.97,6.74,7.91,"BBL",-0.504043894234853,0.291327183537959,-1.64539630430529,0.614508043177987,1.68241596869352,-0.381592825128918,0.689554903327833,-0.161485246794317,-0.643356994974299,1.24858169759195,1.16327736146068,0.696884007438439,0.3956340078227,0.59436016386852,-0.760783943730833,-1.620579865443,-0.435708196707485,1.33492237570144,2.35864605210562,-0.992193857227851,10.9325833333333,0.54
1999,-0.339715941555633,-0.757415784370522,-1.11150460704649,-0.660120062097642,-0.206364145560014,"Cabot Strait",-1.0943087011956,-0.689837745839707,0.976725027808083,-0.0508926934389202,27.5,4.98,0.0994166666666667,9.13,10.36,9.56,8.84,8.8,3.97,6.74,7.91,"CSL",1.06297980546774,-2.33651350805866,-0.0910146567759743,0.129409754079013,1.10389450277694,-0.281634155509986,0.554094193191775,0.513146459592311,-0.96863827556324,1.40178413637755,-0.807053296526288,-0.538292730974998,0.0886366286647416,1.32144620560738,-1.38150047051928,0.0144656417349815,1.64422685101909,0.785021140291924,-0.66637430024385,-0.801056182724233,10.9325833333333,0.54
1999,-0.339715941555633,-0.757415784370522,-1.11150460704649,-0.660120062097642,-0.206364145560014,"Central Scotian Shelf",0.817344885789759,-2.03312016742378,1.29290297969763,-0.0508926934389202,27.5,4.98,0.0994166666666667,9.13,10.36,9.56,8.84,8.8,3.97,6.74,7.91,"HL",-1.24891519146281,-1.14009985481166,-1.00216028279941,-0.374695991847513,0.503373631838948,-0.362203706856816,-0.212260348418752,0.319498347314071,-1.03120063885272,1.08330474975966,-1.80041714825725,0.99516037280174,0.395018149636252,1.4799606298452,-1.53934518034128,0.41855827531941,-1.20399164283094,1.6102684623955,2.04074145645923,-0.229951890625101,10.9325833333333,0.54
1999,-0.339715941555633,-0.757415784370522,-1.11150460704649,-0.660120062097642,-0.206364145560014,"Eastern Scotian Shelf",0.0825512327046699,-1.9662983925755,2.40386166712125,-0.0508926934389202,27.5,4.98,0.0994166666666667,9.13,10.36,9.56,8.84,8.8,3.97,6.74,7.91,"LL",0.958750130672324,-0.943182859209597,-1.46306192137665,0.504804413342017,1.10800599189925,-0.373856820929433,-0.180039483532988,1.38432396106419,-0.815157486407556,2.03388152713941,-0.803673507620244,0.727270864634719,1.70523103566296,1.09624568852274,-1.64383102908688,1.51200757210542,-0.221467670699145,1.5386146737119,0.916943317805149,-0.487590433101793,10.9325833333333,0.54
2000,-0.958226055052965,-0.222360597246392,-0.272256184647342,-0.11356904294153,-0.693120838379745,"Western Scotian Shelf",-0.953238828387686,1.14626651927613,0.786914398484805,-0.00632719972483889,17,3.46,0.00975,8.57,9.93,9.19,8.8,8.69,4.19,7.46,8.27,"BBL",-0.624835199625948,-0.256582438236579,-1.75470004689355,0.614317433729197,1.39563720888205,-0.383377047555273,0.967984070934331,0.332533837481802,-1.15308306629583,1.59992065149104,1.47858260369853,1.83136369341406,0.842442422060296,1.50470099402673,-0.0270616738221464,-0.0935805633451448,-0.269660430225246,1.98587270436792,0.175005717831909,-1.03509372685097,11.4854166666667,1.17
2000,-0.958226055052965,-0.222360597246392,-0.272256184647342,-0.11356904294153,-0.693120838379745,"Cabot Strait",-0.00834975220840438,-0.375049400709821,-0.470091044988552,-0.00632719972483889,17,3.46,0.00975,8.57,9.93,9.19,8.8,8.69,4.19,7.46,8.27,"CSL",-1.17049776793556,-0.958768130520466,-1.49492850008078,0.85122771246695,1.24330983241322,-0.300137727212708,-0.258052421869543,-0.302161412556199,-1.14225819485084,-1.06091486008918,-1.51452528165611,-0.512569021746712,-0.787407761081371,1.56644006961472,-0.546389246698962,0.920642835809313,-1.28668723274814,-1.38257480427075,-0.220880933718739,-0.221531255919573,11.4854166666667,1.17
2000,-0.958226055052965,-0.222360597246392,-0.272256184647342,-0.11356904294153,-0.693120838379745,"Central Scotian Shelf",-0.937972224989704,1.49402768340505,0.451134903343671,-0.00632719972483889,17,3.46,0.00975,8.57,9.93,9.19,8.8,8.69,4.19,7.46,8.27,"HL",-0.85380578043277,-1.70213692976736,-2.07550684375776,-0.254519080961304,1.59118361411775,-0.277862709052432,-0.205558593854281,0.470853948026655,-0.996510844434196,0.473542397647439,1.34010793070015,1.15786461123837,0.733387411324929,0.977889712484748,-0.314801717170113,0.9972916296423,0.5529934020145,1.88469606543932,1.17996898619592,0.786571315693544,11.4854166666667,1.17
2000,-0.958226055052965,-0.222360597246392,-0.272256184647342,-0.11356904294153,-0.693120838379745,"Eastern Scotian Shelf",-0.0922631424346313,0.732070976883538,0.976705237645458,-0.00632719972483889,17,3.46,0.00975,8.57,9.93,9.19,8.8,8.69,4.19,7.46,8.27,"LL",-1.35384297904412,-0.565188092021362,-2.26322749793884,-0.717393139351425,0.695763189720634,-0.213844220374703,-0.631221112558214,0.545921011112278,-0.999388114307599,-0.47943641291512,-0.199247555791736,0.129785562160308,-1.46503485380577,1.35179590996401,0.083506818835338,-1.16685331145284,-1.53226707467301,-0.759161893087646,-0.226816114680895,0.373643648467381,11.4854166666667,1.17
2001,-0.833288776777327,1.11527737056393,-1.0065985542466,-0.834022659101859,0.11597364331879,"Western Scotian Shelf",0.0862285433361848,0.494758243732103,0.909269081779744,-0.199444339152526,25.2,6.95,0.100416666666667,8.68,9.31,8.7,8.19,7.84,3.44,5.84,6.38,"BBL",0.922413976676451,0.140941404787643,1.09588110120033,-1.3087423311192,0.700509727959006,-0.478410987839826,0.910129680102735,-0.308623102020397,-1.01082209557254,0.916586738617848,-0.212256849141635,-0.906621036550109,1.20567247758181,1.85398164201222,-1.77436601350859,1.22446765277857,1.49506545304171,0.59201113753702,1.52579881403914,-1.22309658400383,10.4510833333333,-0.28
2001,-0.833288776777327,1.11527737056393,-1.0065985542466,-0.834022659101859,0.11597364331879,"Cabot Strait",0.142928111332101,0.829621381614167,-0.572638763979591,-0.199444339152526,25.2,6.95,0.100416666666667,8.68,9.31,8.7,8.19,7.84,3.44,5.84,6.38,"CSL",-1.27237762860059,0.918177421685467,0.0627719073475081,0.0866124674586884,-0.404827431895842,-0.281634155509992,-0.302467258755539,-1.62859771050102,-1.13457763358695,-0.812529604645457,-1.06828323637966,1.17763766445411,-0.831755222626372,0.264786350016632,-1.54417638684113,-0.9731218968103,1.3716875337499,0.979285702225779,-0.732325403309233,-0.361516922326719,10.4510833333333,-0.28
2001,-0.833288776777327,1.11527737056393,-1.0065985542466,-0.834022659101859,0.11597364331879,"Central Scotian Shelf",1.44211877267736,-0.181367545738642,-0.0139807982242262,-0.199444339152526,25.2,6.95,0.100416666666667,8.68,9.31,8.7,8.19,7.84,3.44,5.84,6.38,"HL",-1.19579868386148,-0.0894838193969114,0.73075751490794,-1.79786059690104,-0.394956622707837,-0.293911542416422,-2.48744045843281,-0.453562159366892,-1.04744490590934,1.16543785158434,-0.0036388728098332,-0.604772700492837,0.392114229103412,1.8525947032205,-1.31574982133282,-0.450515156964126,-0.608138816375761,-0.921724332529058,1.0323990275044,-2.04878588201265,10.4510833333333,-0.28
2001,-0.833288776777327,1.11527737056393,-1.0065985542466,-0.834022659101859,0.11597364331879,"Eastern Scotian Shelf",-0.636130087312457,1.64210927403443,-0.800558351181465,-0.199444339152526,25.2,6.95,0.100416666666667,8.68,9.31,8.7,8.19,7.84,3.44,5.84,6.38,"LL",-0.764505228356576,1.45114944694644,0.750942410930755,-1.12485408057013,-1.64999405979667,-0.347813551691975,0.70733600460452,-0.813160443601849,-1.0757512933479,-0.274530030535624,-0.535663393363908,1.11176090694357,0.91700467897375,0.790426614772572,-0.474397742900677,0.116531585068889,1.70248851550561,1.0344347834797,1.12757364035783,0.579721083029855,10.4510833333333,-0.28
2002,-0.346598079765732,3.23117742873663,-0.586974343047022,3.41416935342974,0.0716752081000381,"Western Scotian Shelf",0.60596222919812,-0.673463491726154,0.275380119339694,-0.244009832866607,23.8,5.21,0.0463333333333333,7.63,8.73,8.38,8.43,8.49,3.8,6.75,8.12,"BBL",0.670738997552272,-1.31116728676918,0.144004652203286,-1.97419515819404,0.875221658704163,0.198622164197519,0.566109297402217,2.00150709025605,-0.894162101931795,0.759821766347796,-0.460570976109026,1.14200683577727,0.213305983930787,0.269521394171488,-0.251166723146986,-0.695873865047083,0.931039401440739,-1.5806438631497,-0.0800596725473193,0.446240952515098,11.0598333333333,0.35
2002,-0.346598079765732,3.23117742873663,-0.586974343047022,3.41416935342974,0.0716752081000381,"Central Scotian Shelf",-0.170392878242074,-0.122581748224828,-0.750635010204529,-0.244009832866607,23.8,5.21,0.0463333333333333,7.63,8.73,8.38,8.43,8.49,3.8,6.75,8.12,"HL",0.879976829113244,-0.22964830400842,-0.684010363032598,-0.42612186779346,0.930435032914774,-0.680235455325961,0.565673683584083,-0.225611933441578,-0.862654250278387,-1.84117736034285,-1.45560230902695,0.125641460335355,1.29488957976779,-1.18309308628154,-0.790871723241624,-0.717545801439481,1.67989445524141,-0.127132072791164,-0.490974626951247,-0.607672366438074,11.0598333333333,0.35
2002,-0.346598079765732,3.23117742873663,-0.586974343047022,3.41416935342974,0.0716752081000381,"Eastern Scotian Shelf",-0.539010990012845,0.55217968558627,-0.824580147590902,-0.244009832866607,23.8,5.21,0.0463333333333333,7.63,8.73,8.38,8.43,8.49,3.8,6.75,8.12,"LL",2.22077236789856,-0.599887940439544,0.680805358948303,-1.85140615338648,-1.2528357886828,-0.264493816421564,1.18441925436745,-1.57151610896176,-1.02875963677154,-0.67668112494123,-2.0201643912665,-1.60458821288341,1.26044375815375,0.853214420541108,-1.59811385899998,-0.45465297414974,0.553818689597689,1.40397360362544,1.91052986365033,2.33352861998845,11.0598333333333,0.35
2003,0.973184270832427,-0.052115764979623,0.881710396151484,0.0603335540626874,1.35384790833949,"Western Scotian Shelf",-0.656990627446383,0.79804657889915,1.19715613485899,0.0233831294178822,61.6,6.84,0.212583333333333,8.42,9.39,8.48,7.78,7.63,2.73,5.8,7.45,"BBL",1.35956241983041,1.26538700467375,0.733927240504164,-0.297534366621912,-1.01336618076539,-0.430695893422887,-1.32985323338892,0.411271350813611,-0.843572931804918,0.637917463989087,-0.396203251357564,1.01815781244094,0.569556304087291,0.294235100281525,-0.504208452625149,0.418684512548672,1.74498945333709,-0.280927496178033,-0.713876137103815,1.37099017197119,10.8530833333333,0.04
2003,0.973184270832427,-0.052115764979623,0.881710396151484,0.0603335540626874,1.35384790833949,"Cabot Strait",-0.55403061712237,0.793299649483796,0.0134334192485518,0.0233831294178822,61.6,6.84,0.212583333333333,8.42,9.39,8.48,7.78,7.63,2.73,5.8,7.45,"CSL",1.3422931712015,0.399372559086528,-1.05982656238821,-0.546405405442279,1.09676002006177,-1.04311635287218,1.50524382419202,-1.45382157016257,-1.04390151183752,0.473986263145989,-0.635076608457882,-1.64082567412862,1.80452407977927,0.189790278373415,-0.493321541357934,-0.193044647302664,0.754960896933091,0.886604756823622,1.75291693066134,1.14814067573917,10.8530833333333,0.04
2003,0.973184270832427,-0.052115764979623,0.881710396151484,0.0603335540626874,1.35384790833949,"Central Scotian Shelf",-1.07482745735556,0.854732135442328,1.67954686424287,0.0233831294178822,61.6,6.84,0.212583333333333,8.42,9.39,8.48,7.78,7.63,2.73,5.8,7.45,"HL",1.11445048425891,0.895739307527048,0.167736064743982,-0.826245108040294,-0.248110436290053,-0.32953286093554,0.184609171739545,-2.13423685023373,-1.02547798554611,-1.91214772906394,0.177916714052441,0.565493147556619,0.155880553693819,-0.39107529753402,-0.353118709653461,-1.24849605757698,1.40971108600436,0.443648379361227,-0.0765973499304701,0.570951655994212,10.8530833333333,0.04
2003,0.973184270832427,-0.052115764979623,0.881710396151484,0.0603335540626874,1.35384790833949,"Eastern Scotian Shelf",-0.519587170552923,1.18709012545898,-0.163599902497401,0.0233831294178822,61.6,6.84,0.212583333333333,8.42,9.39,8.48,7.78,7.63,2.73,5.8,7.45,"LL",-1.04897863822855,0.967856072527933,0.293595023924717,0.593115185073068,-0.398509846224673,-0.81042072096907,-0.242290412850519,-0.103048163905541,-1.02852714194642,0.679728933517475,0.468194075124322,1.12209379471224,0.20455502194555,0.997803802402858,-0.6060566867275,0.457727029412912,-1.09129717939532,-0.170350207791017,-0.551857906864963,-0.486031351512923,10.8530833333333,0.04
2004,-0.618001376358855,-0.708774403722873,-0.534521316647075,-0.610433605810722,0.643388750960767,"Western Scotian Shelf",-0.511465195405041,0.494758243732103,1.19735159677516,-0.541113124293818,32.1,7.97,0.1875,7.86,8.74,8.09,7.91,7.22,2.77,4.75,6.05,"BBL",-1.57878220039181,0.283516582836287,0.732319646709009,-0.11257171479799,-0.869461330511532,0.32091435076295,0.756381812389023,-1.21980713481807,-0.954148792409244,-1.22070846245089,-0.860267062188814,-0.631037953457751,-0.864314288348041,-0.71275278842382,-0.354934991113283,0.0864376383188194,-0.702795090217856,-0.130996081084195,-0.324019946264672,-0.413566581330591,11.4080833333333,0.31
2004,-0.618001376358855,-0.708774403722873,-0.534521316647075,-0.610433605810722,0.643388750960767,"Cabot Strait",-0.705308480662875,1.08387350652677,-1.58215770368172,-0.541113124293818,32.1,7.97,0.1875,7.86,8.74,8.09,7.91,7.22,2.77,4.75,6.05,"CSL",-0.00821314451905612,-0.257795122696396,0.482196544664678,-0.317749293214711,-1.52180237811298,-0.281634155509988,1.63866063402497,1.13565067583842,-0.798075314330864,0.360550984938909,0.391329657172445,-0.309293405347959,0.591875063451384,-1.24409381805795,-0.266894444776215,-0.291564781308703,0.384564513987223,1.19894251730907,1.01619003371335,1.78447854739449,11.4080833333333,0.31
2004,-0.618001376358855,-0.708774403722873,-0.534521316647075,-0.610433605810722,0.643388750960767,"Central Scotian Shelf",0.162819861431315,0.0758203183842939,0.652482345375338,-0.541113124293818,32.1,7.97,0.1875,7.86,8.74,8.09,7.91,7.22,2.77,4.75,6.05,"HL",-0.478211409283669,0.0591967106813149,0.885136139124142,0.598013547893716,-1.66911418889418,-0.329532860935538,0.520627271988716,-0.324450583657882,-0.721934003524668,-0.271780242890948,-0.982834668336666,-0.738110050388268,-0.36068139138424,-0.153891072694951,-0.199736958859699,-0.550603388110082,0.293156246437916,0.20812076221919,-1.30188151840487,0.561238590849019,11.4080833333333,0.31
2004,-0.618001376358855,-0.708774403722873,-0.534521316647075,-0.610433605810722,0.643388750960767,"Eastern Scotian Shelf",0.0728393229747086,0.869634905522627,-0.180889639858257,-0.541113124293818,32.1,7.97,0.1875,7.86,8.74,8.09,7.91,7.22,2.77,4.75,6.05,"LL",-0.0938690989577623,-0.85688233345402,0.291175920036429,0.174815903732643,-0.75015205264061,-0.323360988182123,0.0105533649334327,-0.0488235717093985,-0.644051544523736,1.19182301967445,-0.462686721612928,-1.10517060236793,0.414805329679018,-1.61825905679512,0.506405640565786,0.997699480718191,-0.0463384466768545,0.504647468834675,-0.215525604028671,-1.00321296104885,11.4080833333333,0.31
2005,-0.0360195348997392,-0.514208881132281,-0.114897105447502,-0.411687780663046,0.333605065685462,"Western Scotian Shelf",-0.636201280011905,0.281333118984921,-0.711662271271834,-0.214299503723886,37.5,4.94,0.273166666666667,8.44,9.7,8.88,8.25,7.6,3.87,6.4,7.28,"BBL",-0.464189392761086,-0.531370588629915,-0.231581199914494,-0.282287235398391,-1.21728058593592,0.675777175671306,0.868298852466835,-0.0944473419307214,0.149624115103645,-0.277095410535074,-1.43783986892146,-0.239595144657143,-0.0537483862150698,-1.13216733725449,0.389768602441764,-0.956689107383463,-0.248356296358542,-1.37871543000672,-0.706336574498164,-0.762842456958038,11.9376666666667,0.21
2005,-0.0360195348997392,-0.514208881132281,-0.114897105447502,-0.411687780663046,0.333605065685462,"Cabot Strait",-0.0677803414564601,-0.102636409732034,0.370261314197604,-0.214299503723886,37.5,4.94,0.273166666666667,8.44,9.7,8.88,8.25,7.6,3.87,6.4,7.28,"CSL",0.568431433012929,0.51516608987581,-0.713884332507994,-1.39124771890288,-0.136199152232915,-0.281634155509997,-1.0472478893913,1.68196179607325,0.55827278662782,0.203156497760196,0.398197361124124,1.68351574978916,0.476791627076977,-1.24409381805796,0.526113873864387,-1.425048137317,-0.384031545032535,-0.374884753192704,-0.750469502844577,-0.884172525665139,11.9376666666667,0.21
2005,-0.0360195348997392,-0.514208881132281,-0.114897105447502,-0.411687780663046,0.333605065685462,"Central Scotian Shelf",-0.789216537635512,0.186043688722695,0.511615829338445,-0.214299503723886,37.5,4.94,0.273166666666667,8.44,9.7,8.88,8.25,7.6,3.87,6.4,7.28,"HL",-0.237498496109599,1.21831195801343,-0.140002550387772,1.10794146987759,0.518986424461983,-0.329532860935587,1.03034627997007,0.94473326741871,0.684850792806303,0.632544361294589,1.11828070273411,-0.241375625842316,-0.385858895696213,-0.432817406370974,0.365148121474447,-0.463109547846022,0.357879406553527,-0.448000451826782,-0.954476200218882,-0.154340456774063,11.9376666666667,0.21
2005,-0.0360195348997392,-0.514208881132281,-0.114897105447502,-0.411687780663046,0.333605065685462,"Eastern Scotian Shelf",0.0437035937848254,-0.802295919475521,0.569358395456502,-0.214299503723886,37.5,4.94,0.273166666666667,8.44,9.7,8.88,8.25,7.6,3.87,6.4,7.28,"LL",-0.0682809215264931,1.08499561243762,-0.722808880675247,0.824451833985533,1.00458286941713,-0.221111176662513,-0.584877316917273,-0.453227572488583,0.345593384756032,0.538383375661298,1.12953894642674,0.944556536871461,-0.252909771996212,-0.593514208958529,-0.135351980069797,-0.13512461815123,1.14797598018898,0.749290967565086,-0.652377871231041,-0.189950371828413,11.9376666666667,0.21
2006,-1.59685318793366,0.288373899553914,-0.429615263847182,0.408138748071122,-0.861148190582015,"Western Scotian Shelf",-0.173638299594783,-0.1399006798582,-0.548311316154988,-0.0954581871530019,10,4.01,0.24825,8.92,9.61,9.13,8.68,8.54,4.2,7.39,8.15,"BBL",0.805943338847739,0.401211993107343,-0.0337621369188624,0.508493494061554,0.395198966032595,-0.430695893422882,0.0188582796948145,-0.992735832749732,1.03157141341144,-0.401990818509983,-1.12332087612322,-0.0196042717071226,-1.02108231319425,-0.564793572245439,0.0259707712396457,0.353694641109052,-1.54507101455698,-0.459187996016919,-0.100437680936611,0.773673179381809,12.4864166666667,-0.24
2006,-1.59685318793366,0.288373899553914,-0.429615263847182,0.408138748071122,-0.861148190582015,"Cabot Strait",0.202358700580156,-0.484014597100936,1.88475175424107,-0.0954581871530019,10,4.01,0.24825,8.92,9.61,9.13,8.68,8.54,4.2,7.39,8.15,"CSL",0.199568106128197,0.607228841028309,1.23665304880812,1.15275621065132,0.565720931782796,-0.281634155509962,0.735347228011935,-0.236211975301418,0.803004263602439,-1.41254789904207,-0.105174290006265,0.647421092681487,0.393701321981708,0.151400904865816,-0.279468392909549,2.07591603590159,0.40711150127755,0.193617976968628,-0.724583192321516,-0.14627612172519,12.4864166666667,-0.24
2006,-1.59685318793366,0.288373899553914,-0.429615263847182,0.408138748071122,-0.861148190582015,"Central Scotian Shelf",-0.063288783347056,-0.298939140766269,0.525007491658262,-0.0954581871530019,10,4.01,0.24825,8.92,9.61,9.13,8.68,8.54,4.2,7.39,8.15,"HL",-0.49897361957079,-0.98597771426253,0.233944452325067,0.242766097475437,0.27221382770493,-0.306979444860035,-1.19816960079452,-1.43016808034607,0.832866005495382,-0.345790581198305,0.0670350372043315,1.71796214400864,-2.44486041155078,0.142782395431484,0.303928650145665,1.29572686241945,-1.26544290010444,-1.29137362949225,-0.0516745675278978,-0.376375099556073,12.4864166666667,-0.24
2006,-1.59685318793366,0.288373899553914,-0.429615263847182,0.408138748071122,-0.861148190582015,"Eastern Scotian Shelf",0.684689635962263,-0.78113223814643,0.444610563703331,-0.0954581871530019,10,4.01,0.24825,8.92,9.61,9.13,8.68,8.54,4.2,7.39,8.15,"LL",0.292513857345136,-0.28341039232619,0.129637846514482,1.73097068463048,1.38208620690753,-0.221111176662459,-0.043120723806574,1.8177238591987,1.06190370242473,0.0958623526295214,-0.578268227930733,0.373369093505862,-0.653965893634296,-0.575787444239212,-0.0320366517191826,-0.947044393364083,-0.55938648934998,-1.1413824718564,-0.361946739858608,-0.333600636340389,12.4864166666667,-0.24
2007,-0.9679568438775,0.215411828582442,1.4586936865509,0.333609063640743,0.22899000953492,"Western Scotian Shelf",-0.469886500536086,0.202702809867538,0.124414884574926,-0.244009832866607,18.8,6.8,0.129,7.95,8.85,8.1,7.67,7.62,3.24,5.62,6.25,"BBL",-0.812224999729123,1.88456134699729,1.16380987830679,-0.657500717664399,-0.356706649328625,-0.430695893422888,-2.02777224320751,0.530841313286693,0.940966083632397,-1.34525484338856,-0.322038257791062,-0.979764566493229,0.300365721407045,-1.47634699093183,0.829084901973835,1.01190313613553,-1.0061520386219,0.354302090866518,-0.801490446319083,0.957033890128032,10.9265833333333,0.63
2007,-0.9679568438775,0.215411828582442,1.4586936865509,0.333609063640743,0.22899000953492,"Cabot Strait",0.407664372527985,0.163722959224023,0.188279203979362,-0.244009832866607,18.8,6.8,0.129,7.95,8.85,8.1,7.67,7.62,3.24,5.62,6.25,"CSL",0.539417189990065,0.493078575831588,0.6067268085057,-0.191920302506483,0.674069830446084,-0.281634155509981,-0.628817362602312,0.0993902130538311,0.753112494377561,0.437875829854808,0.33388398492792,-1.20476178425413,-1.94968877960828,-1.24409381805795,0.319967267740742,1.09780819889372,-1.32806186617698,-0.845240386511059,-0.827861151833738,0.0145655904917483,10.9265833333333,0.63
2007,-0.9679568438775,0.215411828582442,1.4586936865509,0.333609063640743,0.22899000953492,"Central Scotian Shelf",-0.00973673589954702,-0.0858406247786944,0.893381492210625,-0.244009832866607,18.8,6.8,0.129,7.95,8.85,8.1,7.67,7.62,3.24,5.62,6.25,"HL",-0.764758833992738,1.39980971327939,0.759985586421112,-0.25107346092067,-0.397866199809701,-0.362522990715038,0.795079378814003,0.473558169931202,0.921888703315489,0.561550636477995,0.172208856287943,-0.0371853320096545,0.32281268928295,-0.722866450683098,0.768440720798636,0.828368003693128,-0.374221945438724,-0.915149430659916,-1.20222123111611,1.57460945305765,10.9265833333333,0.63
2007,-0.9679568438775,0.215411828582442,1.4586936865509,0.333609063640743,0.22899000953492,"Eastern Scotian Shelf",1.65588060895838,-0.156803638938261,0.23437617693677,-0.244009832866607,18.8,6.8,0.129,7.95,8.85,8.1,7.67,7.62,3.24,5.62,6.25,"LL",-0.627319372611784,0.801518346902133,0.423425578404733,0.586232433663347,0.489983706989628,-0.323360988182037,-0.979990177386901,0.161681563014207,1.13769124478892,-1.36867316599547,-0.329061500872659,-0.977928210216303,-1.29200322273662,-1.41984244867392,1.07627442973913,1.82117484038323,-0.548474264456794,-0.741371788117814,-1.46590704473075,-0.0725226875523795,10.9265833333333,0.63
2008,0.241560039574242,0.409977351173035,2.71756632014962,0.929846539083774,1.26823430454681,"Western Scotian Shelf",-0.11646759414997,0.781197226945425,-1.88105123268533,0.097658952274685,34.3,6.58,0.119666666666667,8.24,8.74,8.23,8.16,7.93,3.48,5.38,6.88,"BBL",0.580467623637972,-1.13692666480744,0.135285708353395,0.345492843491586,-0.00546595731654046,-0.430695893422893,-1.07653034505241,0.777089866257652,1.12914901300678,-0.496085135096737,0.566827780798224,0.223040878619531,0.957831866174278,0.254684222383767,1.73373122824296,0.0195066970863057,0.534923245091862,-0.232490856302265,-0.491220457086858,0.653877918577091,12.5105,0.51
2008,0.241560039574242,0.409977351173035,2.71756632014962,0.929846539083774,1.26823430454681,"Cabot Strait",-0.797155754955325,1.65896759859098,0.49795596193722,0.097658952274685,34.3,6.58,0.119666666666667,8.24,8.74,8.23,8.16,7.93,3.48,5.38,6.88,"CSL",0.242808015272848,0.286853228623613,-0.717093457563865,-1.83703619412283,-0.408228887978502,-0.281634155509959,-1.28374123587707,-0.195170012001302,0.888069816681097,0.393666205162889,0.957179989772233,0.150796392164268,-0.306408509643571,-0.354822039635046,0.963574333386495,-0.256791039007199,-0.206036116406274,-1.59477725022242,0.0499634747916339,-1.16927417551316,12.5105,0.51
2008,0.241560039574242,0.409977351173035,2.71756632014962,0.929846539083774,1.26823430454681,"Central Scotian Shelf",-1.06292700236723,0.994348404537636,-1.44867659582935,0.097658952274685,34.3,6.58,0.119666666666667,8.24,8.74,8.23,8.16,7.93,3.48,5.38,6.88,"HL",0.895114900557713,0.416868325164071,1.60348250455229,-0.90471742576134,-1.83817241145429,-0.369902714983935,0.362351307362518,0.908823699459282,1.09047734338442,0.27537059429273,-0.198189879652126,-0.115504120766989,0.525342474066391,-0.291122576476377,1.78220351145468,1.18201184434854,0.213614032433616,0.274741944441538,-0.26835840205137,1.23719547658515,12.5105,0.51
2008,0.241560039574242,0.409977351173035,2.71756632014962,0.929846539083774,1.26823430454681,"Eastern Scotian Shelf",-0.539010990012845,0.509852322928088,-0.907818864938149,0.097658952274685,34.3,6.58,0.119666666666667,8.24,8.74,8.23,8.16,7.93,3.48,5.38,6.88,"LL",0.33938494366036,1.06848265285921,-0.0124222884188123,-0.179115096858811,0.238798102492698,-0.548669361740553,2.27296201831061,0.169041289076578,1.09530694545574,0.209043747567947,1.16482133378953,0.742987302705335,-0.09519875419212,-0.121782436013515,1.35974576138642,-0.556959910947568,1.07478951220395,-0.696537115476233,1.00436877055287,1.13860288200843,12.5105,0.51
2009,0.349380204865788,-0.587170952103753,-0.272256184647342,-0.486217465093424,0.697358433900334,"Western Scotian Shelf",-0.859686764932537,0.691334016525559,-0.550409174583488,-0.244009832866607,39.8,4.95,0.0206666666666667,8.2,9.07,8.42,8.23,8.14,3.75,6.63,7.24,"BBL",1.00338958793912,0.381715290230295,0.676217792873652,0.83211179704775,-0.512250230910548,2.83086469462706,-0.0875392189154631,0.45979204329761,0.982699199944613,-0.348925912715365,0.00628346419378536,-1.42325079695958,-0.207509446548103,-0.299735139567209,1.51792647890118,1.55817938589798,-0.584494208111996,-0.00941889271764929,0.174775520915451,-1.0384042299744,12.1660833333333,0.08
2009,0.349380204865788,-0.587170952103753,-0.272256184647342,-0.486217465093424,0.697358433900334,"Cabot Strait",0.380650468324323,0.0850258729415515,0.180835578787557,-0.244009832866607,39.8,4.95,0.0206666666666667,8.2,9.07,8.42,8.23,8.14,3.75,6.63,7.24,"CSL",-1.80926509320782,1.04336008020899,1.85676835565695,0.882325390434934,-1.37590509971553,2.83484512680254,-0.94959477015698,0.732611179067958,0.683929594092212,-1.3175066079613,0.00996447227601439,0.718091059269124,-0.315081451347038,0.899038888160518,1.52049378436854,-0.453676679284979,-0.664191160886757,-0.571868008903251,-0.561986418198428,-0.754693014588165,12.1660833333333,0.08
2009,0.349380204865788,-0.587170952103753,-0.272256184647342,-0.486217465093424,0.697358433900334,"Central Scotian Shelf",0.674539425929735,-0.0344030519541071,0.540622787269314,-0.244009832866607,39.8,4.95,0.0206666666666667,8.2,9.07,8.42,8.23,8.14,3.75,6.63,7.24,"HL",1.69044837504765,0.895481446916376,0.278251794700657,1.50088019782743,0.679856009803299,3.02969465049501,0.884372535127799,1.32493849856019,1.02529831215279,0.403385838593295,1.16818124033504,-1.86408266724633,0.585305059223838,0.139568029118626,1.41523016376685,0.45858517922253,0.34043547954019,0.236736167821911,0.0454420830881999,-0.859912076734524,12.1660833333333,0.08
2009,0.349380204865788,-0.587170952103753,-0.272256184647342,-0.486217465093424,0.697358433900334,"Eastern Scotian Shelf",0.859504011101564,-0.241458364254622,0.850970934457919,-0.244009832866607,39.8,4.95,0.0206666666666667,8.2,9.07,8.42,8.23,8.14,3.75,6.63,7.24,"LL",-0.638978293595439,-1.4833687119422,0.822596862765263,0.420840549043763,0.149953613284383,2.98693531368707,-0.0530237066742077,0.317111002524359,0.931425357125872,-1.20012599749305,0.869157276180427,-1.25704791185032,-1.02583257539418,-0.371018014630041,1.36042418744465,-0.694099421954904,-0.94807614825533,-0.443017091086137,-0.83838967898852,-0.460749288076752,12.1660833333333,0.08
2010,-2.06589737671424,-0.92766061663729,-1.0065985542466,-0.834022659101859,-2.69562192902386,"Western Scotian Shelf",-0.875278775508396,0.169004105960089,0.575540987093844,-0.288575326580689,4.7,4.84,0.33125,8.58,9.53,8.95,8.66,8.42,3.83,6.89,7.57,"BBL",-1.35844025774116,-1.41261382772745,-1.01600633211843,1.71790791228786,-1.07445259550278,-1.06001395104327,-0.255621855753484,-1.73593684308018,1.26513615788975,-1.07276773534111,1.59752593148155,-0.711579457865318,-2.33815434875874,-0.585687688321461,-0.823960184852389,-1.30615026265623,0.0862197218885983,-0.194727693017417,-1.0167851901356,1.26338132377246,11.6915,-1.47
2010,-2.06589737671424,-0.92766061663729,-1.0065985542466,-0.834022659101859,-2.69562192902386,"Cabot Strait",0.359039344961394,-1.36178979025158,-1.29363101152555,-0.288575326580689,4.7,4.84,0.33125,8.58,9.53,8.95,8.66,8.42,3.83,6.89,7.57,"CSL",0.304855913189765,-0.710160035064779,-0.168369155666124,1.18202737909827,-0.836792167545045,0.479848041852212,0.036575059232056,-0.346797643103266,1.40106197478828,1.33247905449765,2.03955724775346,-0.171719341905732,0.834813003352543,-0.305799202829574,1.18160122374291,-0.51558553130877,-0.693543375716159,0.725873109481155,1.66541046330377,1.39133538483677,11.6915,-1.47
2010,-2.06589737671424,-0.92766061663729,-1.0065985542466,-0.834022659101859,-2.69562192902386,"Central Scotian Shelf",-0.485754935432961,-0.291590916077043,-0.609044299662755,-0.288575326580689,4.7,4.84,0.33125,8.58,9.53,8.95,8.66,8.42,3.83,6.89,7.57,"HL",0.697971425736349,-0.73806083933474,-0.757614016797659,1.38563221915145,0.0521713183143874,0.612522496522297,-0.239630627086378,0.125623676336044,1.12984147139103,-0.224240516154017,0.396952396768809,-0.961091239194332,-1.21334944746815,-1.4179295800596,-0.121327057041283,-1.75027184270867,-1.39588880347565,-0.954831864379516,0.0476323429530981,-0.45352872003909,11.6915,-1.47
2010,-2.06589737671424,-0.92766061663729,-1.0065985542466,-0.834022659101859,-2.69562192902386,"Eastern Scotian Shelf",-1.06345411543075,-0.950441688779153,-0.290598435404191,-0.288575326580689,4.7,4.84,0.33125,8.58,9.53,8.95,8.66,8.42,3.83,6.89,7.57,"LL",0.784353232744337,-0.64208180228042,1.06934158688486,-0.962462533304001,-1.0176819333665,0.661107508129355,-1.46070770848933,-1.40602682532318,1.01971458275347,-0.749276224309619,1.29705366693769,-0.207089124215535,0.282905247344182,-0.389282826892949,0.103431111532689,-0.950405877668286,0.46823457601021,-1.27914092980156,-0.646594631982731,-1.39183850403262,11.6915,-1.47
2011,-1.83384579347629,0.239732518906266,1.51114671295084,1.30249496123567,-0.811202365039128,"Western Scotian Shelf",-0.610214595718809,0.62393660871066,-0.210474045002437,-0.31828565572341,6.1,4.85,0.0836666666666667,7.95,8.82,8.6,8.53,8.37,4.23,6.55,7.7,"BBL",-1.35410245563227,-1.91421241513565,0.479235106800397,-0.86762608313122,-1.46257630442722,6.84592315011349,-0.274498316277474,-1.08578984198043,1.10445585851384,-0.888827445120649,0.335926192056569,-1.17928535421593,-1.42564794721327,-0.47697364746789,0.499268769168208,-0.423095022204354,0.202594350250841,-0.236356275219555,-0.864986933144769,-0.574136240793461,13.2210833333333,-0.36
2011,-1.83384579347629,0.239732518906266,1.51114671295084,1.30249496123567,-0.811202365039128,"Cabot Strait",-0.408155534422597,0.593530122766753,-1.31012577506853,-0.31828565572341,6.1,4.85,0.0836666666666667,7.95,8.82,8.6,8.53,8.37,4.23,6.55,7.7,"CSL",-4.25687291825106,-0.687965102553189,-1.42216735103001,-0.347065099036097,-0.0292705563432065,4.02541087382128,0.102002247474134,-0.0402797624985562,0.846510111258047,-2.18306616058772,0.912176180282153,0.13664171350665,-0.475706129501556,0.995628154061687,1.58059064098337,0.861857325074197,-0.712938962708736,0.19615401877573,0.778868884995936,1.02216564141764,13.2210833333333,-0.36
2011,-1.83384579347629,0.239732518906266,1.51114671295084,1.30249496123567,-0.811202365039128,"Central Scotian Shelf",-1.19978223473308,1.30297384148516,0.0902212933957211,-0.31828565572341,6.1,4.85,0.0836666666666667,7.95,8.82,8.6,8.53,8.37,4.23,6.55,7.7,"HL",-0.025755079559051,-0.078417487839676,0.540209590493854,-0.32959985351469,-0.322561899941753,8.50096494666573,3.5279438041283,1.0824908072486,1.08141856325787,-0.720110607284665,0.584121412795692,0.16041146603335,-1.13924919315569,-0.102160904774048,1.38589771412041,-1.92575714164422,0.456511586058202,0.770296938631608,1.40813719319287,3.50461049166045,13.2210833333333,-0.36
2011,-1.83384579347629,0.239732518906266,1.51114671295084,1.30249496123567,-0.811202365039128,"Eastern Scotian Shelf",-0.57785862893269,0.372288394289001,-1.31804923901223,-0.31828565572341,6.1,4.85,0.0836666666666667,7.95,8.82,8.6,8.53,8.37,4.23,6.55,7.7,"LL",-1.7127608557485,-0.0270924787318375,0.275781602029237,-0.0281051559571256,-1.00246538444966,12.6010304904619,0.0791248535112379,0.585970221763781,1.11350769613667,-0.744683752941052,1.26478864425013,0.525827831373817,0.0231338136167974,0.51626546701667,1.43667832987738,0.012932207536438,1.18083848381904,1.75426044370186,0.196032641475248,0.128083069615598,13.2210833333333,-0.36
2012,-1.46344558570713,-0.368284739189336,-0.534521316647075,0.482668432501501,-0.752844666311018,"Western Scotian Shelf",2.28989937139079,-2.44826189751851,1.31668184263441,-0.140023680867084,9.5,2.89,0.19525,9.39,10.47,9.87,9.77,9.56,4.51,8.09,9.36,"BBL",-2.08480120057537,-1.31116728676919,-0.626802706519797,-0.955611258312181,-1.56968660312129,1.80005997634421,-0.0865299945639157,-0.837782180454037,1.39867218694471,0.990300944838416,0.59497521242124,0.253263719184151,-2.43959182756361,-0.206156327550958,1.80448614082136,-1.60057380343119,-0.210657986489091,1.7790322190268,1.43445962605105,0.0846970171234156,11.29075,1.35
2012,-1.46344558570713,-0.368284739189336,-0.534521316647075,0.482668432501501,-0.752844666311018,"Cabot Strait",1.69892899346301,-1.42837963249059,1.10846621871354,-0.140023680867084,9.5,2.89,0.19525,9.39,10.47,9.87,9.77,9.56,4.51,8.09,9.36,"CSL",-2.32403953410002,-3.69563811771842,0.89568120863163,0.509649082429172,1.86314155785683,7.35209448331775,-1.1243927144166,2.86812258079329,1.11719922581163,-1.77020121595,1.14216333831325,2.20610410148654,-1.14659695467608,1.87785062557677,1.84503875402082,2.0198420249808,0.0496887238012501,0.858428947236715,-1.45280699904642,-1.37278860166026,11.29075,1.35
2012,-1.46344558570713,-0.368284739189336,-0.534521316647075,0.482668432501501,-0.752844666311018,"Central Scotian Shelf",-0.920121542507201,0.0390791949381602,1.27653024786672,-0.140023680867084,9.5,2.89,0.19525,9.39,10.47,9.87,9.77,9.56,4.51,8.09,9.36,"HL",-1.88732978715896,-2.4736737077012,-2.86246118478437,-1.37809875488463,0.804303164678473,10.07709348593,-2.72689252571329,-0.10752666575143,1.08587060072107,-0.0179751059725836,1.49884084214961,1.22254538300887,-1.38552555312592,-0.699620827976353,1.85655162977973,-2.5881201951471,-1.08219714668649,0.600322227064542,-0.704558657277496,-0.68795483495316,11.29075,1.35
2012,-1.46344558570713,-0.368284739189336,-0.534521316647075,0.482668432501501,-0.752844666311018,"Eastern Scotian Shelf",0.354484705143583,-1.47953372200641,1.69945949798999,-0.140023680867084,9.5,2.89,0.19525,9.39,10.47,9.87,9.77,9.56,4.51,8.09,9.36,"LL",-3.65333457898824,-2.02330237466066,1.38165594901396,-1.13451803375854,0.00304445155180146,10.2843849705359,-3.46365763081805,0.784709592115396,1.18525600326562,-1.35289579297504,0.634363616106036,1.24885397190306,-5.62102551298788,0.757086965118908,1.39904483329896,-3.8116225996478,-1.81194823069164,-0.222838098547934,-2.47076948542387,0.34245514899899,11.29075,1.35
2013,-1.44659317034651,-1.04926406825641,-1.26886368624633,-0.958238799819157,-1.08689524406534,"Western Scotian Shelf",-0.558241227132615,1.05640330885626,-0.179401568634282,0.0679486231319639,15.8,5.04,0.14825,8.94,10.1,9.36,8.78,8.74,4.09,6.94,8.29,"BBL",0.248524669575426,-1.44760248055979,-1.04700381514535,-1.67254573652957,0.569476265496498,9.47885533328037,-1.30984331893731,0.545464236767376,1.09063798146797,0.587071419477614,0.745406537513013,-1.19842245494797,0.224119107284301,0.105808311452393,1.26450744888529,0.0792693528722125,-0.803178346450788,0.941718752277597,0.554506972424161,-2.31917323928897,12.0898333333333,-0.38
2013,-1.44659317034651,-1.04926406825641,-1.26886368624633,-0.958238799819157,-1.08689524406534,"Cabot Strait",0.245580947306015,-0.21160160612315,1.83013375090396,0.0679486231319639,15.8,5.04,0.14825,8.94,10.1,9.36,8.78,8.74,4.09,6.94,8.29,"CSL",-3.77271861922122,-1.54770080502242,-0.319911541415033,-1.34254132095577,-0.360086682176223,2.57249223971861,-1.03780247682826,0.869718765717655,0.208639358292167,-2.09019801361724,0.32423937985308,-1.20476178425412,-0.837949709896674,-1.24409381805795,-0.16305612602243,-0.087364419694094,0.318913197317567,-0.510777760985934,0.656938188166989,1.05335130090094,12.0898333333333,-0.38
2013,-1.44659317034651,-1.04926406825641,-1.26886368624633,-0.958238799819157,-1.08689524406534,"Central Scotian Shelf",-0.384601068032111,1.05313420205145,-1.22521747731661,0.0679486231319639,15.8,5.04,0.14825,8.94,10.1,9.36,8.78,8.74,4.09,6.94,8.29,"HL",1.13501939185927,-0.0451694629271379,-0.246670444918315,-0.00306562334699528,0.556043173036783,7.18232366034958,-1.79504954786968,-0.0697362898585855,1.07667232589949,-0.442162717614633,0.891312292862073,-0.978589989817317,0.950145829401631,0.671947768834243,1.40367083413046,-0.486488604861953,-0.226792650912226,0.779922945700123,0.491195812165572,-3.28198453723097,12.0898333333333,-0.38
2013,-1.44659317034651,-1.04926406825641,-1.26886368624633,-0.958238799819157,-1.08689524406534,"Eastern Scotian Shelf",-0.917775469481331,1.2611630101108,0.691891319649438,0.0679486231319639,15.8,5.04,0.14825,8.94,10.1,9.36,8.78,8.74,4.09,6.94,8.29,"LL",-2.19874220611942,-1.03948855808824,-0.884712634969493,-1.85167497796369,-1.09760523892944,9.92744999239078,-0.257400526662654,0.158146652948574,0.759265928510276,-1.4695364025618,0.882684574578123,-2.17824074389877,-1.35920192838801,-1.17457459265361,-0.146003289181782,0.0925454586765086,-0.528273260592708,0.440338460794812,-0.290509282234119,-0.929851292488155,12.0898333333333,-0.38
2014,0.885834055088867,-0.39260542951316,0.147368026552231,-0.287471639945747,1.37436591628759,"Western Scotian Shelf",0.829447714118752,-0.38140805786159,-0.0317084558707433,-0.0211823642961994,57.9,3.3,0.08375,8.53,9.82,9.13,8.49,8.67,4.57,8.33,8.91,"BBL",-1.3053491747656,-2.01147006172393,-1.27662297029954,-0.853576589377752,-0.086766791751356,8.67054030857042,-0.817724239375797,-1.3756215871113,0.608994256770987,-0.337100974461555,1.48893727494852,-0.198665990926947,-0.00674630295151463,-0.173572532692814,0.380018609101674,-1.05812033815719,0.645351505150614,0.31608231234009,0.250457502384589,-0.513140949804191,12.5628333333333,0.84
2014,0.885834055088867,-0.39260542951316,0.147368026552231,-0.287471639945747,1.37436591628759,"Cabot Strait",-0.87819746756631,0.853835869701082,1.07179167752569,-0.0211823642961994,57.9,3.3,0.08375,8.53,9.82,9.13,8.49,8.67,4.57,8.33,8.91,"CSL",-4.32180827729566,-1.78478396999134,-0.425631387172364,-0.956878885999192,1.71052494036275,3.68378054379624,1.04524903794721,1.25452772613228,0.471621849480304,1.09547162330005,1.59811734175246,-1.20476178425413,1.02962247246848,-1.24409381805796,0.468889112156756,0.427367017343384,1.4935809992834,1.35044663938155,1.67415347318053,-1.8737493586391,12.5628333333333,0.84
2014,0.885834055088867,-0.39260542951316,0.147368026552231,-0.287471639945747,1.37436591628759,"Central Scotian Shelf",1.18625899042816,-0.7471808468091,0.63533199485476,-0.0211823642961994,57.9,3.3,0.08375,8.53,9.82,9.13,8.49,8.67,4.57,8.33,8.91,"HL",0.944292049148682,-0.0988099389433968,-0.855843875290763,-2.28527088535368,-0.539186805839045,12.2966527012586,-0.341640100860801,-0.21398883994134,0.557822099480457,-1.03173611713184,1.18385626632691,-1.24626771729161,-0.871470325271154,0.186291743955495,0.982738474731126,0.04634426455847,-0.994222236309756,1.45691256902291,-1.00199023697846,0.852320905148716,12.5628333333333,0.84
2014,0.885834055088867,-0.39260542951316,0.147368026552231,-0.287471639945747,1.37436591628759,"Eastern Scotian Shelf",2.83102168628368,-1.18324218339915,0.697692745269362,-0.0211823642961994,57.9,3.3,0.08375,8.53,9.82,9.13,8.49,8.67,4.57,8.33,8.91,"LL",-2.36529965339262,-1.64966872832382,-0.672448226671523,-2.28313541345563,0.433027197758396,10.0658783510663,-1.11869761779847,0.90146195418904,0.783604611686835,-0.282518226241194,1.02310650019153,-0.871782409905022,-0.568715644957517,-1.38014466297062,-0.138157296520153,-0.580025730293236,0.0265071996325901,1.07627796000563,0.565127250933055,-0.708462663423852,12.5628333333333,0.84
2015,0.357674063734368,0.0208463059918493,1.03906947535132,0.134863238493066,1.10115689284847,"Western Scotian Shelf",-0.423110468808512,1.02270460494881,-0.116167400639961,-0.0806030225816413,41.4,4.08,0.0958333333333333,8.02,9.27,8.93,8.68,8.35,5.15,7.94,8.15,"BBL",-1.7466277306419,-0.24489933299482,0.0666484005429353,0.138130414631179,-0.642764619286786,4.19374858710177,0.797113253310149,-0.700765984768543,0.887950998776113,0.675259716082705,1.07119288701745,-0.125546482018216,-0.362028016290344,-0.428000247346253,2.19016347007032,-1.37630377254675,1.45999148403742,0.739490576190262,-0.784338619045494,-1.66757251650945,11.1345,1.6
2015,0.357674063734368,0.0208463059918493,1.03906947535132,0.134863238493066,1.10115689284847,"Cabot Strait",-0.62426676805189,1.63475311050407,-0.654044779780589,-0.0806030225816413,41.4,4.08,0.0958333333333333,8.02,9.27,8.93,8.68,8.35,5.15,7.94,8.15,"CSL",-10.2696017253774,-3.0564251715957,-3.58726434799637,1.41741217824027,-1.13533799814775,5.05261729368907,1.23864437009044,-0.53821687600509,0.708055737419069,-1.68241810609464,0.108611009909197,-1.76206261424843,0.221415153178928,-1.44060385341094,-0.15480951956451,0.752070355133339,-3.99229578636325,-0.235453591971101,2.67602564687269,-0.458068001244073,11.1345,1.6
2015,0.357674063734368,0.0208463059918493,1.03906947535132,0.134863238493066,1.10115689284847,"Central Scotian Shelf",-0.569058120351308,1.22214336990367,0.195957252721114,-0.0806030225816413,41.4,4.08,0.0958333333333333,8.02,9.27,8.93,8.68,8.35,5.15,7.94,8.15,"HL",-1.50087649166122,-0.735849039572351,-0.0872311770671838,1.90538854869115,1.24548737237759,4.55647420445477,1.6165322308363,0.355210637376156,0.941541685834553,-0.198582932130644,-0.187840222134893,0.329586030588191,-0.0319996720377859,0.109735550261544,2.2535942681428,-2.10188486817364,0.737241220739019,1.2639452218948,0.0494636468375914,1.24623610202822,11.1345,1.6
2015,0.357674063734368,0.0208463059918493,1.03906947535132,0.134863238493066,1.10115689284847,"Eastern Scotian Shelf",0.733249184612069,0.139487899669005,-0.480408997770916,-0.0806030225816413,41.4,4.08,0.0958333333333333,8.02,9.27,8.93,8.68,8.35,5.15,7.94,8.15,"LL",-2.03897799251524,-0.830249314439988,-1.34511831390446,1.50274343436448,1.83061514624587,11.6635687977984,0.448239724011205,0.525991432077352,0.194680655506154,0.602477098063024,1.39321048199449,0.721740748161865,-0.904928499593219,-0.67605096672703,0.17495912738423,-0.304987927420266,0.147923725793683,0.763866422529478,0.69775379433572,0.626689058372181,11.1345,1.6
2016,-1.53085524714964,-1.29247097149465,-0.167350131847449,-1.20667108125375,0.0947760893139332,"Western Scotian Shelf",3.04871055274922,-2.51565930533341,-1.26261122200114,0.00852796484652166,7.5,4.25,0.324666666666667,8.48,9.95,9.38,9.16,9.27,4.78,8.12,9.1,"BBL",-2.14101798398354,-2.50863902463474,-1.15070462322459,0.626708507393367,-0.132325009725407,9.98902112993957,0.686006901177049,-2.35132652825553,0.823348367833127,-0.0848263952243978,1.13193332966441,0.75531624863858,-2.77164606779067,1.09767297328868,1.96063649931885,-1.54910640136854,-0.576208688224888,1.70104069634382,0.394560879091512,-0.0158284607009844,12.4105,1.17
2016,-1.53085524714964,-1.29247097149465,-0.167350131847449,-1.20667108125375,0.0947760893139332,"Cabot Strait",2.90915190178705,-2.33036931372815,-0.263153099955538,0.00852796484652166,7.5,4.25,0.324666666666667,8.48,9.95,9.38,9.16,9.27,4.78,8.12,9.1,"CSL",-4.08440123468456,-0.971919899023345,0.230450203231152,0.265113125017315,0.367969223534032,7.89758453633656,-0.163587380485381,-0.242694971136853,1.02149070346623,-0.0897277154140928,1.85728993980673,-0.25519369952908,-0.385914801014841,-1.24409381805797,-0.0497364117397256,0.153432375222963,1.41520132034693,-0.395701465072257,1.49260995268648,0.546028465756234,12.4105,1.17
2016,-1.53085524714964,-1.29247097149465,-0.167350131847449,-1.20667108125375,0.0947760893139332,"Central Scotian Shelf",0.216371908878824,-0.335680264212403,-1.60782961671663,0.00852796484652166,7.5,4.25,0.324666666666667,8.48,9.95,9.38,9.16,9.27,4.78,8.12,9.1,"HL",-0.0925586430635637,-0.541288698892486,-0.823746816016977,-0.619914301454799,0.678203991503512,11.7861835933273,1.42658790803949,-0.415802974409264,0.601110870887804,-0.609902504134958,1.74536486959777,-0.192252059847524,-1.97779725092789,0.502359580339634,1.44630759662409,-2.56036804885005,-0.999126612541549,0.705213450596853,0.5505698830524,-2.06210153789961,12.4105,1.17
2016,-1.53085524714964,-1.29247097149465,-0.167350131847449,-1.20667108125375,0.0947760893139332,"Eastern Scotian Shelf",-1.23826849057005,-0.728223034823704,-1.54820347638343,0.00852796484652166,7.5,4.25,0.324666666666667,8.48,9.95,9.38,9.16,9.27,4.78,8.12,9.1,"LL",-1.13328832677727,-3.02376151630214,-0.991804666592941,0.956656467420759,0.977933672451239,13.5230924993605,1.70473047335074,-0.177173774509975,0.434375324552305,0.815809709045805,1.60743178336697,1.33486279814976,0.614246029641303,-0.358744068921949,1.24414805947054,-0.716546859346242,1.57613082554711,1.95298644477498,2.82220132279404,1.44841059954426,12.4105,1.17
2017,-1.25151102185256,-0.611491642427577,-0.324709211047289,-0.262628411802288,0.631275591862759,"Western Scotian Shelf",-0.11646759414997,0.0847573461914647,-0.685601677166385,-0.00632719972483889,11.8,4.62,0.297916666666667,8.73,9.44,8.96,8.8,8.49,4.63,7.22,8.81,"BBL",-3.08056714661185,-0.352862651799542,-0.14795924322594,-1.27381413665562,0.189123467619109,8.73785026032355,0.0617515992693626,-3.77702193990137,0.804838679735372,0.281672441867766,0.924369042228336,-0.6004782141477,-1.37151761584227,0.0298483816577943,2.37164927940979,-1.69286207613914,-0.467741197284329,-0.450991043430994,1.06080218929428,-1.51651550606094,14.30875,0.68
2017,-1.25151102185256,-0.611491642427577,-0.324709211047289,-0.262628411802288,0.631275591862759,"Cabot Strait",0.132122549650636,-0.50822908518785,0.202675807776169,-0.00632719972483889,11.8,4.62,0.297916666666667,8.73,9.44,8.96,8.8,8.49,4.63,7.22,8.81,"CSL",-4.93043793018014,-3.80182691294585,-3.01533440909569,-0.559585773745543,0.74178011358466,5.03854391907328,0.316066320493087,-0.299087291542992,0.715494202313149,-0.221330272866187,0.0389662000700625,-0.577413274377378,-0.261195559900343,-0.850571425071501,0.846590326868585,-0.245174490822378,0.264340766521195,-0.557462308515435,0.209735047448712,-0.17577447336793,14.30875,0.68
2017,-1.25151102185256,-0.611491642427577,-0.324709211047289,-0.262628411802288,0.631275591862759,"Central Scotian Shelf",2.0430917495883,-1.57018201200249,-0.71022139521969,-0.00632719972483889,11.8,4.62,0.297916666666667,8.73,9.44,8.96,8.8,8.49,4.63,7.22,8.81,"HL",0.848125314332868,-1.03452785356346,-0.411770479107093,-2.6514725491792,-1.32690351597794,7.80780898178881,-0.693396488181576,-3.61625420160132,0.815625023591244,-1.36026026670809,0.995747227596045,-1.04325302900593,-2.26889379655139,-0.732127831082424,1.29146504219064,-1.99487818218536,0.266872260079596,0.255145145587105,1.68101884855811,-1.90716861024759,14.30875,0.68
2017,-1.25151102185256,-0.611491642427577,-0.324709211047289,-0.262628411802288,0.631275591862759,"Eastern Scotian Shelf",-0.403044253793389,0.975453312168079,-0.612493084429428,-0.00632719972483889,11.8,4.62,0.297916666666667,8.73,9.44,8.96,8.8,8.49,4.63,7.22,8.81,"LL",-1.18502889796954,-2.6929745181413,0.0998406085976966,-0.801840268271327,0.234176742700429,14.703807305384,-0.424611153559531,0.225154361564204,0.601378525551751,-0.919212435960179,0.352956860894859,-0.739347390637941,-2.16103955316828,-0.81399461530786,0.834797593178691,-1.30889592030255,0.758741069903945,-0.610503834412059,-0.623839100820325,-0.00370336574210787,14.30875,0.68
2018,-0.648529835598523,0.993673918944813,0.0949150001522845,-0.312314868089207,-0.997052272953945,"Western Scotian Shelf",-0.0385075412706798,-0.2072980876731,-1.87830730548047,-0.125168516295723,18,NA,0.0509166666666667,7.95,9.03,8.98,8.76,8.91,4.50452380952381,7.24023809523809,8.64,"BBL",-1.48699082956097,-2.85391715599985,-1.37634332647745,-1.89050872385191,-0.103015510454773,10.8924675339041,-0.400751993506971,-3.61129096167374,0.666114637707964,-0.191077187455352,1.48866581737204,1.07494593835876,-0.282370346541225,1.07201726961297,1.61460347893089,-1.48177393655267,-0.881845061687516,0.698816809012439,-0.251964855447353,-1.98901097880865,13.22025,0.74
2018,-0.648529835598523,0.993673918944813,0.0949150001522845,-0.312314868089207,-0.997052272953945,"Cabot Strait",1.52604000655958,-1.06516231118688,-1.06967279463158,-0.125168516295723,18,NA,0.0509166666666667,7.95,9.03,8.98,8.76,8.91,4.50452380952381,7.24023809523809,8.64,"CSL",-4.79645163859061,0.695625861246842,-0.227479758931164,0.116113956877121,-0.48205249280596,3.64405598250445,0.929874870443766,-0.728382754251143,0.770906415032013,-0.80905963674153,0.774303770014728,0.483822815007566,-0.0848308896612167,-0.40413767388369,1.04190700270721,-1.06517954100555,1.21374454113659,0.276175677471232,1.26833601489472,-0.446943123790095,13.22025,0.74
2018,-0.648529835598523,0.993673918944813,0.0949150001522845,-0.312314868089207,-0.997052272953945,"Central Scotian Shelf",-0.0454381008645531,-0.0711441754002408,-1.78818847735181,-0.125168516295723,18,NA,0.0509166666666667,7.95,9.03,8.98,8.76,8.91,4.50452380952381,7.24023809523809,8.64,"HL",-1.40546047495168,-1.31233745362652,-2.3527272830274,-0.445046438725535,-1.3934097818632,8.93565494256323,0.946695934510471,-2.92004639904716,0.573030591744207,-1.64942125741212,1.89795884237178,0.746940374302711,-1.64857725164882,-0.208040394492377,1.20251978940318,-3.51560649396403,0.26747157348898,1.07794227209616,0.0441222545459379,-0.549548729869073,13.22025,0.74
2018,-0.648529835598523,0.993673918944813,0.0949150001522845,-0.312314868089207,-0.997052272953945,"Eastern Scotian Shelf",-0.694401545692224,0.287633668972639,-0.870199798264043,-0.125168516295723,18,NA,0.0509166666666667,7.95,9.03,8.98,8.76,8.91,4.50452380952381,7.24023809523809,8.64,"LL",-1.7905739115505,-1.10446333962837,-0.111802304156682,-1.73832536448503,0.13055256014715,10.3325090729696,-1.83745941741591,-2.18481056577739,0.785834775586011,-1.05431683807427,0.483390256996162,0.921384126761574,-0.110057651313355,0.342810132627478,0.910904027819624,-2.49089046234023,-0.596126138658524,0.601470894901003,-0.759705496793404,0.245593078451059,13.22025,0.74
2019,0.390555390738174,0.969353228620989,-0.219803158247395,-0.0887258147980704,0.189601837215698,"Western Scotian Shelf",-0.345150415929221,0.337497625497338,-0.112137304185198,-0.719375099150145,32.4,5.1,0.1565,7.36,8.21,7.78,7.78,7.9,4.32,7.27,8.39,"BBL",-0.423731546738785,2.64901574541963,-0.805463743147263,0.388735801873529,-0.127706501431209,11.3071678566218,-1.6481208930989,-1.33610397932051,1.25344042789791,0.269794449844369,-0.433754669265676,-0.511466370152286,0.410388289653841,-0.58568768832146,1.87994239278442,-2.04774782019437,0.983650962290384,-0.594512522251807,-0.476433314031725,0.173517319568564,13.8741666666667,0.68
2019,0.390555390738174,0.969353228620989,-0.219803158247395,-0.0887258147980704,0.189601837215698,"Cabot Strait",-1.01326698858462,0.448243194245267,-0.0194760549732444,-0.719375099150145,32.4,5.1,0.1565,7.36,8.21,7.78,7.78,7.9,4.32,7.27,8.39,"CSL",-4.89147552562464,-0.190087072097546,-1.41551638459344,-1.52160675952929,-1.64409351032869,0.479848041852215,-0.701072133081587,-0.826638733434226,0.995863974352213,-0.943563123332586,2.26923406248913,-0.171719341905734,-0.836608227304725,-0.305799202829578,1.04610021785374,-1.64018003939657,1.59542894687956,-0.979197560545716,-0.256365591109255,0.51212496967084,13.8741666666667,0.68
2019,0.390555390738174,0.969353228620989,-0.219803158247395,-0.0887258147980704,0.189601837215698,"Central Scotian Shelf",-0.937972224989704,0.71511586634702,-0.590941811448867,-0.719375099150145,32.4,5.1,0.1565,7.36,8.21,7.78,7.78,7.9,4.32,7.27,8.39,"HL",-0.565517806674453,0.809789938602412,-1.91158816626371,-1.22400402782089,-0.307766402060425,6.85383567501625,2.34008696365263,-2.01968199869259,1.24338352768295,0.105861363800102,1.96377549652298,-0.485264981016946,0.622825175467833,1.76909254718658,1.95652335868704,-0.455079723830097,1.23047150122978,0.859448481199244,-1.55345022490826,-1.49385094491336,13.8741666666667,0.68
2019,0.390555390738174,0.969353228620989,-0.219803158247395,-0.0887258147980704,0.189601837215698,"Eastern Scotian Shelf",1.09258984462063,-1.11975113941188,-0.571526600899604,-0.719375099150145,32.4,5.1,0.1565,7.36,8.21,7.78,7.78,7.9,4.32,7.27,8.39,"LL",-1.447268736165,2.09782452834376,-0.103675421258649,-1.17272829787206,-1.76683816718111,7.59837194448544,0.167294970823837,-2.74321196627949,0.964977792473813,-0.304149065815513,2.15092641115146,0.49477760954695,-0.447977611571675,-0.389282826892962,0.949514111220872,-1.42518224900277,-0.425147492282571,0.998248634266421,-0.781697871193902,0.801484782004012,13.8741666666667,0.68
