"sample_id","station","latitude","longitude","year","month","day","yearday","Calanus finmarchicus I","Calanus finmarchicus II","Calanus finmarchicus III","Calanus finmarchicus IV","Calanus finmarchicus V","Calanus finmarchicus VI"
"99666001_99666102001001","HL2",44.26,-63.31,1999,1,13,13,951.66163141994,861.027190332326,1314.19939577039,1993.95770392749,1540.78549848943,2583.08157099698
"98078001_98078102003001","HL2",44.26,-63.31,1999,2,10,41,241.639697950378,1389.42826321467,664.509169363538,6826.32146709817,966.55879180151,2355.98705501618
"98078057_98078102004001","HL2",44.26,-63.31,1999,2,16,47,181.109445277361,1403.59820089955,1765.81709145427,1992.20389805097,2897.75112443778,1856.37181409295
"98079037_98079102005001","HL2",44.26,-63.31,1999,3,31,90,905.547226386807,3531.63418290855,2807.1964017991,8874.3628185907,633.883058470765,1629.98500749625
"99003013_99003102003002","HL2",44.26,-63.31,1999,4,8,98,62244.4509345794,16975.7593457944,14146.4661214953,2829.29322429907,0,5658.58644859813
"99003212_99003102037002","HL2",44.26,-63.31,1999,4,17,107,39644.0129449838,8495.14563106796,8495.14563106796,2831.71521035599,2831.71521035599,0
"99003216_99003102038001","HL2",44.26,-63.31,1999,4,17,107,28552.6315789474,24473.6842105263,12690.0584795322,14956.1403508772,39883.0409356725,453.216374269006
"99666008_99666102008001","HL2",44.26,-63.31,1999,5,5,125,7975.83081570997,6525.67975830816,4712.99093655589,5256.79758308157,4169.18429003021,4169.18429003021
"99666009_99666102009001","HL2",44.26,-63.31,1999,5,19,139,3081.87134502924,8157.8947368421,11783.6257309942,9245.61403508772,4350.87719298246,1994.15204678363
"99666010_99666102010001","HL2",44.26,-63.31,1999,6,10,161,906.25,1812.5,4350,8337.5,14681.25,3081.25
"99022008_99022102002001","HL2",44.26,-63.31,1999,6,27,178,5070.53232794159,3078.53748482168,6157.07496964336,9959.97421559956,6519.25585021062,2173.08528340354
"99025001_99025102001001","HL2",44.26,-63.31,1999,7,5,186,543.266153581966,1991.97589646721,4165.04051079507,5432.66153581966,20100.8476825327,724.354871442621
"99025097_99025102097001","HL2",44.26,-63.31,1999,7,17,198,543.26537164874,2354.14994381121,5070.4768020549,19557.5533793546,1629.79611494622,5760.87654519184
"99029107_99029102107001","HL2",44.26,-63.31,1999,7,31,212,181.109445277361,1086.65667166417,3441.07946026986,4889.95502248876,7516.04197901049,1267.76611694153
"99666011_99666102011001","HL2",44.26,-63.31,1999,8,13,225,1450,2990.625,3896.875,7884.375,2084.375,725
"99666012_99666102012001","HL2",44.26,-63.31,1999,8,27,239,0,181.176470588235,1026.66666666667,7126.27450980392,2898.82352941176,362.352941176471
"99666013_99666102013001","HL2",44.26,-63.31,1999,9,10,253,181.268882175227,181.268882175227,1389.72809667674,2175.22658610272,6465.25679758308,664.652567975831
"99054005_99054102001001","HL2",44.26,-63.33,1999,10,24,297,0,0,0,4119.74732216424,6179.62098324636,2059.87366108212
"99054220_99054102050003","HL2",44.27,-63.3,1999,11,5,309,0,0,0,4247.06375838926,19819.6308724832,1415.68791946309
"99054284_99054102055001","HL2",44.26,-63.32,1999,11,12,316,435.160796324655,362.633996937213,652.741194486983,2719.7549770291,2393.3843797856,834.05819295559
"99666014_99666102014001","HL2",44.26,-63.31,1999,11,24,328,0,0,0,385.196374622356,1948.64048338369,45.3172205438066
"99666015_99666102015001","HL2",44.26,-63.31,1999,12,10,344,1178.24773413897,2084.59214501511,7432.02416918429,6072.50755287009,1450.15105740181,1450.15105740181
"99666016_99666102016001","HL2",44.26,-63.31,1999,12,23,357,226.586102719033,634.441087613293,815.70996978852,5709.96978851964,271.90332326284,1268.88217522659
"2000666001_2000666102001001","HL2",44.26,-63.31,2000,1,10,10,23.8274770019605,23.8274770019605,23.8274770019605,643.341879052933,1620.26843613331,2335.09274619213
"2000666002_2000666102002001","HL2",44.26,-63.31,2000,1,31,31,36.2573099415205,0,0,797.66081871345,1123.97660818713,1341.52046783626
"99065000_99065102000001","HL2",44.26,-63.33,2000,2,15,46,56.6666666666667,0,28.3333333333333,651.666666666667,1246.66666666667,1416.66666666667
"99066001_99066102001001","HL2",44.26,-63.31,2000,3,2,62,209.250556517438,976.502597081375,1011.37768983428,1429.87880286916,1534.50408112788,2127.38065792728
"99066123_99066102123001","HL2",44.26,-63.31,2000,3,17,77,69.6864111498258,243.90243902439,557.491289198606,696.864111498258,766.550522648084,2160.2787456446
"2000002005_2000002102001001","HL2",44.26,-63.31,2000,4,6,97,2537.21682847896,5074.43365695793,6161.81229773463,8336.56957928803,4168.28478964401,3987.05501618123
"2000002073_2000002102020001","HL2",44.26,-63.31,2000,4,12,103,11138.3701761875,9701.16112119553,10419.7656486915,13294.1837586754,11138.3701761875,6826.74301121167
"2000002200_2000002102063002","HL2",44.26,-63.31,2000,4,23,114,16703.3338974446,28634.2866813336,39968.6918260281,42354.8823828059,8948.21458791674,2386.1905567778
"2000001030_2000001102077001","HL2",44.26,-63.31,2000,5,2,123,11318.044866291,21277.924348627,39386.7961346925,31237.803830963,13128.9320448975,452.721794651638
"2000002246_2000002102236001","HL2",44.26,-63.33,2000,5,8,129,5230.29803274826,19177.7594534103,36612.0862292378,55789.8456826481,31381.7881964896,3486.86535516551
"2000009007_2000009102007001","HL2",44.26,-63.31,2000,5,20,141,0,0,13118.1427889967,100174.90857052,23851.1687072667,0
"2000009153_2000009102153001","HL2",44.26,-63.31,2000,6,8,160,452.720852322458,905.441704644916,9507.13789877162,34406.7847765068,19466.9966498657,2263.60426161229
"2000075025_2000075102005001","HL2",44.26,-63.32,2000,6,14,166,905.441704644916,905.441704644916,4979.92937554704,40744.8767090212,38028.5515950865,1358.16255696737
"2000026000_2000026102000001","HL2",44.26,-63.31,2000,6,29,181,0,0,1358.16538395492,11770.7666609426,33954.1345988729,2263.60897325819
"2000026103_2000026102103001","HL2",44.26,-63.32,2000,7,15,197,0,0,0,9959.98221431748,84207.1223574114,2716.35878572295
"2000031126_2000031102126001","HL2",44.26,-63.31,2000,7,29,211,301.813901548305,452.720852322458,905.441704644916,6338.09193251441,44819.3643799233,2867.2320647089
"2000666004_2000666102004001","HL2",44.26,-63.31,2000,8,22,235,0,164.029294319731,0,3444.61518071435,28049.009328674,2460.43941479597
"2000666005_2000666102005001","HL2",44.26,-63.31,2000,9,12,256,0,131.604898930947,131.604898930947,1316.04898930947,5922.22045189262,526.419595723788
"2000050005_2000050102001001","HL2",44.3,-63.2,2000,9,30,274,0,0,144.639873576485,1229.43892540013,5568.63513269469,506.239557517699
"2000050083_2000050102019001","HL2",44.26,-63.32,2000,10,7,281,0,0,113.180515759312,1131.80515759312,7922.63610315186,396.131805157593
"2000050286_2000050102050001","HL2",44.26,-63.31,2000,10,16,290,0,0,0,725.519216847105,9431.74981901237,145.103843369421
"2000050328_2000050102051001","HL2",44.26,-63.31,2000,10,25,299,0,0,18.1088340928983,271.632511393475,2299.82192979809,199.197175021881
"2000068088_2000068102088001","HL2",44.27,-63.32,2000,12,8,343,47.6553209772021,0,190.621283908809,2096.83412299689,4574.91081381141,857.795777589638
"2001666001_2001666102001001","HL2",44.26,-63.31,2001,1,5,5,56.5901065403072,56.5901065403072,226.360426161229,1980.65372891075,5659.01065403072,1980.65372891075
"2001003000_2001003102000001","HL2",44.26,-63.31,2001,2,13,44,0,316.905256256147,271.633076790983,1086.53230716393,1946.70371700205,1222.34884555942
"2001004001_2001004102001001","HL2",44.26,-63.3,2001,2,27,58,82.3129951641115,329.251980656446,411.564975820558,2798.64183557979,6996.60458894948,8478.23850190349
"2001004094_2001004102094001","HL2",44.26,-63.31,2001,3,14,73,4678.11629488276,11318.0232940712,9054.41863525696,5583.55815840846,4979.93024939133,2867.23256783137
"2001666003_2001666102003001","HL2",44.26,-63.31,2001,3,30,89,9054.53164704851,6790.89873528639,4300.90253234804,2489.99620293834,2716.35949411455,2942.72278529077
"2001666004_2001666102004001","HL2",44.26,-63.31,2001,4,10,100,19061.9306241035,14296.4479680776,22636.0426161229,17274.8746280938,7148.22398403881,5956.85332003234
"2001009005_2001009102001002","HL2",44.26,-63.31,2001,5,1,121,6519.2408149051,9959.9512449939,7605.78095072262,6157.0607696326,4346.16054327007,724.360090545011
"2001009089_2001009102021002","HL2",44.26,-63.31,2001,5,6,126,2867.25194497976,3470.88393339655,905.447982625187,905.447982625187,754.539985520989,301.815994208396
"2001009261_2001009102064001","HL2",44.26,-63.31,2001,5,16,136,6036.32717290404,7545.40896613005,6036.32717290404,1509.08179322601,301.816358645202,905.449075935606
"2001009291_2001009102078001","HL2",44.26,-63.32,2001,5,25,145,14185.4005442138,9959.96208423525,6036.34065711227,5130.88955854543,3319.98736141175,2414.53626284491
"2001022007_2001022102007001","HL2",44.26,-63.31,2001,5,30,150,5975.95533124298,8149.02999714952,6157.04488673519,2173.07466590654,2173.07466590654,543.268666476634
"2001022264_2001022102064001","HL2",44.27,-63.32,2001,6,15,166,2173.06946061312,5432.67365153279,6700.29750355711,10503.1690596301,4889.40628637951,905.445608588798
"2001032000_2001032102000001","HL2",44.25,-63.33,2001,7,3,184,2716.34747297371,15392.6356801844,19467.1568896449,19919.8814684739,25352.5764144213,452.724578828952
"2001037000_2001037102000001","HL2",44.26,-63.31,2001,7,16,197,0,603.632652618094,1659.98979469976,10714.4795839712,19316.244883779,1509.08163154523
"2001037111_2001037102111001","HL2",44.26,-63.31,2001,7,30,211,0,258.700338774253,905.451185709886,7502.30982445334,14745.9193101324,1940.2525408069
"2001666005_2001666102005001","HL2",44.26,-63.31,2001,8,15,227,0,0,0,14147.5266350768,29323.9642981592,2315.04981301257
"2001666006_2001666102006001","HL2",44.26,-63.31,2001,8,30,242,226.360736701307,339.54110505196,679.08221010392,4979.93620742875,13468.4638337278,1131.80368350653
"2001666007_2001666102007001","HL2",44.26,-63.31,2001,9,18,261,0,0,0,2897.41345486373,18289.9224338273,452.720852322458
"2001666008_2001666102008001","HL2",44.26,-63.31,2001,10,12,285,0,0,0,1471.35982730448,8884.74972641552,282.953812943169
"2001061045_2001061102013002","HL2",44.27,-63.31,2001,10,24,297,0,0,0,633.816845040836,11363.4305789464,181.090527154525
"2001061127_2001061102030002","HL2",44.26,-63.31,2001,10,29,302,0,0,45.272448946357,633.814285248998,5704.32856724099,135.817346839071
"2001061306_2001061102071001","HL2",44.27,-63.3,2001,11,7,311,0,0,0,452.721473402613,4255.58184998457,135.816442020784
"2001666009_2001666102009001","HL2",44.27,-63.32,2001,11,23,327,82.3127219622291,41.1563609811145,41.1563609811145,2181.28713199907,4897.60695675263,329.250887848916
"2001072078_2001072102078001","HL2",44.27,-63.32,2001,12,8,342,82.3128822404469,0,82.3128822404469,2551.69934945385,9877.54586885363,905.441704644916
"2002666001_2002666102001001","HL2",44.27,-63.32,2002,1,11,11,0,0,120.725560619322,1086.5300455739,5613.73856879848,3501.04125796034
"2002002094_2002002102094001","HL2",44.27,-63.32,2002,3,1,60,159.783354775309,106.522236516873,1011.96124691029,1970.66137556215,2822.83926769713,1597.83354775309
"2002666002_2002666102002001","HL2",44.27,-63.32,2002,3,13,72,0,55.2097525356414,33.1258515213849,386.46826774949,1015.8594466558,1004.81749614867
"2002666003_2002666102003001","HL2",44.29,-63.24,2002,3,18,77,0,26.6306938030375,79.8920814091126,798.920814091127,1438.05746536403,3941.34268284956
"2002003130_2002003102130001","HL2",44.26,-63.32,2002,3,19,78,102.227199150629,73.0194279647353,58.4155423717883,642.570966089671,700.986508461459,2614.09552113753
"2002666004_2002666102004001","HL2",44.3,-63.23,2002,3,29,88,1808.20458767846,267.882161137549,334.852701421936,334.852701421936,1004.55810426581,5424.61376303537
"2002666005_2002666102005001","HL2",44.27,-63.32,2002,4,12,102,82.3128822404469,123.46932336067,205.782205601117,205.782205601117,576.190175683128,1028.91102800559
"2002666006_2002666102006001","HL2",44.29,-63.24,2002,4,18,108,10005.7869535036,5412.96671255113,3444.61518071435,2460.43941479597,2296.41012047624,1476.26364887758
"2002666007_2002666102007001","HL2",44.27,-63.32,2002,5,22,142,1720.33923882534,1810.88340928983,1493.97881266411,1901.42757975432,1177.07421603839,407.448767090212
"2002666008_2002666102008001","HL2",44.27,-63.32,2002,6,5,156,268.278501210228,335.348126512785,570.091815071735,1743.81025786648,1274.32288074858,335.348126512785
"2002032004_2002032102002001","HL2",44.27,-63.31,2002,6,23,174,301.81144910124,980.887209579031,679.075760477791,1509.0572455062,5809.87039519888,905.434347303721
"2002037000_2002037102000001","HL2",44.27,-63.32,2002,7,2,183,452.719144360817,1056.34467017524,1207.25105162885,3319.94039197933,8677.11693358233,980.891479448437
"2002037125_2002037102125001","HL2",44.27,-63.31,2002,7,16,197,37.7270448306503,339.543403475852,905.449075935606,1999.53337602446,3433.16107958917,188.635224153251
"2002040100_2002040102100001","HL2",44.27,-63.32,2002,7,30,211,565.903744581379,226.361497832552,452.722995665103,3282.241718572,10186.2674024648,1358.16898699531
"2002666010_2002666102010001","HL2",44.27,-63.32,2002,8,28,240,1358.16255696737,2942.68554009598,2603.14490085413,5206.28980170827,11883.9223734645,2829.50532701536
"2002051204_2002051102204001","HL2",44.27,-63.32,2002,9,28,271,0,150.907264883879,301.814529767759,3772.68162209699,27012.4004142144,2263.60897325819
"2002054500_2002054102500001","HL2",44.27,-63.32,2002,10,3,276,0,0,75.45336620206,1886.3341550515,9129.85731044926,0
"2002064067_2002064102001003","HL2",44.27,-63.32,2002,10,18,291,0,0,0,537.601576367515,4187.63333170485,169.7689188529
"2002064118_2002064102007001","HL2",44.27,-63.32,2002,10,22,295,0,0,377.581120943953,1359.29203539823,12913.2743362832,755.162241887906
"2002064217_2002064102031001","HL2",44.26,-63.32,2002,10,31,304,0,0,301.732925586137,4827.72680937819,13653.4148827727,1131.49847094801
"2002666011_2002666102011003","HL2",44.27,-63.32,2002,11,21,325,0,0,123.46932336067,1563.94476256849,5597.27599235039,246.938646721341
"2002075215_2002075102215003","HL2",44.28,-63.32,2002,12,12,346,0,0,0,2469.38646721341,8066.6624595638,164.625764480894
"2003666001_2003666102001001","HL2",44.27,-63.32,2003,1,15,15,0,0,45.2720852322458,1403.43464219962,2625.78094347026,588.537108019195
"2003002000_2003002102000001","HL2",44.26,-63.31,2003,2,17,48,0,0,0,1724.65547823714,6424.34165643335,1121.02606085414
"2003003000_2003003102000001","HL2",44.27,-63.3,2003,3,4,63,43.1162993372016,0,0,1336.60527945325,2026.46606884847,2975.02465426691
"2003003112_2003003102112001","HL2",44.27,-63.31,2003,3,20,79,0,0,45.2719314025304,1312.88601067338,2444.68429573664,1041.2544222582
"2003005002_2003005102001001","HL2",44.27,-63.34,2003,4,12,102,4678.11847808637,754.535238401027,2112.69866752288,1961.79161984267,3018.14095360411,6187.18895488842
"2003005085_2003005102085001","HL2",44.27,-63.33,2003,4,18,108,3169.03519817713,2716.31588415183,1584.51759908857,1471.33777058224,2376.77639863285,1810.87725610122
"2003014001_2003014102001001","HL2",44.27,-63.32,2003,5,5,125,21428.8794032682,10261.7168973397,5432.67365153279,8149.01047729918,11770.7929116544,3621.78243435519
"2003010401_2003010102401001","HL2",44.27,-63.32,2003,5,16,136,19919.7860962567,25352.4550315994,5432.66893534273,14487.117160914,6338.11375789985,4527.22411278561
"2003021065_2003021102009001","HL2",44.27,-63.32,2003,5,29,149,3395.41547277937,4753.58166189112,3395.41547277937,8148.99713467049,5659.02578796562,2489.97134670487
"2003038009_2003038102002001","HL2",44.27,-63.32,2003,7,13,194,4074.4994257752,4979.94374261414,8601.72100996987,13355.3036733743,5206.30482182387,452.722158419467
"2003042078_2003042102078001","HL2",44.27,-63.32,2003,7,31,212,169.771123374414,339.542246748827,1131.80748916276,1641.120859286,3055.88022073945,509.313370123241
"2003666002_2003666102002001","HL2",44.25,-63.26,2003,8,13,225,452.71997079226,1267.61591821833,1358.15991237678,2716.31982475356,8058.41548010223,724.351953267616
"2003666003_2003666102003001","HL2",44.27,-63.32,2003,9,3,246,90.5441704644916,814.897534180424,905.441704644916,3350.13430718619,8330.06368273323,2806.86928439924
"2003666004_2003666102004001","HL2",44.27,-63.32,2003,9,16,259,113.180997828148,113.180997828148,679.08598696889,1358.17197393778,11657.6427762993,679.08598696889
"2003067005_2003067102001001","HL2",44.27,-63.31,2003,10,19,292,113.180213080614,226.360426161229,679.081278483687,3169.04596625721,12223.4630127064,905.441704644916
"2003067072_2003067102015001","HL2",44.28,-63.32,2003,10,24,297,113.1807010736,113.1807010736,1584.5298150304,3734.96313542879,9733.54029232958,792.264907515199
"2003067158_2003067102030001","HL2",44.27,-63.31,2003,10,31,304,0,301.815202862933,804.840540967821,4527.22804294399,12575.6334526222,1408.47094669369
"2003072081_2003072102001001","HL2",44.26,-63.31,2003,11,12,316,0,258.699423607196,646.748559017991,2198.94510066117,14228.4682983958,646.748559017991
"2003078088_2003078102017001","HL2",44.27,-63.32,2003,12,22,356,0,0,181.08904942222,2897.42479075552,13128.9560831109,1629.80144479998
"2004666001_2004666102001001","HL2",44.27,-63.32,2004,1,13,13,0,0,0,1235.50832163117,4103.65263970352,1191.38302443005
"2004666002_2004666102002001","HL2",44.26,-63.31,2004,2,10,41,0,0,43.1168173668977,1552.20542520832,4268.56491932287,1250.38770364003
"2004666003_2004666102003001","HL2",44.26,-63.31,2004,3,19,79,1046.75559457026,261.688898642566,261.688898642566,654.222246606414,305.303715082993,1700.97784117668
"2004005001_2004005102001001","HL2",44.26,-63.31,2004,4,6,97,5130.85844866986,2263.614021472,3018.15202862933,1810.8912171776,3018.15202862933,4376.32044151252
"2004009004_2004009102001001","HL2",44.26,-63.32,2004,4,18,109,15996.1918651758,15694.3769243234,16298.0068060282,11770.7826932426,4829.03905363798,3923.59423108086
"2004009077_2004009102016001","HL2",44.26,-63.31,2004,4,25,116,11857.1413805375,10779.2194368522,7545.45360579656,4670.99508930263,1437.22925824696,2874.45851649393
"2004009244_2004009102062001","HL2",44.26,-63.3,2004,5,8,129,17605.8109236511,11497.6724399354,2515.11584623588,1437.20905499193,1077.90679124395,2515.11584623588
"2004016004_2004016102002001","HL2",44.26,-63.31,2004,5,16,137,3259.63595770411,8511.27166733852,4346.18127693882,2535.27241154764,5251.63570963441,3259.63595770411
"2004019999_2004019102001001","HL2",44.26,-63.31,2004,6,10,162,1437.21204651314,1796.51505814142,3593.03011628284,10419.7873372202,17246.5445581577,2515.12108139799
"2004529000_2004529102000001","HL2",44.26,-63.32,2004,7,5,187,82.3137362333491,329.254944933397,1481.64725220028,3374.86318556732,8231.37362333491,905.451098566841
"2004530000_2004530102000001","HL2",44.27,-63.32,2004,7,18,200,150.907804763028,1509.07804763028,2716.3404857345,9959.91511435982,19618.0146191936,1056.35463334119
"2004530117_2004530102117001","HL2",44.27,-63.32,2004,7,30,212,0,0,0,3078.50820363114,38934.0743400409,2535.24205004917
"2004666005_2004666102005001","HL2",44.26,-63.31,2004,8,18,231,0,0,90.5441704644916,3802.85515950865,18380.4666042918,905.441704644916
"2004666006_2004666102006001","HL2",44.26,-63.31,2004,9,15,259,0,0,0,452.720852322458,9808.95180031992,528.174327709534
"2004055003_2004055102001001","HL2",44.26,-63.3,2004,10,19,293,0,0,41.1569271880275,370.412344692248,4321.47735474289,41.1569271880275
"2004055125_2004055102028001","HL2",44.26,-63.31,2004,10,29,303,0,0,370.410945924739,1440.48701192954,5926.57513479583,164.627087077662
"2004666007_2004666102007001","HL2",44.26,-63.31,2004,11,23,328,90.5441704644916,90.5441704644916,181.088340928983,3893.39932997314,7424.62197808831,362.176681857966
"2004666008_2004666102008001","HL2",44.26,-63.31,2004,12,16,351,0,0,0,493.879422866617,3909.87876436072,370.409567149963
"2005545000_2005545102000001","HL2",44.26,-63.32,2005,2,19,50,50.3025338104888,352.117736673422,704.235473346843,1408.47094669369,2766.63935957688,3470.87483292373
"2005545105_2005545102105001","HL2",44.27,-63.32,2005,3,4,63,127.330307878155,509.321231512619,763.981847268928,3692.57892846649,10695.745861765,9167.78216722714
"2005546046_2005546102046001","HL2",44.27,-63.31,2005,3,16,75,2263.60897325819,352.116951395719,402.419373023678,503.024216279598,1609.67749209471,1559.37507046675
"2005004007_2005004102002001","HL2",44.26,-63.31,2005,4,1,91,15296.8344944261,5802.24756685128,6329.72461838322,7384.67872144709,12131.9721852345,14241.8803913622
"2005004111_2005004102111001","HL2",44.26,-63.31,2005,4,10,100,7847.2082047733,5130.866903121,6941.76110422254,301.815700183588,1207.26280073435,4225.41980257024
"2005666001_2005666102001001","HL2",44.26,-63.31,2005,4,27,117,21730.600911478,12676.1838650288,10865.300455739,11770.7421603839,9959.85875109407,9054.41704644916
"2005666002_2005666102002001","HL2",44.27,-63.31,2005,5,31,151,9959.98481175337,16298.1569646873,12676.3443058679,14034.5240529252,4527.26582352426,452.726582352426
"2005016178_2005016102178001","HL2",44.26,-63.31,2005,6,6,157,1244.99894714677,3848.17856390819,6224.99473573384,5998.63129079806,1471.36239208254,452.726889871552
"2005021097_2005021102003001","HL2",44.26,-63.31,2005,6,17,168,1291.03081768806,1721.37442358408,4303.4360589602,4217.367337781,1291.03081768806,430.34360589602
"2005605000_2005605102000001","HL2",44.27,-63.31,2005,7,1,182,0,603.632103104862,3018.16051552431,5281.78090216754,9205.38957234915,452.724077328647
"2005633000_2005633102000001","HL2",44.27,-63.32,2005,7,13,194,328.85633119861,1205.80654772824,1260.61593626134,2959.70698078749,383.665719731712,383.665719731712
"2005633122_2005633102122001","HL2",44.27,-63.32,2005,7,27,208,82.3135597870822,0,411.567798935411,2798.6610327608,10289.1949733853,658.508478296658
"2005666003_2005666102003001","HL2",44.26,-63.31,2005,8,17,229,0,0,0,1056.36202548899,8677.25949508816,980.907595096922
"2005666004_2005666102004001","HL2",44.26,-63.31,2005,10,5,278,0,0,43.1168173668977,776.102712604158,1724.67269467591,237.142495517937
"2005055001_2005055102001001","HL2",44.25,-63.31,2005,10,17,290,0,41.1566185722181,0,493.879422866617,3374.84272292188,452.722804294399
"2005055091_2005055102091001","HL2",44.26,-63.31,2005,10,28,301,0,0,22.0842544559899,530.022106943758,375.432325751829,154.58978119193
"2006666001_2006666102001001","HL2",44.26,-63.31,2006,1,25,25,0,0,43.1162716497579,776.092889695642,2198.92985413765,1250.37187784298
"2006614000_2006614102000001","HL2",44.26,-63.31,2006,2,18,49,905.445608588798,370.409567149963,864.28899001658,946.602227161016,1317.01179431098,2634.02358862196
"2006614098_2006614102098001","HL2",44.27,-63.32,2006,3,3,62,0,56.5901527016445,28.2950763508222,537.606450665622,2489.96671887236,1527.9341229444
"2006615092_2006615102092001","HL2",44.26,-63.32,2006,3,15,74,339.544936764319,113.181645588106,113.181645588106,754.54430392071,1961.81519019384,2339.0873421542
"2006666002_2006666102002001","HL2",44.26,-63.31,2006,3,31,90,4300.85704919056,905.443589303277,452.721794651638,452.721794651638,1131.8044866291,1131.8044866291
"2006666003_2006666102003001","HL2",44.26,-63.31,2006,4,12,102,5432.66153581966,4074.49615186475,1810.88717860655,3169.05256256147,2263.60897325819,1810.88717860655
"2006008008_2006008102001001","HL2",44.26,-63.32,2006,4,21,111,4829.04700866356,6941.75507495386,10563.5403314515,6941.75507495386,9356.27857928564,7847.20138907828
"2006008179_2006008102179001","HL2",44.27,-63.32,2006,5,6,126,5432.71898822911,2942.72278529077,3169.08607646698,7922.71519116745,3848.17594999562,905.453164704851
"2006666005_2006666102005001","HL2",44.26,-63.31,2006,5,30,150,0,0,452.722804294399,7696.28767300479,30785.1506920191,10412.6244987712
"2006030000_2006030102000001","HL2",44.27,-63.32,2006,7,6,187,0,0,452.722063037249,2414.517669532,27917.8605539637,4829.03533906399
"2006036000_2006036102000001","HL2",44.27,-63.32,2006,7,20,201,679.090559644652,0,0,1131.81759940775,20146.353269458,4979.99743739411
"2006036102_2006036102102001","HL2",44.26,-63.32,2006,8,1,213,113.181144707238,0,0,905.449157657905,15732.1791143061,1471.3548811941
"2006666006_2006666102006001","HL2",44.26,-63.31,2006,8,25,237,905.442946805227,905.442946805227,1207.25726240697,3470.86462942004,16750.6945158967,4678.12189182701
"2006052008_2006052102001001","HL2",44.26,-63.32,2006,10,5,278,0,0,43.1166720562507,301.816704393755,2285.18361898129,517.400064675008
"2006052080_2006052102013001","HL2",44.26,-63.32,2006,10,13,286,43.116771496102,0,0,301.817400472714,2155.8385748051,129.350314488306
"2006059001_2006059102001001","HL2",44.29,-63.27,2006,11,12,316,0,0,0,1358.17830212721,17958.1353281265,0
"2006666007_2006666102007001","HL2",44.26,-63.31,2006,12,13,347,0,0,0,431.164575518475,4699.69387315138,646.746863277713
"2007666001_2007666102001001","HL2",44.26,-63.31,2007,1,15,15,0,0,0,294.272278529077,2444.7235447031,1041.27113941058
"2007685000_2007685102000001","HL2",44.26,-63.31,2007,2,20,51,37.7269003578666,75.4538007157332,150.907601431466,528.176605010132,2150.4333203984,1659.98361574613
"2007685094_2007685102094001","HL2",44.27,-63.32,2007,3,4,63,288.095687505588,535.034848224664,164.62610714605,288.095687505588,1193.53927680886,3415.99172328054
"2007686083_2007686102083001","HL2",44.27,-63.32,2007,3,18,77,905.441704644916,603.627803096611,754.534753870763,603.627803096611,1282.7090815803,2489.96468777352
"2007001007_2007001102001001","HL2",44.27,-63.32,2007,4,4,94,3848.13252392221,1131.80368350653,2716.32884041568,452.721473402613,1810.88589361045,2716.32884041568
"2007001037_2007001102009001","HL2",44.27,-63.32,2007,4,7,97,7092.63641664094,2565.42168261481,1358.16442020784,150.907157800871,905.442946805227,2414.51452481394
"2007001179_2007001102061001","HL2",44.27,-63.32,2007,4,22,112,6790.82579795197,4074.49547877118,2716.33031918079,1810.88687945386,1810.88687945386,3621.77375890772
"2007666002_2007666102002001","HL2",44.25,-63.31,2007,5,7,127,51610.5973283295,17656.2569807443,9054.49075935606,5885.41899358144,4979.96991764583,4074.52084171023
"18HU07011259_2007011102040001","HL2",44.26,-63.32,2007,5,27,147,3621.80880567257,38028.992459562,62476.2018978518,55232.5842865067,22636.3050354535,1810.90440283628
"2007666003_2007666102003001","HL2",44.26,-63.31,2007,6,20,171,3440.68319785986,5070.48050210927,9416.60664677436,12676.2012552732,4165.03755530404,1629.79730424941
"2007745000_2007745102000001","HL2",44.27,-63.32,2007,7,7,188,362.177650429799,1267.6217765043,2173.0659025788,9054.44126074499,14306.0171919771,1267.6217765043
"2007745078_2007745102078001","HL2",44.27,-63.32,2007,7,19,200,181.09063294097,1629.81569646873,2897.45012705552,5794.90025411105,10503.2567105763,2535.26886117358
"2007033003_2007033102001001","HL2",44.27,-63.31,2007,8,2,214,226.362528295316,226.362528295316,905.450113181264,6564.51332056417,11091.7638864705,1358.1751697719
"2007745191_2007745102191001","HL2",44.26,-63.32,2007,8,2,214,514.46147807849,1028.92295615698,2829.53812943169,7716.92217117735,15433.8443423547,771.692217117734
"2007033093_2007033102016001","HL2",44.26,-63.32,2007,8,9,221,0,301.817400472714,452.726100709071,5130.89580803614,12827.2395200903,452.726100709071
"2007666004_2007666102004001","HL2",44.26,-63.31,2007,8,29,241,113.18044866291,0,0,2150.42852459528,11657.5862122797,565.902243314548
"2007666005_2007666102005001","HL2",44.26,-63.31,2007,9,11,254,185.203985041005,0,41.1564411202235,123.46932336067,205.782205601117,20.5782205601117
"2007045009_2007045102001001","HL2",44.27,-63.31,2007,9,29,272,113.181398213736,0,0,679.088389282415,9507.2374499538,1471.35817677856
"2007045077_2007045102011001","HL2",44.26,-63.31,2007,10,11,284,104.474493298707,348.248310995692,69.6496621991383,731.321453090952,2472.56300806941,348.248310995692
"2007045193_2007045102034001","HL2",44.27,-63.32,2007,10,18,291,452.721187629324,1584.52415670263,905.442375258648,6564.4572206252,18561.5686928023,226.360593814662
"2007666006_2007666102006001","HL2",44.26,-63.31,2007,11,6,310,0,113.181264147658,0,2037.26275465784,12110.3952637994,792.268849033606
"2007666007_2007666102007001","HL2",44.26,-63.31,2007,12,11,345,0,41.1566185722181,123.469855716654,1852.04783574981,8025.54062158253,246.939711433309
"2008666001_2008666102001001","HL2",44.26,-63.31,2008,1,4,4,0,0,41.1564411202235,1646.25764480894,4197.95699426279,617.346616803352
"2008666002_2008666102002001","HL2",44.26,-63.31,2008,2,5,36,82.3128822404469,82.3128822404469,0,1687.41408592916,4362.58275874369,4362.58275874369
"2008775001_2008775102001001","HL2",44.27,-63.31,2008,3,3,63,339.542103220799,169.7710516104,169.7710516104,2150.4333203984,3621.78243435519,1188.3973612728
"2008805001_2008805102001001","HL2",44.27,-63.32,2008,3,19,79,1893.22153946285,658.511839813166,246.941939929937,246.941939929937,1481.65163957962,4115.69899883229
"2008775101_2008775102101001","HL2",44.27,-63.31,2008,3,22,82,3621.78243435519,452.722804294399,271.63368257664,181.08912171776,1086.53473030656,4617.77260380287
"2008004008_2008004102002001","HL2",44.27,-63.32,2008,4,15,106,2874.45007231511,718.612518078778,359.306259039389,359.306259039389,1437.22503615756,3593.06259039389
"2008004064_2008004102020001","HL2",44.27,-63.32,2008,4,19,110,14012.9619898406,6108.21420069975,5748.90748301153,2874.45374150576,3952.37389457043,5748.90748301153
"2008006002_2008006102001001","HL2",44.26,-63.31,2008,5,8,129,18108.4643755909,8601.52057840566,8148.80896901588,5885.25092206703,3621.69287511817,2263.55804694886
"2008009257_2008009102032001","HL2",44.26,-63.31,2008,6,3,155,10865.3378706855,13581.6723383568,15845.2843947496,7696.28099173554,4527.22411278561,2263.61205639281
"2008666003_2008666102003001","HL2",44.26,-63.31,2008,6,19,171,14034.5240529252,17203.6101293922,13129.0708882203,15392.7037999825,8601.80506469609,452.726582352426
"2008830001_2008830102001001","HL2",44.27,-63.31,2008,7,6,188,2112.69731083814,3923.58072012797,6639.90583406272,10261.6726526424,8752.60314490085,603.627803096611
"2008830098_2008830102098001","HL2",44.26,-63.31,2008,7,18,200,679.081714560925,1131.80285760154,4753.57200192647,26710.5474393964,25126.0234387542,1131.80285760154
"2008830179_2008830102179001","HL2",44.26,-63.31,2008,8,1,214,3923.59203963538,2414.51817823716,4225.40681191503,11167.1465743469,20221.5897427362,1509.07386139822
"2008037002_2008037102001002","HL2",44.26,-63.32,2008,9,28,272,679.086402426602,452.724268284401,1131.810670711,1924.07814020871,11544.4688412522,339.543201213301
"2008037038_2008037102002002","HL2",44.26,-63.31,2008,10,6,280,0,226.363519881551,226.363519881551,2942.72575846016,13129.0841531299,1018.63583946698
"2008037048_2008037102004001","HL2",44.26,-63.31,2008,10,7,281,301.817061903295,0,301.817061903295,1056.35971666153,18109.0237141977,301.817061903295
"2008037230_2008037102041001","HL2",44.27,-63.33,2008,10,20,294,0,452.721473402613,226.360736701307,1282.7108413074,6639.91494323833,905.442946805227
"2008666004_2008666102004001","HL2",44.26,-63.31,2008,11,13,318,0,0,53.2618942010672,1331.54735502668,7030.57003454087,479.357047809604
"2009666001_2009666102001001","HL2",44.27,-63.31,2009,1,27,27,0,0,0,5432.66475644699,1810.888252149,0
"2009841001_2009841102001001","HL2",44.26,-63.33,2009,2,11,42,0,0,86.2338446281704,862.338446281704,970.130752066917,732.987679339449
"2009841058_2009841102058001","HL2",44.26,-63.31,2009,2,21,52,205.782633932563,0,329.252214292101,4444.90489294336,2469.39160719075,535.034848224664
"2009666002_2009666102002001","HL2",44.26,-63.31,2009,3,17,76,41.1565267865126,0,0,1152.38275002235,2922.11340184239,2098.98286611214
"2009005010_2009005102002001","HL2",44.26,-63.33,2009,4,10,100,11318.044866291,6338.10512512294,4225.40341674862,5885.3833304713,4074.49615186474,4829.03247628414
"2009005106_2009005102027001","HL2",44.26,-63.33,2009,4,24,114,11770.7929116544,13581.684128832,7243.56486871039,12676.2385202432,22636.14021472,7243.56486871039
"2009005173_2009005102054001","HL2",44.26,-63.33,2009,4,29,119,226.362822440326,3848.16798148555,4300.8936263662,7696.3359629711,9959.96418737436,3395.4423366049
"2009666003_2009666102003001","HL2",44.26,-63.31,2009,6,4,155,1481.647394798,2387.09858050788,2222.47109219699,1728.58862726433,2634.03981297421,1070.07867402077
"2009666004_2009666102004001","HL2",44.26,-63.31,2009,6,16,167,2112.72281680279,4678.17195149188,3470.90177046172,9356.34390298377,6338.16845040836,1810.90527154525
"2009027001_2009027102001001","HL2",44.27,-63.32,2009,7,1,182,226.363050354535,226.363050354535,452.726100709071,2263.63050354535,23768.1202872262,905.452201418142
"2009027094_2009027102094001","HL2",44.27,-63.32,2009,7,13,194,1006.05568131252,1006.05568131252,1509.08352196877,2414.53363515004,4829.06727030007,1207.26681757502
"2009027215_2009027102215001","HL2",44.27,-63.32,2009,7,28,209,0,0,1810.90022636253,6564.51332056417,16524.4645655581,905.450113181264
"2009666005_2009666102005001","HL2",44.26,-63.31,2009,8,25,237,0,0,129.349084186182,776.094505117094,10347.9267348946,1552.18901023419
"2009048007_2009048102002001","HL2",44.27,-63.32,2009,9,27,270,0,0,339.545412260845,3169.09051443456,10639.0895841732,679.090824521691
"2009048232_2009048102058001","HL2",44.26,-63.32,2009,10,19,292,0,0,0,776.097514757799,3190.62311622651,86.233057195311
"2009666006_2009666102006001","HL2",44.26,-63.31,2009,11,9,313,0,0,0,329.252214292101,4321.43531258382,205.782633932563
"2010666001_2010666102001001","HL2",44.26,-63.31,2010,1,6,6,0,56.5903505367999,113.1807010736,792.264907515199,1273.282887078,679.084206441599
"2010666002_2010666102002001","HL2",44.26,-63.31,2010,2,16,47,0,0,0,90.5445608588798,135.81684128832,158.45298150304
"2010001069_2010001102069001","HL2",44.26,-63.31,2010,3,8,67,9959.85875109407,7243.53363715933,4527.20852322458,2716.32511393475,1810.88340928983,905.441704644916
"2010002066_2010002102066001","HL2",44.26,-63.31,2010,3,21,80,1961.79036006398,2716.32511393475,1659.97645851568,3018.13901548305,3319.95291703136,2565.41816316059
"2010006006_2010006102001001","HL2",44.27,-63.32,2010,4,10,100,87062.1455888862,29601.1295002213,12188.7003824441,8706.21455888862,6964.9716471109,3482.48582355545
"2010006203_2010006102068001","HL2",44.27,-63.32,2010,4,25,115,36217.6681857966,25352.3677300576,7243.53363715933,2716.32511393475,0,1810.88340928983
"2010666003_2010666102003001","HL2",44.26,-63.31,2010,5,11,131,2263.60426161229,5659.01065403072,4979.92937554704,4300.84809706335,679.081278483687,452.720852322458
"2010014288_2010014102031001","HL2",44.26,-63.31,2010,5,29,149,3018.14772279645,7545.36930699112,6639.92499015218,5734.48067331325,905.444316838934,603.629544559289
"2010666004_2010666102004001","HL2",44.26,-63.31,2010,6,23,174,20825.3752670373,5432.70659140104,37123.4950412405,25352.6307598715,9054.51098566841,0
"2010027001_2010027102001001","HL2",44.26,-63.31,2010,7,2,183,82.3128822404469,329.251528961788,4527.20852322458,8642.85263524692,8889.79128196826,823.128822404469
"2010027102_2010027102102001","HL2",44.26,-63.31,2010,7,19,200,0,0,452.723991312594,7847.21584941829,10412.6518001897,905.447982625187
"2010027195_2010027102195001","HL2",44.26,-63.32,2010,8,1,213,0,0,0,3621.77435721311,12827.1175151298,2565.42350302595
"2010666005_2010666102005001","HL2",44.26,-63.31,2010,8,31,243,0,0,0,1659.97645851568,21126.9731083814,2867.2320647089
"2010666006_2010666102006001","HL2",44.26,-63.31,2010,10,13,286,0,0,113.181645588106,1810.9063294097,10299.5297485177,1584.54303823349
"2010070002_2010070102002001","HL2",44.26,-63.34,2010,11,7,311,0,0,565.902190414227,3961.31533289959,8601.71329429625,339.541314248536
"2010666007_2010666102007001","HL2",44.26,-63.31,2010,11,22,326,0,75.4542654758238,75.4542654758238,1358.17677856483,9280.87465352633,452.725592854943
"2010049001_2010049102001002","HL2",44.27,-63.32,2010,12,16,350,0,0,0,781.974472518885,5350.35165407658,1070.07033081532
"2011666001_2011666102001001","HL2",44.26,-63.31,2011,1,17,17,0,0,41.1565267865126,288.095687505588,576.191375011176,535.034848224664
"2011002000_2011002102000001","HL2",44.26,-63.31,2011,2,5,36,185.28816326377,92.6440816318849,154.406802719808,185.28816326377,524.983129247348,1420.54258502224
"2011002005_2011002102005001","HL2",44.26,-63.32,2011,2,18,49,107.791747899617,0,0,194.025146219311,452.725341178393,625.192137817781
"2011002068_2011002102068001","HL2",44.26,-63.31,2011,3,7,66,0,0,0,237.139987674668,474.279975349335,366.48907186085
"2011666002_2011666102002001","HL2",44.26,-63.73,2011,3,31,90,987.754586885363,1481.63188032804,3045.57664289654,1893.19629153028,1399.3189980876,1646.25764480894
"2011004012_2011004102002001","HL2",44.27,-63.32,2011,4,8,98,3440.70729337031,1991.98843300386,3078.5275782787,6881.41458674062,5613.78558391998,3078.5275782787
"2011004188_2011004102067001","HL2",44.26,-63.32,2011,4,23,113,4527.26199068303,7696.34538416114,8149.07158322945,3621.80959254642,3169.08339347812,7696.34538416114
"2011009002_2011009102001001","HL2",44.26,-63.33,2011,5,6,126,2037.26516784724,3621.80474283954,8149.06067138897,4527.25592854943,5885.43270711426,4074.53033569449
"2011009379_2011009102053001","HL2",44.26,-63.32,2011,5,28,148,7696.27050907785,6790.82691977458,8148.99230372949,4979.93974116802,9054.43589303277,905.443589303277
"2011666003_2011666102003001","HL2",44.26,-63.31,2011,6,16,167,680.783236575125,2212.54551886916,2382.74132801294,5446.265892601,7658.81141147015,1531.76228229403
"2011025001_2011025102001001","HL2",44.26,-63.31,2011,7,5,186,2716.35033954379,2716.35033954379,12676.3015845377,11167.2180625689,12072.6681757502,905.450113181264
"2011025169_2011025102169001","HL2",44.26,-63.31,2011,7,23,204,0,0,246.715424683596,1603.65026044338,5057.66620601372,493.430849367192
"2011025281_2011025102281001","HL2",44.26,-63.31,2011,8,8,220,0,0,0,592.020388295725,3308.34922871141,278.597829786224
"2011666004_2011666102004001","HL2",44.26,-63.31,2011,8,31,243,1659.99746862556,829.99873431278,75.454430392071,0,5206.3556970529,1056.36202548899
"2011043007_2011043102001001","HL2",44.26995,-63.31996,2011,9,23,266,377.272680289828,0,377.272680289828,1509.09072115931,3923.63587501421,1961.81793750711
"2011043067_2011043102008001","HL2",44.26866,-63.32222,2011,9,30,273,0,0,61.6790979330998,1295.2610565951,5119.36512844728,678.470077264097
"2011043188_2011043102048001","HL2",44.26951,-63.3203,2011,10,14,287,0,0,90.5446502626486,2806.88415814211,7967.92922311308,724.357202101189
"2011666005_2011666102005001","HL2",44.26,-63.31,2011,11,7,311,69.6493618957628,1044.74042843644,1950.18213308136,1114.3897903322,3761.06554237119,626.844257061865
"2011666006_2011666102006001","HL2",43.26,-63.31,2011,11,22,326,0,0,0,194.024058983314,1293.49372655543,194.024058983314
"2011666007_2011666102007001","HL2",44.26,-63.31,2011,12,6,340,0,43.1164575518475,0,301.815202862933,2414.52162290346,301.815202862933
"2012666001_S2012666102001001","HL2",44.26833,-63.31833,2012,1,23,23,0,41.1569620320387,0,164.627848128155,987.767088768929,617.354430480581
"20120021_S2012002102001001","HL2",44.2695,-63.3217,2012,2,11,42,42.4694079484548,42.4694079484548,0,42.4694079484548,127.408223845365,339.755263587639
"201200247_S2012002102047001","HL2",44.2715,-63.3253,2012,2,19,50,43.1162716497579,86.2325432995158,172.465086599032,172.465086599032,603.62780309661,1077.90679124395
"201200290_S2012002102090001","HL2",44.2728,-63.3243,2012,3,5,65,150.906950774153,75.4534753870763,113.180213080614,0,377.267376935382,414.99411462892
"2012002148_S2012002102148001","HL2",44.2688,-63.3208,2012,3,18,78,784.155561825896,679.601486915776,1045.54074910119,1150.09482401131,1725.14223601697,1045.54074910119
"2012666002_S2012666102002001","HL2",44.26666,-63.31666,2012,3,29,89,1274.08981900307,1231.62015836964,764.453891401845,1061.7415158359,806.92355203528,679.514570134973
"2012666003_S2012666102003001","HL2",44.26833,-63.31999,2012,4,18,109,3055.90443087887,4640.44746911236,2489.99620293834,4979.99240587668,3282.26772205509,1810.9063294097
"2012666004_S2012666102004001","HL2",44.2675,-63.31945,2012,5,2,123,246.941208700047,246.941208700047,411.568681166746,2057.84340583373,3210.23571310062,1152.39230726689
"2012666005_S2012666102005001","HL2",44.26833,-63.31833,2012,5,15,136,135.952794082402,475.834779288407,1359.52794082402,4350.48941063687,3602.74904318366,339.881985206005
"18MF12001002_S2012001102001001","HL2",44.2684,-63.31497,2012,6,1,153,0,0,1810.87725610122,11167.0764126242,10412.544222582,2565.40944614339
"2012666006_S2012666102006001","HL2",44.26833,-63.31833,2012,6,18,170,64.675008084376,0,129.350016168752,3686.47546080943,3686.47546080943,646.75008084376
"20120221_S2012022102001001","HL2",44.2677,-63.3175,2012,7,4,186,169.55928652294,0,0,1102.13536239911,7545.38825027083,4069.42287655056
"2012022144_S2012022102144001","HL2",44.268,-63.3187,2012,7,21,203,565.901484536655,792.262078351317,2942.68771959061,3055.86801649794,9620.32523712314,1924.06504742463
"2012022238_S2012022102238001","HL2",44.2715,-63.3247,2012,8,5,218,0,66.970706656667,535.765653253336,2009.12119970001,4754.92017262336,937.589893193338
"2012666007_S2012666102007001","HL2",44.26833,-63.31833,2012,8,21,234,0,0,185.035770704002,1356.92898516268,2837.2151507947,986.857443754677
"6_S2012042102002001","HL2",44.26994,-63.32008,2012,9,25,269,0,0,399.222903938724,1277.51329260392,2594.94887560171,159.68916157549
"99_S2012042102029001","HL2",44.26993,-63.31965,2012,10,3,277,0,42.4688452412115,297.28191668848,976.783440547864,3355.03877405571,42.4688452412115
"218_S2012042102075001","HL2",44.27036,-63.31967,2012,10,15,289,0,84.9375453923199,169.87509078464,1571.34458975792,3694.78322456592,84.9375453923199
"2012666008_S2012666102008001","HL2",44.26833,-63.31833,2012,11,19,324,0,0,0,388.047252558547,905.443589303277,43.1163613953941
"2012666009_S2012666102009001","HL2",44.2675,-63.31766,2012,12,13,348,0,0,0,172.467269467591,1336.62133837383,172.467269467591
"001_S2013666102001001","HL2",44.2675,-63.3175,2013,1,9,9,0,0,0,127.407369321517,721.975092821931,764.444215929103
"002_S2013666102002001","HL2",44.2668,-63.3175,2013,1,29,29,0,0,0,339.753692046258,891.853441621426,552.099749575169
"003_S2013666102003001","HL2",44.268,-63.3192,2013,2,15,46,0,0,129.349372655543,431.164575518475,560.513948174018,1552.19247186651
"001_S2013002102001001","HL2",44.268,-63.324,2013,2,26,57,69.6495068694828,0,69.6495068694828,1462.63964425914,2019.835699215,4109.32090529949
"113_S2013002102113001","HL2",44.271,-63.321,2013,3,19,78,5885.41055349687,4979.96277603582,13128.9927731853,9959.92555207163,7243.58221968846,8149.02999714952
"009_S2013004102001001","HL2",44.2669,-63.3172,2013,4,5,95,0,0,38933.6720569316,103219.502662563,47988.0143957529,9054.34233882131
"067_S2013004102015001","HL2",44.2668,-63.3186,2013,4,12,102,1531.77095060216,2723.14835662606,3574.13221807171,8169.44506987818,4254.91930722822,4254.91930722822
"233_S2013004102084001","HL2",44.2668,-63.3169,2013,4,26,116,3545.40114093835,1909.06215281296,4636.29379968862,3272.67797625079,2727.23164687566,2181.78531750053
"003_S2013008102001002","HL2",44.26746,-63.3148,2013,5,7,127,18108.7509226605,8601.65668826376,6338.06282293119,5885.34404986468,4979.90650373165,905.437546133027
"004_S2013666102004001","HL2",44.2675,-63.3175,2013,5,21,141,1802.87065084165,1802.87065084165,1802.87065084165,6610.5257197527,8613.71533179898,1001.59480602314
"246_S2013008102036001","HL2",44.2666,-63.3154,2013,5,28,148,0,905.445991330206,3018.15330443402,5734.49127842464,10865.3518959625,1810.89198266041
"006_S2013013102006001","HL2",44.2675,-63.3175,2013,6,4,155,0,2037.22702623479,3169.01981858746,9054.34233882131,9733.4180142329,2489.94414317586
"336_S2013013102336001","HL2",44.2675,-63.3175,2013,6,16,167,41.1565598563152,123.469679568946,41.1565598563152,905.444316838934,1852.04519353418,123.469679568946
"001_S2013022102001001","HL2",44.273,-63.323,2013,6,27,178,0,64.674037276777,64.674037276777,1875.54708102653,5109.24894486538,905.436521874878
"097_S2013022102097001","HL2",44.273,-63.322,2013,7,13,194,0,41.1564411202235,0,781.972381284245,3251.35884849765,1070.06746912581
"176_S2013022102176001","HL2",44.273,-63.319,2013,7,23,204,0,150.907601431466,829.991807873065,829.991807873065,3546.32863363946,1961.79881860906
"005_S2013666102005001","HL2",44.2675,-63.3175,2013,8,21,233,1441.25615211874,1102.13705750257,1017.35728384853,1695.59547308088,1949.93479404301,1526.03592577279
"015_S2013037102002001","HL2",44.2608,-63.3113,2013,9,22,265,0,177.306060079353,236.408080105803,1832.16262081998,4255.34544190446,768.326260343861
"247_S2013037102083001","HL2",44.2606,-63.3096,2013,10,9,282,452.722158419467,1018.6248564438,4527.22158419467,9054.44316838934,8375.35993076014,339.5416188146
"006_S2013666102006001","HL2",44.2675,-63.3175,2013,10,23,296,371.084265815081,618.473776358469,1236.94755271694,4576.70594505267,6926.90629521485,0
"007_S2013666102007001","HL2",44.2675,-63.3175,2013,11,22,326,169.558371656351,339.116743312703,763.012672453581,1441.24615907899,6104.10137962865,254.337557484527
"008_S2013666102008001","HL2",44.2678,-63.3178,2013,12,5,339,226.35998539613,452.71997079226,1018.61993428258,2829.49981745162,16976.9989047097,1131.79992698065
"001_S2014666102001001","HL2",44.2675,-63.3175,2014,1,10,10,0,0,67.9765752721612,1155.60177962674,5030.26657013993,1427.50808071539
"002_S2014666102002001","HL2",44.2675,-63.31816,2014,2,3,34,0,0,0,543.26537164874,1856.15668646653,1358.16342912185
"001_S2014002102001001","HL2",44.27066,-63.319,2014,2,18,49,0,0,0,603.624649941234,3501.02296965916,663.987114935357
"076_S2014002102076001","HL2",44.26083,-63.32866,2014,3,3,62,90.5435424458004,181.087084891601,45.2717712229002,769.620110789303,1946.68616258471,1222.33782301831
"055_S2014101102055001","HL2",44.25444,-63.32524,2014,3,22,81,1152.38532002211,823.132371444362,740.819134299926,576.192660011053,1646.26474288872,2716.33682576639
"008_395264","HL2",44.26656,-63.31752,2014,4,5,95,2715.32846715328,0,0,0,5430.65693430657,1206.81265206813
"104_395749","HL2",44.26801,-63.31831,2014,4,13,103,9599.15611814346,8227.84810126582,1371.30801687764,1371.30801687764,3428.27004219409,2742.61603375527
"223_396880","HL2",44.26611,-63.31764,2014,4,23,113,2941.45569620253,4525.3164556962,4525.3164556962,5656.64556962025,8371.83544303797,4072.78481012658
"002_400001","HL2",44.26815,-63.32037,2014,5,2,122,25448.5179407176,62207.488299532,104621.684867395,76345.5538221529,25448.5179407176,14138.0655226209
"003_S2014666102003001","HL2",44.2675,-63.3175,2014,5,7,127,7243.51953267616,6790.7995618839,4979.91967871486,7243.51953267616,4979.91967871486,4979.91967871486
"218_401465","HL2",44.26599,-63.31706,2014,5,24,144,2715.89085072231,2942.2150882825,4526.48475120385,7016.05136436597,4073.83627608347,2036.91813804173
"004_S2014666102004001","HL2",44.2675,-63.3175,2014,6,17,168,1531.7600657561,2382.73788006505,3233.715694374,4935.67132299189,6978.01807733336,1872.15119147968
"001_S2014018102001001","HL2",44.2604,-63.3319,2014,6,28,179,362.176914432493,1448.70765772997,5070.4768020549,6881.36137421737,8692.24594637984,1086.53074329748
"062_S2014018102062001","HL2",44.25882,-63.3226,2014,7,22,203,271.091614170721,135.54580708536,542.183228341441,3524.19098421937,6641.74454718265,6506.19874009729
"142_S2014018102142001","HL2",44.2534,-63.3281,2014,8,3,215,905.443589303277,1275.85233038189,411.565267865126,164.62610714605,1399.32191074143,370.408741078613
"005_S2014666102005001","HL2",44.2675,-63.3175,2014,9,2,245,1358.16538395492,3018.14529767759,603.629059535518,2565.42350302595,11770.7666609426,2867.23803279371
"009_404013","HL2",44.26654,-63.31663,2014,9,20,263,370.804059328649,1977.6216497528,1606.81759042415,2719.2297684101,6550.87171480614,1730.4189435337
"086_405347","HL2",44.26794,-63.31569,2014,9,28,271,2056.4458941994,11653.1934004633,9596.74750626389,15766.0851888621,37701.5080603224,11653.1934004633
"185_404952","HL2",44.26664,-63.31629,2014,10,8,281,0,0,135.885167464115,724.720893141946,3985.9649122807,317.065390749601
"006_S2014666102006001","HL2",44.2675,-63.3175,2014,11,6,310,0,0,0,41.1565828435055,1193.54090246166,41.1565828435055
"007_S2014666102007001","HL2",44.2675,-63.3175,2014,12,5,339,0,169.769989047097,792.259948886455,2263.5998539613,3961.29974443227,226.35998539613
"008_S2014666102008001","HL2",44.2675,-63.3175,2014,12,16,350,98.847011795918,395.388047183672,197.694023591836,3360.79840106121,8006.60795546936,988.47011795918
"001_352916","HL2",44.2675,-63.3175,2015,1,30,30,0,0,309.627757352941,1592.37132352941,928.883272058824,1326.97610294118
"002_352926","HL2",44.2675,-63.3175,2015,2,18,49,43.0904350212707,215.452175106354,646.356525319061,904.899135446686,1120.35131055304,646.356525319061
"002_403540","HL2",44.25728,-63.32673,2015,3,5,64,226.209048361934,622.07488299532,848.283931357254,1753.12012480499,1300.70202808112,1470.35881435257
"038_403608","HL2",44.25637,-63.32362,2015,3,27,86,4794.83037156704,90.4684975767367,452.342487883683,633.279483037157,271.40549273021,1718.901453958
"003_352936","HL2",44.2675,-63.3175,2015,4,13,103,1358.85167464115,603.934077618288,0,0,1056.884635832,905.901116427432
"004_406251","HL2",44.2668,-63.31603,2015,4,18,108,583.19814362281,97.1996906038017,0,0,485.998453019009,777.597524830414
"072_406590","HL2",44.26656,-63.31646,2015,4,22,112,4055.19571951563,0,0,675.865953252605,675.865953252605,1351.73190650521
"138_406917","HL2",44.2664,-63.31672,2015,4,27,117,4053.5684339139,0,0,0,337.797369492825,0
"003_407755","HL2",44.26665,-63.31691,2015,5,4,124,2262.44343891403,1357.46606334842,1357.46606334842,452.488687782805,904.977375565611,1357.46606334842
"004_404513","HL2",44.2675,-63.3175,2015,5,19,139,4075.94936708861,2264.41631504923,24002.8129395218,19926.8635724332,4981.7158931083,4075.94936708861
"005_306460","HL2",44.2675,-63.3175,2015,6,5,156,2701.57591928625,4727.75785875094,7091.63678812641,8442.42474776953,2026.18193946469,675.393979821562
"003_403618","HL2",44.26266,-63.3379,2015,6,25,176,362.079510703364,724.159021406728,543.119266055046,3801.83486238532,4163.91437308868,543.119266055046
"051_403788","HL2",44.25624,-63.33499,2015,7,6,187,875.080709483839,1750.16141896768,2236.31736868092,1944.62379885298,2041.85498879562,97.2311899426488
"139_402074","HL2",44.26373,-63.32536,2015,8,4,216,123.417214297163,0,370.251642891489,2715.17871453759,3825.93364321205,617.086071485815
"259_402493","HL2",44.26317,-63.31945,2015,8,17,229,113.219895287958,113.219895287958,1245.41884816754,2264.39790575916,7359.29319371728,1698.29842931937
"006_306470","HL2",44.2675,-63.3175,2015,9,10,253,0,43.0802369413032,129.24071082391,301.561658589122,1550.88852988691,387.722132471729
"003_429501","HL2",44.26723,-63.31689,2015,9,20,263,0,42.4957431985129,169.982972794052,977.402093565797,2294.7701327197,1147.38506635985
"167_430314","HL2",44.26728,-63.31511,2015,10,4,277,0,42.4623335009742,0,1188.94533802728,2972.3633450682,467.085668510716
"284_430921","HL2",44.26988,-63.31879,2015,10,11,284,0,0,43.7609949499812,525.131939399774,1356.59084344942,218.804974749906
"007_306480","HL2",44.2675,-63.3175,2015,10,28,301,0,0,43.1004518595759,172.401807438304,862.009037191519,43.1004518595759
"008_306490","HL2",44.26816,-63.325,2015,11,19,323,0,0,271.448275862069,678.620689655172,3709.79310344828,90.4827586206897
"009_352946","HL2",44.26716,-63.31816,2015,12,8,342,0,90.4977375565611,135.746606334842,497.737556561086,1357.46606334842,271.493212669683
"010_352956","HL2",44.2675,-63.3175,2015,12,17,351,0,45.2488687782805,0,135.746606334842,1583.71040723982,452.488687782805
"001_352966","HL2",44.2675,-63.3175,2016,1,8,8,0,0,0,169.814163048986,594.349570671451,636.803111433697
"002_352976","HL2",44.2675,-63.3175,2016,2,2,33,0,0,96.8980656275047,242.245164068762,1308.12388597131,1356.57291878507
"003_429094","HL2",44.27025,-63.31818,2016,2,23,54,135.725429017161,45.2418096723869,45.2418096723869,271.450858034321,542.901716068643,814.352574102964
"006_429229","HL2",44.27,-63.32605,2016,3,11,71,362.093352192362,181.046676096181,859.97171145686,452.616690240453,950.49504950495,1810.46676096181
"085_429490","HL2",44.27353,-63.32001,2016,3,25,85,3169.46959896507,2716.68822768435,10866.7529107374,20375.1617076326,17658.4734799483,10413.9715394567
"007_431018","HL2",44.26446,-63.31645,2016,4,10,101,3397.12918660287,1811.80223285486,1472.08931419458,1132.37639553429,226.475279106858,0
"128_431710","HL2",44.2668,-63.31717,2016,4,25,116,11316.2118780096,11768.86035313,4979.13322632424,3621.18780096308,452.648475120385,0
"003_352986","HL2",44.2675,-63.3175,2016,5,13,134,272.623340075631,3816.72676105883,14176.4136839328,11722.8036232521,3544.1034209832,1090.49336030252
"301_434270","HL2",44.26612,-63.31669,2016,5,24,145,0,675.59473898565,3377.97369492825,15538.6789966699,7431.54212884214,675.59473898565
"004_306861","HL2",44.2675,-63.3175,2016,6,16,168,0,0,1923.25949367089,5543.51265822785,5090.98101265823,1018.19620253165
"002_412001","HL2",44.27596,-63.31308,2016,6,28,180,150.837988826816,452.513966480447,452.513966480447,5279.32960893855,11162.0111731844,1810.05586592179
"103_412336","HL2",44.27061,-63.3333,2016,7,16,198,514.337148000514,257.168574000257,1285.84287000129,4886.20290600489,16973.125884017,2571.68574000257
"196_413897","HL2",44.2553,-63.32388,2016,8,3,216,0,452.342487883683,226.171243941842,2035.54119547658,21260.0969305331,2261.71243941842
"299_436255","HL2",44.26452,-63.32688,2016,8,15,228,64.6412411118293,0,258.564964447317,193.923723335488,2391.72592113769,387.847446670976
"008_438017","HL2",44.26761,-63.31487,2016,9,16,260,0,50.2602764315204,201.041105726081,201.041105726081,4221.86322024771,402.082211452163
"277_439488","HL2",44.26612,-63.31667,2016,10,6,280,0,153.535553186833,307.071106373667,921.213319121,3531.31772329717,255.892588644722
"005_297224","HL2",44.2675,-63.3175,2016,11,3,308,0,61.6469601883931,246.587840753572,1417.88008433304,5856.46121789734,246.587840753572
"006_297234","HL2",44.2675,-63.3175,2016,11,25,330,1358.22222222222,1018.66666666667,4414.22222222222,6338.37037037037,5659.25925925926,792.296296296296
"007_297244","HL2",44.2675,-63.3175,2016,12,20,355,0,0,247.2027062191,3090.03382773875,8775.69607077804,618.006765547749
"001_297254","HL2",44.2675,-63.31733,2017,1,16,16,43.7642413145917,43.7642413145917,131.292723943775,1137.87027417938,1969.39085915663,1137.87027417938
"002_297264","HL2",44.2667,-63.3167,2017,1,31,31,86.2214708368555,86.2214708368555,431.107354184277,1293.32206255283,1724.42941673711,905.325443786982
"010_436857","HL2",44.2861,-63.32041,2017,3,9,68,452.616690240453,0,0,0,0,3620.93352192362
"003_297274","HL2",44.2675,-63.3175,2017,4,10,100,618.244186510311,1607.43488492681,2472.97674604124,3709.46511906186,2349.32790873918,865.541861114435
"070_440618","HL2",44.26615,-63.31809,2017,4,23,113,13574.6606334842,8597.2850678733,6787.33031674208,3619.90950226244,2714.93212669683,3167.42081447964
"171_441136","HL2",44.26285,-63.32245,2017,5,3,123,5742.7360240219,5742.7360240219,4391.50401836969,8107.39203391327,11823.2800494569,3715.88801554358
"004_297284","HL2",44.2675,-63.3175,2017,5,23,143,452.449567723343,678.674351585014,1131.12391930836,8144.09221902017,8596.54178674352,2036.02305475504
"005_398737","HL2",44.2667,-63.3167,2017,6,8,159,452.413793103448,2488.27586206897,7917.24137931035,8822.06896551724,4071.72413793103,226.206896551724
"002_436987","HL2",44.2668,-63.33198,2017,6,28,179,0,0,603.703703703704,7395.37037037037,7244.44444444444,1358.33333333333
"127_437408","HL2",44.28157,-63.32371,2017,7,19,200,0,754.361150400754,452.616690240453,4224.42244224422,11466.2894860915,1357.85007072136
"198_437635","HL2",44.27505,-63.31526,2017,7,29,210,0,205.676676264912,1439.73673385438,5758.94693541752,12134.9238996298,822.706705059646
"006_434991","HL2",44.2667,-63.3167,2017,8,29,241,82.2939436800823,493.763662080494,411.469718400411,493.763662080494,6336.63366336634,658.351549440658
"007_441720","HL2",44.2667,-63.3167,2017,10,3,276,0,43.7673834163972,0,306.371683914781,3939.06450747575,306.371683914781
"005_444614","HL2",44.26252,-63.30863,2017,11,25,329,0,0,0,0,10531.6455696203,164.556962025316
"175_445541","HL2",44.27648,-63.31997,2017,12,16,350,0,0,0,388.007054673721,11898.8830099941,388.007054673721
"001_441730","HL2",44.27,-63.32,2018,2,7,38,0,42.4740725322142,42.4740725322142,424.740725322142,849.481450644284,807.00737811207
"002_441740","HL2",44.2667,-63.3167,2018,2,23,54,41.1413404114134,0,82.2826808228268,123.42402123424,617.120106171201,658.261446582614
"003_358463","HL2",44.2667,-63.3167,2018,3,20,79,12872.5230145108,9751.91137462943,12482.4465595257,4290.84100483695,5070.9939148073,1950.38227492589
"004_358473","HL2",44.27,-63.32166,2018,4,3,93,3393.85474860335,7240.22346368715,7466.48044692737,4525.13966480447,2941.3407821229,2488.82681564246
"077_446015","HL2",44.26563,-63.31755,2018,4,13,103,6761.49454071922,8789.94290293499,8113.79344886307,10142.2418110788,3380.74727035961,2704.59781628769
"005_358483","HL2",44.27,-63.32,2018,5,1,121,14965.5518547246,14235.524934982,9125.33649678332,9855.36341652598,5840.21535794132,1095.040379614
"006_446751","HL2",44.2667,-63.3167,2018,5,18,138,3857.52861000386,2828.85431400283,6429.21435000643,11058.2486820111,8229.39436800823,514.337148000514
"265_438552","HL2",44.26558,-63.31048,2018,5,21,141,545.359608578777,4635.55667291961,5998.95569436655,10907.1921715755,4090.19706434083,545.359608578777
"007_446761","HL2",44.2667,-63.3167,2018,6,7,158,2181.79307487831,4909.0344184762,6818.10335899472,9545.34470259261,3818.13788103704,818.172403079366
"008_446771","HL2",44.2667,-63.3167,2018,6,28,179,0,364.94819413566,2554.63735894962,10583.4976299341,12773.1867947481,729.89638827132
"002_441751","HL2",44.27384,-63.3249,2018,7,14,195,181.015452538631,362.030905077263,1991.16997792494,4887.41721854305,11947.0198675497,2353.20088300221
"100_442098","HL2",44.26058,-63.32037,2018,7,28,209,0,61.6469601883931,308.234800941966,1541.17400470983,5424.93249657859,986.35136301429
"009_446781","HL2",44.2667,-63.3167,2018,8,28,240,308.186714389557,0,0,246.549371511645,5362.44883037828,246.549371511645
"006_448601","HL2",44.26638,-63.3173,2018,9,15,258,0,0,42.4558194129234,254.734916477541,3184.18645596926,254.734916477541
"097_449366","HL2",44.26605,-63.31642,2018,9,23,266,0,226.415094339623,377.358490566038,1962.2641509434,5358.49056603774,226.415094339623
"255_450347","HL2",44.26722,-63.31787,2018,10,5,278,0,90.5901116427432,90.5901116427432,1494.73684210526,2808.29346092504,317.065390749601
"010_446791","HL2",44.2667,-63.3167,2018,10,30,303,0,0,42.4648121125086,424.648121125086,509.577745350103,42.4648121125086
"011_446801","HL2",44.2667,-63.3167,2018,11,19,323,0,150.872230080151,1056.10561056106,4752.47524752475,5959.45308816596,75.4361150400754
"012_446811","HL2",44.2667,-63.3167,2018,12,6,340,0,0,56.5770862800566,2206.50636492221,2715.70014144272,452.616690240453
"013_446821","HL2",44.2667,-63.3167,2018,12,21,355,0,0,0,946.380352320946,1398.9970425614,205.734859200206
"001_446831","HL2",44.2667,-63.3167,2019,1,14,14,0,0,42.4897914137512,892.285619688776,1784.57123937755,892.285619688776
"002_446841","HL2",44.2667,-63.3167,2019,2,5,36,0,0,0,1110.65405183052,1316.33072809543,658.165364047717
"005_442476","HL2",44.25823,-63.31344,2019,2,18,49,0,43.1392069022731,86.2784138045462,690.22731043637,992.201758752281,603.948896631823
"021_442652","HL2",44.2728,-63.32623,2019,3,9,68,495.425570565115,165.141856855038,0,495.425570565115,495.425570565115,1486.27671169535
"096_442899","HL2",44.26827,-63.32928,2019,3,22,81,1563.63636363636,1069.85645933014,2222.00956937799,1399.04306220096,1316.74641148325,3291.86602870813
"085_473483","HL2",44.26595,-63.31679,2019,4,15,105,1908.81870677978,1636.13032009696,2726.88386682826,1363.44193341413,2454.19548014543,4363.01418692522
"155_473972","HL2",44.26627,-63.31616,2019,4,25,115,17522.4279442642,8761.21397213209,5110.70815041038,3285.45523954953,2555.35407520519,2190.30349303302
"003_446851","HL2",44.2667,-63.3167,2019,5,10,130,11815.8567774936,7877.2378516624,7877.2378516624,11323.5294117647,3446.2915601023,984.6547314578
"004_446861","HL2",44.2667,-63.3167,2019,5,28,148,850.409956247874,850.409956247874,1700.81991249575,3911.88579874022,3061.47584249235,170.081991249575
"007_476267","HL2",44.26533,-63.30095,2019,6,7,158,2025.75267189792,6752.5089063264,6414.88346101008,5402.00712506112,4389.13078911216,675.25089063264
"005_446871","HL2",44.2667,-63.3167,2019,6,19,170,0,452.599388379205,2262.99694189602,8146.78899082569,8825.68807339449,905.19877675841
"006_442909","HL2",44.26685,-63.3214,2019,6,27,178,323.488045007032,323.488045007032,2587.90436005626,15527.4261603376,16497.8902953586,1293.95218002813
"118_451816","HL2",44.26137,-63.31239,2019,7,16,197,1508.95140664962,1207.16112531969,905.37084398977,15089.5140664962,22936.0613810742,905.37084398977
"191_452060","HL2",44.26873,-63.32848,2019,7,26,207,983.671060397403,983.671060397403,4721.62108990753,4328.15266574857,8656.30533149715,983.671060397403
"280_452362","HL2",44.27078,-63.32782,2019,8,10,222,729.820464165815,4378.92278499489,3284.19208874617,5473.65348124361,7663.11487374106,364.910232082908
"007_446881","HL2",44.2667,-63.3167,2019,10,21,294,0,0,1934.50810734761,5029.72107910379,11413.5978333509,0
"008_446891","HL2",44.2667,-63.3167,2019,11,22,326,0,0,0,905.982905982906,2566.95156695157,150.997150997151
"009_446901","HL2",44.2667,-63.3167,2019,12,17,351,0,0,0,1584.15841584158,10183.8755304102,452.616690240453
